id,model,variant,y_true,y_pred,factors
4525,gpt,zero_shot_closed_book,2,2,"음주 전과(동종 1회), 혈중알코올농도 0.252%(매우 높음), 운전거리 약 6km, 2020년 사건, 승용차 운전"
4531,gpt,zero_shot_closed_book,2,1,"혈중알코올농도 0.211% (고도취중), 운전거리 약 30m (매우 단거리), 2021년 범행(윤창호법 적용기), 차종(아우디·가중요소 아님), 음주 전과 기재 없음"
4573,gpt,zero_shot_closed_book,2,1,"음주 전과(재범·2008 징역 전력), 혈중알코올농도 0.136%, 운전거리 약 3.6km, 범행연도 2021, 차종(모닝)"
4575,gpt,zero_shot_closed_book,3,1,"음주 전과(재범), 혈중알코올농도 0.106%(측정거부 아님, 중간 수준), 운전거리 약 2km(짧음), 차종 승합차(카니발), 범행연도 2020(윤창호법 시행 이후)"
4607,gpt,zero_shot_closed_book,2,0,"초범 추정, 혈중알코올농도 0.117%(면허정지~취소 경계이지만 0.2% 미만), 사고·무면허·도주 없음, 운전거리 5km로 비교적 단거리, 2021년 단순 음주운전, 승용차(SM5)"
4635,gpt,zero_shot_closed_book,2,1,"음주 전과(재범), 혈중알코올농도 0.133%, 운전거리 1.7km, 차종(지프 랭글러), 범행연도 2021년"
4654,gpt,zero_shot_closed_book,2,1,"음주 전과 1회(동종), 혈중알코올농도 0.130%, 운전거리 약 3.8km, 범행연도 2020, 차종 승용차 (르노 SM3)"
4674,gpt,zero_shot_closed_book,2,2,"음주 전과 2회(동종 재범), 혈중알코올농도 0.103%, 긴 운전거리(약 20km), 2021년 범행, 차종 SUV(모하비)"
4678,gpt,zero_shot_closed_book,2,2,"음주 전과 다수(3회), 혈중알코올농도 0.188%(고도취), 운전거리 약 3km, 2021년 범행(윤창호법 시행기), 승용차 운전"
4682,gpt,zero_shot_closed_book,2,2,"음주 전과 2회(재범·상습), 혈중알코올농도 0.234%(매우 높음), 운전거리 짧음(약 5m), 범행연도 2021년(상향기조), 차종 승용차(그랜저)"
4691,gpt,zero_shot_closed_book,2,1,"재범(음주 전과 1회), 혈중알코올농도 0.133%, 운전거리 약 5km, 범행연도 2020년, 차종 승용차 (아이오닉)"
4700,gpt,zero_shot_closed_book,2,1,"혈중알코올농도 매우 높음(0.255%), 운전거리 단거리(약 1.5km), 음주 전과 언급 없음, 2021년 범행, 승용차 운전"
4712,gpt,zero_shot_closed_book,2,2,"음주 전과(재범), 혈중알코올농도 0.160%, 운전거리 약 9km, 집행유예 기간 중 범행, 범행연도 2021, 차종 승합차(카니발)"
4719,gpt,zero_shot_closed_book,2,1,"음주 전과(1회, 2007년, 장기 경과), 혈중알코올농도 0.125%(면허정지 구간 상단), 운전거리 약 200m(단거리), 범행연도 2019년, 차종 승용차(SM5)"
4744,gpt,zero_shot_closed_book,2,1,"음주 전과(2회), 혈중알코올농도(0.062%), 원동기장치자전거, 운전거리(약 500m), 범행연도(2020년)"
4752,gpt,zero_shot_closed_book,2,1,"재범(음주 전과 1회), 혈중알코올농도 0.124%, 운전거리 약 8km, 범행연도 2019, 승용차 추정"
4777,gpt,zero_shot_closed_book,2,1,"음주 전과(2회 벌금 전력), 혈중알코올농도 0.114%, 운전거리 약 3km, 차종(스타렉스 승합), 범행연도 2021"
4781,gpt,zero_shot_closed_book,1,1,"혈중알코올농도 0.145%, 운전거리 약 1km, 2021년 범행, 승용차(쏘나타), 음주 전과 불명"
4818,gpt,zero_shot_closed_book,3,1,"음주 전과(재범), 혈중알코올농도 0.173%, 운전거리 약 3km, 범행연도 2021년, 차종 SUV(베라크루즈)"
4844,gpt,zero_shot_closed_book,2,1,"음주 전과(1회), 혈중알코올농도 0.112%, 운전거리 약 16km, 2020년 범행, 승용차 운전"
4845,gpt,zero_shot_closed_book,1,1,"혈중알코올농도 0.107%(면허정지 수치 상회), 운전거리 약 2km(단거리), 2021년 범행, 차종(지프 체로키), 음주 전과 불명(가중 사유 확인 불가)"
4848,gpt,zero_shot_closed_book,2,1,"재범(과거 음주전과 1회), 혈중알코올농도 0.189%로 매우 높음, 운전거리 매우 짧음(약 10m), 2021년 범행, 경차(마티즈)"
4857,gpt,zero_shot_closed_book,3,1,"다수 음주 전과(3회 벌금형), 혈중알코올농도 0.142%, 운전거리 약 3km, 2021년 범행, 차종 소형(모닝)"
4867,gpt,zero_shot_closed_book,0,0,"혈중알코올농도 0.048%(면허정지 수치의 하한), 운전거리 약 10km, 2020년 범행, 차종(모닝), 음주 전과 기재 없음"
4889,gpt,zero_shot_closed_book,3,1,"음주 전과(재범), 혈중알코올농도 0.165%, 운전거리 약 4km, 범행연도 2021년, 차종 승용차 (K5)"
4987,gpt,zero_shot_closed_book,2,1,"음주 전과 2회(음주운전·측정거부), 혈중알코올농도 0.093%, 운전거리 약 3km, 2021년 범행, 승용 SUV(쏘렌토)"
4996,gpt,zero_shot_closed_book,2,2,"다수 음주운전 전과 및 집행유예 전력, 혈중알코올농도 0.114%, 운전거리 약 1km, 범행연도 2021년, 승용차(SM5) 운전"
5006,gpt,zero_shot_closed_book,2,2,"음주 전과 다수(3회), 최근 전과와의 기간, 혈중알코올농도 0.171%(고도취), 운전거리 약 8km, 차량 종류(SUV), 범행연도 2021"
5008,gpt,zero_shot_closed_book,2,1,"음주 전과 2회(재범·상습성), 혈중알코올농도 0.142%(상당히 높음), 운전거리 약 2km(단거리), 범행연도 2021년(개정법 이후), 차종 소형 SUV(사고 없음)"
5019,gpt,zero_shot_closed_book,2,2,"음주 전과(2회, 1회 집행유예 전력), 혈중알코올농도 0.130%, 운전거리 약 500m, 범행연도 2021년, 차종 승용차 (그랜저)"
5063,gpt,zero_shot_closed_book,2,1,"음주 전과 2회(2008, 2009 벌금), 혈중알코올농도 0.074%, 운전거리 약 2km, 범행연도 2021, 차종 승용차(쏘나타)"
5084,gpt,zero_shot_closed_book,0,1,"재범(과거 1회 벌금 전력), 혈중알코올농도 0.116%, 운전거리 매우 짧음(약 30m), 2019년 범행, 승용차 종류"
5105,gpt,zero_shot_closed_book,0,1,"혈중알코올농도 0.206%, 운전거리 약 700m, 2021년 범행, 차종(승용차), 음주 전과 불명"
5108,gpt,zero_shot_closed_book,2,1,"음주 전과 2회(재범), 혈중알코올농도 0.116%, 장거리 운전(약 30km), 2020년 범행, 승용차(SUV) 운전"
5122,gpt,zero_shot_closed_book,2,1,"음주 전과(재범), 혈중알코올농도 0.109%, 운전거리 약 4km, 범행연도 2021, 차종 SUV(쏘렌토)"
5137,gpt,zero_shot_closed_book,2,1,"과거 음주운전 전과(2011년 약식명령), 혈중알코올농도 0.090%, 운전거리 약 150m로 단거리, 2020년 범행, 차종(승용차)"
5175,gpt,zero_shot_closed_book,2,1,"음주 전과(재범), 혈중알코올농도 0.122%(면허취소 수준), 운전거리 약 700m, 범행연도 2020년(윤창호법 적용기), 차종 승용차"
5217,gpt,zero_shot_closed_book,0,0,"혈중알코올농도(0.050% 경계치·위드마크 적용), 운전거리(약 2km 단거리), 차종(승용·사고 없음), 범행연도(2019년·윤창호법 시행 초기), 음주 전과 기재 없음"
5219,gpt,zero_shot_closed_book,1,0,"혈중알코올농도 0.095%(초범 가능성 높음), 운전거리 약 1km(단거리), 2021년 범행연도(윤창호법 이후), 차종 BMW X5(영향 미미)"
5237,gpt,zero_shot_closed_book,2,1,"재범(음주 전과 1회), 혈중알코올농도 0.138%, 운전거리 약 10km, 2021년 범행, 승합차(그랜드 카니발) 운전"
5244,gpt,zero_shot_closed_book,2,2,"다수의 음주운전 전과(벌금 2회, 집행유예 1회), 재범(2회 이상 위반), 높은 혈중알코올농도(0.112%), 긴 운전거리(약 24km), 2020년 범행, 승용차(카니발) 운전"
5249,gpt,zero_shot_closed_book,1,0,"혈중알코올농도 0.037%(면허정지 하한선 미만, 낮은 수치), 운전거리 약 500m(단거리), 2021년 범행연도(윤창호법 이후이지만 수치 낮음), 차종(승용 SUV), 음주 전과 언급 없음(초범 추정)"
5251,gpt,zero_shot_closed_book,3,1,"음주 전과 2회(재범·상습성), 혈중알코올농도 0.074%(상대적으로 낮음), 운전거리 약 1km(단거리), 범행연도 2021년(윤창호법 시행기), 차종 승용차(무쏘)"
5253,gpt,zero_shot_closed_book,2,0,"음주 전과(재범), 혈중알코올농도 0.094%(측정치 중간대), 운전거리 매우 짧음(약 5m), 범행연도 2019년(윤창호법 시행기), 차종(중형 세단)"
5293,gpt,zero_shot_closed_book,1,1,"혈중알코올농도 0.156%(상당히 높음), 운전거리 약 2km(단거리), 2021년 범행시기(윤창호법 시행기), 차종 승용차(BMW), 음주 전과 기재 없음"
5310,gpt,zero_shot_closed_book,0,1,"음주 전과(동종 1회), 혈중알코올농도 0.141%, 운전거리 약 5km, 범행연도 2021, 차종 경차(레이)"
5318,gpt,zero_shot_closed_book,3,2,"상습 음주운전(4회 전력·징역 전력 있음), 재범 시점(2020년, 윤창호법 적용기), 혈중알코올농도 0.145%로 고도취, 운전거리 약 500m로 단거리, 승합차(카니발) 운전"
5334,gpt,zero_shot_closed_book,2,0,"낮은 혈중알코올농도(0.036%), 운전거리 매우 짧음(약 10m), 오래된 전력(2011년 벌금형 1회), 택시 운전 차량, 재범이지만 가중 사유 제한(면허취소 기준 미만)"
5362,gpt,zero_shot_closed_book,3,1,"음주 전과(재범, 1회), 혈중알코올농도 0.137%, 운전거리 약 300m, 차종 승용차, 범행연도 2020"
5365,gpt,zero_shot_closed_book,1,1,"음주 전과(2019 벌금), 혈중알코올농도 0.107%(면허취소 수준), 운전거리 약 100m(단거리), 범행연도 2021, 차종 K8(대형사고 아님)"
5372,gpt,zero_shot_closed_book,2,2,"다수의 음주운전 전과(4회), 높은 혈중알코올농도(0.143%), 상용차량(택시) 운전, 재범 간격이 길지만 또다시 음주운전, 운전거리 짧음(약 340m)"
5386,gpt,zero_shot_closed_book,2,1,"재범(음주 전과 1회), 혈중알코올농도 0.133%, 운전거리 약 8km, 2020년 범행, 택시영업차량 운전"
5397,gpt,zero_shot_closed_book,2,2,"음주 전과(2회, 집행유예 전력), 혈중알코올농도(0.120%), 운전거리(약 500m), 범행연도(2020년 개정 후 재범 가중), 차종(승용차)"
5415,gpt,zero_shot_closed_book,0,0,"혈중알코올농도 0.131%, 운전거리 약 1.5km, 2020년 범행, 승용차, 음주 전과 언급 없음"
5419,gpt,zero_shot_closed_book,1,0,"혈중알코올농도 0.105%(면허취소수준이지만 초과폭 크지 않음), 운전거리 매우 짧음(약 30m 주차장 내), 2021년 범행연도, 고급차종이나 사고·무면허·도주 등 가중사유 부재, 음주 전과 불명(기재 없음)"
5442,gpt,zero_shot_closed_book,2,0,"혈중알코올농도 0.058%(측정거부·고도아님), 운전거리 약 500m(단거리), 2021년 범행(윤창호법 적용기), 음주 전과 언급 없음, 사고·인명피해 없음, 승용차(그랜저) 운전"
5451,gpt,zero_shot_closed_book,0,1,"음주 전과 다수(벌금 및 집행유예 전력), 혈중알코올농도 0.068%(상대적으로 낮음), 운전거리 약 6km, 범행연도 2015년, 택시(영업용 차량) 운전"
5452,gpt,zero_shot_closed_book,2,1,"음주 전과 2회(재범 이상), 혈중알코올농도 0.091%(측정치 중간대), 운전거리 극히 짧음(약 3m, 주차장 내), 차종 승용차, 범행연도 2021년(윤창호법기 적용기), 인명피해 없음"
5469,gpt,zero_shot_closed_book,2,1,"음주 전과 2회(삼진), 혈중알코올농도 0.073%, 운전거리 약 1km, 2021년 범행, 승합차(그랜드스타렉스) 운전"
5472,gpt,zero_shot_closed_book,2,1,"음주 전과(재범), 혈중알코올농도 0.173%(고도취), 운전거리 100m(단거리), 범행연도 2021년(윤창호법 적용기), 차종 승용차(아반떼)"
5500,gpt,zero_shot_closed_book,2,1,"음주 전과(상습 2회째), 혈중알코올농도 0.125%, 운전거리 약 500m(단거리), 범행연도 2020년, 차종 승용차(오피러스)"
5521,gpt,zero_shot_closed_book,0,0,"혈중알코올농도 0.060%(면허정지 수준, 낮은 편), 음주운전 전과 기재 없음, 운전거리 약 15km(다소 김), 2020년 범행시점, 소형차량(레이)"
5524,gpt,zero_shot_closed_book,0,0,"혈중알코올농도 0.142%(면허취소 수치), 운전거리 약 50m로 매우 단거리, 2021년 범행연도(윤창호법 시행 이후), 승용차(BMW 320d), 음주 전과 기재 없음"
5543,gpt,zero_shot_closed_book,2,1,"혈중알코올농도 0.110%, 운전거리 약 1km, 2021년 범행, SUV(승용차) 이용, 음주 전과 언급 없음"
5558,gpt,zero_shot_closed_book,2,1,"음주 전과(2006년 벌금), 혈중알코올농도 0.130%, 운전거리 약 7km, 범행연도 2020년, 차종(일반 승용차)"
5567,gpt,zero_shot_closed_book,2,1,"음주 전과 2회(상당히 경과), 혈중알코올농도 0.063%(정지수준), 운전거리 약 10km, 2020년 범행, 차량 종류(SUV)"
5611,gpt,zero_shot_closed_book,0,1,"혈중알코올농도 0.152%(상당히 높음), 운전거리 약 1m로 극히 단거리, 2021년 범행(윤창호법 시기), 택시(영업용 차량) 운전"
5612,gpt,zero_shot_closed_book,2,1,"상습 음주운전(과거 2회 벌금 전력), 혈중알코올농도 0.082%(면허정지수준), 운전거리 약 1km, 2021년 범행, 차종(렉스턴스포츠)"
5639,gpt,zero_shot_closed_book,2,1,"재범(음주 전과 1회로 2회 이상 해당), 혈중알코올농도 0.120%(상당히 높음), 운전거리 단거리(약 150m), 범행연도 2020년(윤창호법 적용 시기), 차종 승용차"
5685,gpt,zero_shot_closed_book,2,3,"음주 전과(반복·동종 누범), 매우 높은 혈중알코올농도(각각 0.230%, 0.233%), 단기간 내 재범 및 재판계속 중 추가범행, 운전거리 수백 m, 범행연도 2021년, 차종 렉스턴스포츠"
5695,gpt,zero_shot_closed_book,0,1,"동종 전과 2회(상습), 혈중알코올농도 0.054%(비교적 낮음), 운전거리 약 1km(단거리), 2020년 범행시기, 승용차(카니발) 운전"
5713,gpt,zero_shot_closed_book,2,2,"음주 전과 2회(재범·동종), 혈중알코올농도 0.249%(고도취), 운전거리 약 2.5km, 차종 1톤 화물차, 범행연도 2020"
5744,gpt,zero_shot_closed_book,2,1,"음주 전과, 혈중알코올농도(0.186%), 운전거리(약 500m), 범행연도(2019), 차종(승용밴)"
5749,gpt,zero_shot_closed_book,3,1,"혈중알코올농도 0.086%(단순 취소수준 초과하나 높지 않음), 운전거리 약 300m로 매우 짧음, 음주운전 전과 1회(누범이지만 재범 간격 큼), 2020년 범행(최근 가중사유 없음), 차량종류 비특이"
5753,gpt,zero_shot_closed_book,2,1,"혈중알코올농도 0.177%의 고도취, 짧은 운전거리(약 300m), 2021년 범행, 차량 운전, 음주 전과 불특정(기재 없음)"
5783,gpt,zero_shot_closed_book,1,1,"혈중알코올농도 0.152%, 초범 추정(전과 언급 없음), 운전거리 약 500m, 2021년 범행, 승용차(BMW) 운전"
5787,gpt,zero_shot_closed_book,2,1,"혈중알코올농도 0.208%(고도취), 운전거리 약 2km(단거리), 2020년 범행, 차량 종류(승용 SUV), 음주 전과 불명(가중 사유 없음 기재)"
5793,gpt,zero_shot_closed_book,2,1,"음주 전과(재범), 혈중알코올농도 0.169%(고도취), 운전거리 약 1km(단거리), 차종(승합차), 범행연도 2019년(당시 법정형·양형기준)"
5798,gpt,zero_shot_closed_book,2,0,"음주 전과 1회(상당히 오래전, 2011년), 혈중알코올농도 0.078%(면허정지 수준, 낮음), 운전거리 약 400m(단거리), 범행연도 2020년(윤창호법 적용기), 인적·물적 피해 없음"
5802,gpt,zero_shot_closed_book,2,1,"음주 전과(측정거부 전력으로 동종 1회), 혈중알코올농도 0.157%, 운전거리 약 70m의 단거리, 오토바이 운전, 범행연도 2020"
5804,gpt,zero_shot_closed_book,2,1,"음주 전과 2회(재범), 혈중알코올농도 0.153%(상당히 높음), 운전거리 약 100m(매우 단거리), 범행연도 2021(윤창호법 시기), 차종 승용차(BMW)"
5862,gpt,zero_shot_closed_book,2,1,"재범(음주전과 1회), 혈중알코올농도 0.162%(고도취), 운전거리 매우 짧음(약 2m), 2021년 범행, 승용차 추정"
5863,gpt,zero_shot_closed_book,2,2,"재범(동종 1회), 고도취(혈중알코올농도 0.270%), 운전거리 단거리(약 300m), 범행연도 2021년, 차종 소형(레이)"
5873,gpt,zero_shot_closed_book,3,2,"혈중알코올농도 매우 높음(0.323%), 운전거리 김(약 10km), 차종(승용차), 범행연도(2021), 음주 전과 불명(기재 없음)"
5905,gpt,zero_shot_closed_book,1,1,"혈중알코올농도 0.135%(상당히 높음), 운전거리 약 11km(상당함), 2021년 범행시기(윤창호법 적용기), 차종 승용(코란도스포츠), 음주 전과 기재 없음(가정)"
5942,gpt,zero_shot_closed_book,3,1,"음주 전과(재범), 혈중알코올농도 0.109%, 운전거리 약 400m, 범행연도 2020, 차종 승용차"
5977,gpt,zero_shot_closed_book,2,2,"혈중알코올농도 0.202%(고도취), 장거리 운전(약 60km), 차종(승용 SUV), 범행연도 2021"
5988,gpt,zero_shot_closed_book,0,1,"음주 전과 2회(동종), 혈중알코올농도 0.087%, 운전거리 약 3km, 2020년 범행, 차량종류(BMW)"
5989,gpt,zero_shot_closed_book,2,0,"혈중알코올농도 0.068%(상대적 저농도), 운전거리 약 800m(단거리), 음주운전 전과 1회(오래 전 2010년), 범행연도 2020년(윤창호법 시기지만 수치 낮음·사고 없음), 차종 승용차(특이사항 없음)"
5994,gpt,zero_shot_closed_book,3,1,"혈중알코올농도(0.152%, 0.143%), 단기간 재범(연속 이틀 2회), 운전거리(약 20m 및 약 4km), 범행연도(2020), 차종(승용형 픽업·코란도스포츠)"
4551,gpt,zero_shot_closed_book,2,0,"음주 전과(1회), 혈중알코올농도 0.036%(저), 운전거리 약 3m(극히 단거리), 범행연도 2019년(당시 기준 처벌기준), 차종 승용차(일반)"
4686,gpt,zero_shot_closed_book,2,1,"동종 전과 1회(재범), 혈중알코올농도 0.174%의 고도취, 운전거리 약 500m의 단거리, 2019년 범행시기, 승용차(BMW 523i) 운전"
4856,gpt,zero_shot_closed_book,2,1,"동종 음주 전과(2014 벌금), 혈중알코올농도 0.079% (면허정지 수치, 낮은 편), 운전거리 약 1km(짧음), 2020년 범행, 승용차 운전"
4969,gpt,zero_shot_closed_book,2,1,"재범(음주 전과 1회), 높은 혈중알코올농도(0.196%), 짧은 운전거리(약 20m), 범행연도(2020년), 차종(화물차)"
5009,gpt,zero_shot_closed_book,2,1,"동종 음주 전과 1회(2014, 벌금), 혈중알코올농도 0.147%로 상당히 높음, 운전거리 약 1km로 비교적 단거리, 2019년 범행, 승합차(코란도 투리스모) 운전"
5116,gpt,zero_shot_closed_book,2,1,"동종 전과 2회, 혈중알코올농도 0.082%(면허정지 수치대), 운전거리 약 23km, 2021년 범행, 승용차 운전"
5178,gpt,zero_shot_closed_book,2,3,"고도취중(혈중알코올농도 0.229%), 동종 전과 및 집행유예 전력, 재범까지의 기간 경과 후 재범, 승용차 운전, 운전거리 약 900m, 범행연도 2020"
5192,gpt,zero_shot_closed_book,2,1,"음주 전과 2회(재범·동종 전력), 혈중알코올농도 0.103%(측정치 중간수준), 운전거리 약 50m(매우 단거리), 범행연도 2020년(개정법 적용), 차종 승용차"
5292,gpt,zero_shot_closed_book,2,2,"음주 전과 2회(재범 이상), 혈중알코올농도 0.168%(고도취), 운전거리 약 200m(단거리), 범행연도 2020년(특정범죄가중처벌법 개정 후 실형 경향), 차종 승용차(D 티구안)"
5296,gpt,zero_shot_closed_book,2,1,"음주 전과(동종 1회), 혈중알코올농도 0.084%(면허정지수준 상회), 운전거리 약 200m(단거리), 범행연도 2020년, 차종 승용차"
5577,gpt,zero_shot_closed_book,2,2,"과거 음주운전 전과 2회(재범), 혈중알코올농도 0.172%(고도취), 운전거리 약 2.6km, 2020년 범행시점, 화물차(포터) 운전"
5690,gpt,zero_shot_closed_book,2,1,"동종 전과 2회(재범·상습성), 혈중알코올농도 0.067%(상대적으로 낮음), 운전거리 약 3km(단거리), 2020년 범행시기(윤창호법 적용기), 승용차(쏘렌토)"
5927,gpt,zero_shot_closed_book,2,1,"음주 전과(재범), 혈중알코올농도 0.126%, 운전거리 약 500m, 2019년 범행, 승용차 운전"
4664,gpt,zero_shot_closed_book,3,2,"다수 음주운전 전과(8회), 누범(동종 2회 이상 위반), 장거리 운전(약 60km), 혈중알코올농도 0.073%, 범행연도 2020, 승용차 운전"
4658,gpt,zero_shot_closed_book,2,3,"다수 음주운전 전과, 동종 집행유예 및 실형 전력, 가석방 후 재범, 혈중알코올농도 0.156% 고도, 운전거리 약 1.5km, 범행연도 2021, 승용차(SUV) 운전"
4878,gpt,zero_shot_closed_book,3,2,"다수의 음주운전 전력(집행유예 2회 포함), 혈중알코올농도 0.135%, 운전거리 약 6km, 범행시기 2020년(윤창호법 적용기), 승용차 운전"
5128,gpt,zero_shot_closed_book,0,2,"다수의 음주운전 전과(5회), 높은 혈중알코올농도(0.217%), 재범(2회 이상 위반), 운전거리 약 500m, 2020년 범행, 승용차(K5) 운전"
5208,gpt,zero_shot_closed_book,3,2,"다수의 음주운전 전과 및 동종 집행유예 실효 후 실형 집행 경력, 재범 간격 짧음(출소 약 9개월 후 재범), 높은 혈중알코올농도(0.184%), 비교적 긴 운전거리(약 10km), 범행시기(2020년)"
5494,gpt,zero_shot_closed_book,2,3,"다수의 음주운전 전과(반복적 집행유예 전력 2회 포함), 높은 혈중알코올농도(0.183%), 화물차 운전, 운전거리 약 3.2km, 범행연도 2020"
5517,gpt,zero_shot_closed_book,3,2,"다수 음주운전 전과(집행유예 포함), 혈중알코올농도 0.094%, 단거리 운전(약 100m), 2021년 범행, 승용차 운전"
5623,gpt,zero_shot_closed_book,3,3,"다수의 음주운전 전과(총 8회), 재범 누범성(2회 이상 위반 명시), 매우 높은 혈중알코올농도(0.271%), 운전거리 약 2km, 화물차량 운전, 범행연도 2021년(개정 후 가중 경향)"
4680,gpt,zero_shot_closed_book,2,2,"음주 전과(동종 전과로 징역형 선고 이력), 재범(2회 이상), 혈중알코올농도 0.179%의 고도취중, 차량 운전, 범행연도 2021년"
4958,gpt,zero_shot_closed_book,2,1,"누범(음주운전 전과 다수, 집행유예 전력), 혈중알코올농도 0.097%, 재범시기 2021년, 차종 승용차, 운전거리 비교적 단거리"
5369,gpt,zero_shot_closed_book,2,1,"혈중알코올농도 0.179%(고도취중), 2021년 범행, 단일 운전행위(사고·도주·무면허·거부 등 가중사유 없음), 운전거리 짧음(동일 구간 이동), 차종 일반 승용차"
5539,gpt,zero_shot_closed_book,0,0,"혈중알코올농도 0.072%(면허정지 수치, 비교적 낮음), 사고·측정불응·도주 등 가중사유 없음, 운전거리·시간 짧음, 2019년 범행(윤창호법 시행 초기), 전과 기재 없음(단순 1회 적발로 추정), 차종 일반 승용‧승합차"
5458,gpt,zero_shot_closed_book,2,1,"음주 전과(동종 2회), 혈중알코올농도 0.152%, 차종(이륜차), 운전거리 짧음, 범행연도 2019"
4549,gpt,zero_shot_closed_book,0,1,"음주 전과(2014 벌금형), 혈중알코올농도 0.156%(높음), 차량종류 승용차, 단일 적발(사고·무면허·도주 없음), 범행연도 2019"
4576,gpt,zero_shot_closed_book,2,1,"과거 음주운전 전력(1회, 2010년), 혈중알코올농도 0.122%(상당히 높음), 운전거리 비교적 짧음(동일 시 내 이동), 2019년 범행, 승용차 운전"
4601,gpt,zero_shot_closed_book,2,1,"음주 전과(동종 1회), 혈중알코올농도 0.165%(고도취), 운전거리 불명(가중요소 불명확), 범행연도 2019년(윤창호법 초기 적용기), 차종 승용차"
4692,gpt,zero_shot_closed_book,2,1,"음주 전과(1회), 혈중알코올농도 0.089%(면허정지 수치대), 운전차종(승용차), 범행연도(2019, 윤창호법 시행 이후)"
4723,gpt,zero_shot_closed_book,2,1,"다수의 음주운전 전과(3회), 높은 혈중알코올농도(0.167%), 최근 범행연도(2020), 차종 대형 세단(에쿠스), 실제 주행거리 짧음(시동·드라이브 조작 단계)"
4896,gpt,zero_shot_closed_book,2,1,"혈중알코올농도 매우 높음(0.215%), 단일 음주운전, 사고·인명피해 없음, 운전거리 짧음(주차장 앞 도로에서 인근 도로), 2019년 범행, 승용차(그랜저) 운전"
4922,gpt,zero_shot_closed_book,0,1,"음주 전과(1회), 혈중알코올농도 0.085%(면허정지 수치), 초범 아님이지만 재범 간격 장기, 사고 및 도주 등 가중사실 없음, 2021년 범행, 승용차 운전"
4960,gpt,zero_shot_closed_book,2,1,"재범(음주 3회째), 혈중알코올농도 0.135%, 상용 대형차량(메가트럭), 운전거리 짧음 추정, 범행연도 2021"
5028,gpt,zero_shot_closed_book,2,1,"음주 전과(재범), 혈중알코올농도 0.160%(고도취), 운전거리 짧음, 2021년 범행, 승용차 운전"
5085,gpt,zero_shot_closed_book,1,1,"혈중알코올농도 0.156%(상당히 높음), 화물차 운전(차종 위험성), 운전거리 존재, 2019년 범행(윤창호법 시행 초기), 음주 전과 언급 없음"
5091,gpt,zero_shot_closed_book,2,1,"음주 전과 2회(동종), 혈중알코올농도 0.121%, 화물차 운전, 운전거리 불상·야간, 범행연도 2021"
5115,gpt,zero_shot_closed_book,0,1,"혈중알코올농도 0.146%, 단거리 운전, 2019년 범행, 차종(승용차), 음주 전과 언급 없음"
5132,gpt,zero_shot_closed_book,2,2,"음주 전과(재범), 혈중알코올농도 0.183%(고도취), 운전거리 불상(단축사유 없음), 2020년 범행시기(윤창호법 적용기), 승용차운전"
5267,gpt,zero_shot_closed_book,2,1,"음주 전과(재범), 혈중알코올농도 높음(0.187%), 운전차량(승용차), 범행연도(2021년, 윤창호법 적용기), 운전거리 불명/사고 없슴"
5312,gpt,zero_shot_closed_book,1,0,"혈중알코올농도(0.058%), 차종(화물차), 운전거리 불상, 2021년 범행, 음주 전과 기재 없음"
5319,gpt,zero_shot_closed_book,2,1,"음주 전과(동종 1회), 혈중알코올농도 0.092%(면허정지 수치대), 운전거리(아파트 앞에서 인근 도로까지로 단거리), 차종(BMW 승용차), 범행연도 2021년"
5378,gpt,zero_shot_closed_book,3,1,"음주 전과(동종 전력 1회), 혈중알코올농도 0.08%, 차종 승용차, 범행연도 2021년"
5394,gpt,zero_shot_closed_book,2,1,"음주 전과 2회(재범), 혈중알코올농도 0.145%(상당히 높음), 차종 오토바이, 운전거리 단순 적발로 짧음, 범행연도 2019년(구 도로교통법 기준)"
5534,gpt,zero_shot_closed_book,2,1,"음주 전과(측정거부 전력), 혈중알코올농도 0.145%, 비교적 단거리 운전, 승용차, 범행연도 2019"
5579,gpt,zero_shot_closed_book,2,1,"음주 전과 1회(재범), 혈중알코올농도 0.059%(면허정지 수치의 하한대), 운전거리 다소 존재(술집 앞길→지점 앞길), 2021년 범행, 승용차 운전"
5626,gpt,zero_shot_closed_book,2,0,"음주 전과(2007년 1회, 장기간 경과), 혈중알코올농도 0.047%(도로교통법 개정 전 기준하나 낮은 수치), 차종(승용차), 2020년 범행년도"
5708,gpt,zero_shot_closed_book,2,1,"음주 전과 1회(재범), 혈중알코올농도 0.103%, 운전거리(구간 이동 존재), 범행연도 2021년, 차종 승용차"
5732,gpt,zero_shot_closed_book,2,2,"다수의 음주운전 전과(3회 벌금 전력), 고도취중(혈중알코올농도 0.202%), 재범(2회 이상 위반 명시), 2020년 범행, 승용차 운전, 거리 불상(피해·사고 없음)"
5738,gpt,zero_shot_closed_book,3,1,"음주 전과(재범), 혈중알코올농도 0.148%(상당히 높음), 차종 원동기장치자전거, 비교적 단순 사안(사고·도주·무면허 언급 없음), 2020년 범행"
5739,gpt,zero_shot_closed_book,2,1,"음주 전과(동종 전과 1회), 혈중알코올농도 0.190%(고도 취중), 차종(화물차), 운전 시기(윤창호법 시행 이후 2021년), 운전장소(주거지 앞 노상, 사고 없음)"
5745,gpt,zero_shot_closed_book,0,0,"혈중알코올농도 0.163%(면허취소 수치), 2019년 범행, 단일 적발(전과 기재 없음), 사고·추가 위험행위 기재 없음, 차종(승용차)"
5794,gpt,zero_shot_closed_book,0,1,"혈중알코올농도 0.175%(높음), 차종 원동기장치자전거, 운전거리 짧음, 범행연도 2020년(윤창호법 시행 후)"
5880,gpt,zero_shot_closed_book,2,0,"음주 전과(재범, 전력 1회), 혈중알코올농도(0.046%로 낮음), 운전거리(동일 구역 내 단거리 추정), 차종(BMW 승용), 범행연도(2019년, 도로교통법 개정 전후 과도기)"
5974,gpt,zero_shot_closed_book,2,0,"낮은 혈중알코올농도(0.049%), 단순 적발·사고 없음, 비교적 짧은 운전 정황, 과거 음주운전 전력 2회(2013·2016)이나 최근 전력과의 시간 경과(약 5년), 초범 아님·동종전력 존재 but 법정형상 실형까지는 이르지 않는 사안"
4510,gpt,zero_shot_closed_book,3,1,"음주 전과(2008 집유), 혈중알코올농도 0.095%, 장거리 운전 약 90km, 범행연도 2021, 승용차 운영"
4511,gpt,zero_shot_closed_book,2,2,"다회 음주 전과(3회), 혈중알코올농도 0.145%, 매우 긴 운전거리(약 100km), 2020년 범행, 고급 승용차 운전"
4579,gpt,zero_shot_closed_book,2,1,"음주 전과(재범), 혈중알코올농도 0.041%(저농도), 운전거리 약 100km(장거리·고속도로), 범행연도 2019년, 차종 승용차 QM6"
4634,gpt,zero_shot_closed_book,0,2,"혈중알코올농도 0.188%(상당히 높음), 장거리 운전(약 123km), 고속도로 운전, 2021년 범행시기, 승용차(제네시스), 음주 전과 언급 없음(초범 추정)"
4806,gpt,zero_shot_closed_book,2,2,"상습 음주운전 전과(3회 벌금), 혈중알코올농도 0.129%, 장거리 운전(약 60km), 2020년 범행, 승용차"
5086,gpt,zero_shot_closed_book,3,1,"음주 전과(2회, 집유 및 벌금), 혈중알코올농도 0.066%, 운전거리 약 12km, 차종 승용차, 범행연도 2019"
5382,gpt,zero_shot_closed_book,3,1,"혈중알코올농도 0.200%(고도취), 운전거리 약 7km, 2020년 범행, 승용차, 음주 전과 언급 없음(초범 추정)"
5505,gpt,zero_shot_closed_book,2,1,"재범(음주 전과 1회), 혈중알코올농도 0.111%, 장거리 운전 약 40km, 2020년 범행, 승용차 운전"
5656,gpt,zero_shot_closed_book,2,2,"음주 전과(재범), 혈중알코올농도 0.110%, 장거리 운전(약 121km), 대형 화물차 운전, 범행연도 2021"
5691,gpt,zero_shot_closed_book,0,1,"음주 전과(2011년 1회), 혈중알코올농도 0.062%(면허정지 수치, 비교적 낮음), 운전거리 약 10km(상당), 차종 승용차, 범행연도 2019년(윤창호법 시행기), 재범이지만 장기간 공백 및 비교적 경미한 BAC"
5842,gpt,zero_shot_closed_book,0,0,"혈중알코올농도 0.047%(면허정지 수치, 낮음), 장거리 운전 약 130km(불리), 2020년 범행연도(최근 아님), 차종 승용차, 음주 전과 불명(가중사유 미확인)"
5248,gpt,zero_shot_closed_book,0,0,"낮은 BAC(0.059%), 극히 짧은 운전거리(약 10m), 2013년 사건(구법), 음주 전과 언급 없음(초범 추정), 인명피해 없음"
5557,gpt,zero_shot_closed_book,3,1,"음주 전과(2013 벌금 약식명령), 혈중알코올농도 0.162%, 운전거리 약 2.5km, 범행연도 2021, 차종(일반 차량)"
5860,gpt,zero_shot_closed_book,3,1,"음주 전과 2회(동종), 혈중알코올농도 0.077%(윤창호법 시행 후 처벌구간), 운전거리 약 200m(단거리), 범행연도 2021년, 차종 승합차(투리스모)"
5922,gpt,zero_shot_closed_book,2,1,"과거 음주운전 2회 전과(재범), 혈중알코올농도 0.111%, 운전거리 약 15m로 매우 짧음, 2020년 범행시기(윤창호법 시행 이후), 승용차 에쿠스 일반차량"
5305,gpt,zero_shot_closed_book,2,2,"다수의 음주운전 전과(4회), 음주측정불응(반복 불응), 2020년 범행연도, 신고·정황상 주취정도 높음, 실제 운전 정황 존재"
5443,gpt,zero_shot_closed_book,3,1,"음주 측정불응, 음주운전 전과 2회(2008, 2011 벌금), 최근 범행연도 2019, 재범 누적(2회 이상 위반), 차량 종류(벤츠) 및 운전거리 불명"
5727,gpt,zero_shot_closed_book,2,2,"다수 음주 전과(음주운전 2회+측정거부 1회), 재범 시점 2021년, 죄명(음주측정거부), 차량 승용차, 반복 위반(동종 누범)"
5716,gpt,zero_shot_closed_book,0,0,"혈중알코올농도 0.107%, 운전거리 5m(극히 단거리·주차장 내), 음주 전과 불명(기재 없음), 범행연도 2013년(구법 체계), 차종 승용차"
5758,gpt,zero_shot_closed_book,2,1,"다회 음주 전과(3회 벌금 전력), 혈중알코올농도 0.152%, 짧은 운전거리(약 3m), 2020년 범행, 승용차 운전"
5795,gpt,zero_shot_closed_book,2,1,"음주 전과(재범), 혈중알코올농도 0.103%, 운전거리 약 1km, 원동기장치자전거, 범행연도 2021"
4500,gpt,zero_shot_closed_book,2,1,"음주 전과(측정거부 포함 재범), 혈중알코올농도 0.126%, 운전거리 약 1.5km, 범행연도 2021, 차종 승용차"
4501,gpt,zero_shot_closed_book,3,1,"음주 전과 2회(누범), 혈중알코올농도 0.154%, 운전거리 약 2.2km, 차종 승용차, 범행연도 2021"
4502,gpt,zero_shot_closed_book,2,2,"음주 전과 2회, 혈중알코올농도 0.185%, 운전거리 약 100m, 2019년 범행, 화물차(포터) 운전"
4503,gpt,zero_shot_closed_book,0,1,"혈중알코올농도 0.117%(면허취소수준), 운전거리 약 500m의 단거리, 2021년 범행, 차종 승용차, 사고·무면허·도주 등 가중사유 없음"
4504,gpt,zero_shot_closed_book,2,1,"재범(과거 음주운전 전력 1회), 혈중알코올농도 0.112% (상당히 높음), 장거리 운전(약 25km), 2021년 범행시기(처벌 강화기 이후), 승합차 운전(대형차량)"
4505,gpt,zero_shot_closed_book,3,2,"재범(동종 전과 및 집행유예 전력), 혈중알코올농도 0.179%(고도), 운전거리 약 2km, 차종 승용차, 범행연도 2020"
4506,gpt,zero_shot_closed_book,0,2,"다회 음주운전 전과(동종 2회, 실형 전력), 재범 간격 짧음(가석방 종료 후 약 5개월), 혈중알코올농도 0.056%(상대적으로 낮음), 운전거리 약 13km, 범행연도 2020, 승용차 운전"
4507,gpt,zero_shot_closed_book,2,1,"혈중알코올농도 매우 높음(0.210%), 운전거리 짧음(약 2km), 2020년 범행, 차종 승용차, 음주 전과 불상(기재 없음)"
4508,gpt,zero_shot_closed_book,2,0,"낮은 혈중알코올농도(0.049%), 단순 주행 약 10km 사고 없음, 10년 이상 경과한 과거 1회 음주 전과(재범이지만 오래됨), 2021년 범행, 승용차 운영"
4509,gpt,zero_shot_closed_book,2,1,"음주 전과(재범), 혈중알코올농도 0.128%(상당히 높음), 운전거리 약 10m(매우 짧음), 차종 화물차, 범행연도 2020"
4512,gpt,zero_shot_closed_book,2,2,"다수의 음주운전 전과(4회, 집행유예 전력 포함), 재범(2회 이상 위반), 혈중알코올농도 0.146%의 고농도, 운전거리 약 3km, 2020년 범행, 승용차(투싼) 운전"
4513,gpt,zero_shot_closed_book,1,0,"혈중알코올농도 0.111%, 초범 추정(전과 기재 없음), 운전거리 약 200m의 단거리, 2019년 범행, 승용차(아우디 A3) 운전"
4514,gpt,zero_shot_closed_book,0,1,"혈중알코올농도 0.106%, 운전거리 약 10km, 2021년 범행, 차종 승용차, 음주 전과 기재 없음"
4515,gpt,zero_shot_closed_book,2,1,"음주 전과(1회, 2006년 벌금), 혈중알코올농도 0.160%, 운전거리 약 3km, 차종 승용차, 범행연도 2020년"
4516,gpt,zero_shot_closed_book,2,1,"혈중알코올농도 0.221%(고도취), 운전거리 700m(단거리), 범행연도 2021년(윤창호법 적용기), 차종 화물차(상대적 위험성 높음), 음주 전과 불특정(기재 없음)"
4517,gpt,zero_shot_closed_book,2,2,"음주 전과 2회(동종), 혈중알코올농도 0.157%, 운전거리 약 1.5km, 2021년 범행, 승용차(그랜저)"
4518,gpt,zero_shot_closed_book,3,1,"재범(과거 음주운전 벌금 전력 1회), 혈중알코올농도 0.164%(고도), 운전거리 매우 짧음(약 50m), 2021년 범행, 승용차(그랜저) 운전"
4519,gpt,zero_shot_closed_book,0,1,"음주 전과 2회(재범), 혈중알코올농도 0.190%(고도), 운전거리 50m(단거리), 범행연도 2020년, 차종 승용차"
4520,gpt,zero_shot_closed_book,2,1,"음주 전과(동종 전력 1회, 2017), 혈중알코올농도 0.099%(면허정지 수준), 운전거리 매우 짧음(약 30m), 범행연도 2020, 차종 승용차"
4521,gpt,zero_shot_closed_book,2,1,"혈중알코올농도 0.110%, 운전거리 약 7km, 2021년 범행, 초범 여부 불명, 차종 승용차"
4522,gpt,zero_shot_closed_book,1,0,"혈중알코올농도 0.109%(면허정지 수치대, 중간 수준), 운전거리 약 1km(단거리), 2019년 범행, 음주 전과 기재 없음(초범 추정), 사고·미검거 사유 없음"
4523,gpt,zero_shot_closed_book,2,0,"혈중알코올농도 0.089%(면허정지 수치, 비교적 낮음), 운전거리 매우 짧음(약 163m), 2021년 범행, 승합차 카니발(대형이지만 상해·사고 없음), 전과 기재 없음(초범 추정)"
4524,gpt,zero_shot_closed_book,0,1,"음주 전과(재범, 1회), 혈중알코올농도 0.161%(상당히 높음), 운전거리 550m(짧음), 범행연도 2020년(윤창호법 적용기), 차종 승용차"
4526,gpt,zero_shot_closed_book,0,1,"음주 전과(동종 전력 1회, 재범), 혈중알코올농도 0.085%, 운전거리 약 100m의 단거리, 범행연도 2020년(윤창호법 적용기), 차종 승용차"
4527,gpt,zero_shot_closed_book,2,1,"과거 음주운전 전과 2회(벌금), 혈중알코올농도 0.062%(면허정지 수준, 낮은 편), 운전거리 약 400m(단거리), 2021년 범행, 화물차(포터) 운전"
4528,gpt,zero_shot_closed_book,2,1,"재범(동종 전과 1회), 혈중알코올농도 0.176%(상당히 높음), 운전거리 약 250m(짧음), 2021년 범행, 경승합차(다마스) 운전"
4529,gpt,zero_shot_closed_book,2,1,"재범(음주운전 전과 1회), 혈중알코올농도 0.153%로 높은 편, 운전거리 약 1km로 짧음, 최근 범행연도 2020년, 일반 승용차 추정"
4530,gpt,zero_shot_closed_book,2,1,"혈중알코올농도 0.148%(상당히 높음), 운전거리 약 350m(단거리), 2021년 범행(윤창호법 적용기), 승용차 종류(일반), 전과 불명(가중 사유 없음)"
4532,gpt,zero_shot_closed_book,2,2,"음주 전과 2회(동종), 혈중알코올농도 0.142%, 운전거리 약 19km, 2020년 범행, 승용차 운전"
4533,gpt,zero_shot_closed_book,3,2,"상습 음주운전(2회 이상 전력), 매우 높은 혈중알코올농도(0.313%), 운전거리 짧음(약 5m), 최근 범행연도(2020), 화물차(포터) 운전"
4534,gpt,zero_shot_closed_book,2,0,"혈중알코올농도 0.132%(초범 수준), 운전거리 약 300m로 매우 짧음, 2021년 범행연도(윤창호법 이후이지만 실형 경계치 미만), 차종 승용차, 기타 가중사유 부재(사고·도주·무면허 등 기재 없음)"
4535,gpt,zero_shot_closed_book,0,1,"음주 전과(1회, 재범), 혈중알코올농도 0.167%(고도 취기), 운전거리 약 50m(매우 단거리), 범행연도 2020년(윤창호법 이후), 차종 승용차(K7)"
4536,gpt,zero_shot_closed_book,3,2,"음주 전과(재범), 혈중알코올농도 0.189%(고도취), 운전거리 약 10km(장거리), 범행연도 2019년, 차종 승용차(쏘나타)"
4537,gpt,zero_shot_closed_book,0,1,"재범(과거 음주운전 벌금 전력), 혈중알코올농도 0.135%(상대적으로 높은 수치), 운전거리 약 3.7km, 차종 승용차, 범행연도 2020"
4538,gpt,zero_shot_closed_book,3,2,"음주 전과 3회(재범 다수), 혈중알코올농도 0.153%, 운전거리 약 5km, 화물차(포터), 범행연도 2020"
4539,gpt,zero_shot_closed_book,2,1,"음주 전과 2회(동종), 혈중알코올농도 0.107%, 운전거리 300m로 단거리, 2020년 범행, 승용차 운전"
4540,gpt,zero_shot_closed_book,2,1,"음주 전과(재범), 혈중알코올농도 0.152%(상당히 높음), 운전거리 약 500m(단거리), 화물차(상대적 위험성), 범행연도 2021년(윤창호법 이후)"
4541,gpt,zero_shot_closed_book,0,0,"혈중알코올농도 0.081%(초범 수준), 운전거리 약 3km(단거리), 2021년 범행연도(윤창호법 적용기), 승용차(사고·도주 등 가중사유 없음)"
4542,gpt,zero_shot_closed_book,2,1,"음주 전과(1회), 혈중알코올농도 0.122%, 운전거리 약 150m, 차종 승용차, 범행연도 2020"
4543,gpt,zero_shot_closed_book,2,1,"과거 음주운전 2회 전과(재범), 혈중알코올농도 0.077%(면허정지 수치, 낮은 편), 운전거리 약 20km(상당), 2021년 범행, 승용차 운전"
4544,gpt,zero_shot_closed_book,1,0,"혈중알코올농도 0.082%(초범 구간), 운전거리 약 40m로 극히 짧음, 2021년 범행연도, 승용차(그랜저), 사고·무면허·도주 등 가중사유 부재"
4545,gpt,zero_shot_closed_book,0,1,"동종 전과 2회(재범·상습성), 고도 음주(혈중알코올농도 0.209%), 운전거리 약 3km, 2021년 범행(윤창호법 적용기), 승용차 운전"
4546,gpt,zero_shot_closed_book,2,1,"음주 전과(재범), 혈중알코올농도 0.086%(면허정지 수치), 운전거리 약 500m(단거리), 범행연도 2020년, 차종 승용차"
4547,gpt,zero_shot_closed_book,2,0,"혈중알코올농도 0.093%(면허정지 수치·상대적 저도), 운전거리 약 100m(매우 단거리), 2021년 범행, 이륜차(오토바이)·무등록, 사고·인적피해 없음, 음주 전과 기재 없음"
4548,gpt,zero_shot_closed_book,2,2,"음주 전과 2회(재범·동종), 혈중알코올농도 0.166%(고도), 운전거리 약 2.5km, 범행연도 2021년, 차종 승용차(k5)"
4550,gpt,zero_shot_closed_book,0,1,"혈중알코올농도 매우 높음(0.218%), 비교적 긴 운전거리(약 10km), 외제 대형승용차 운전, 2021년 범행, 전과 불명(특별 가중 전력 기재 없음)"
4552,gpt,zero_shot_closed_book,2,1,"음주 전과 2회(2009, 2021 벌금), 혈중알코올농도 0.122%, 운전거리 약 800m, 차종 승용차, 범행연도 2021"
4553,gpt,zero_shot_closed_book,2,1,"음주 전과(1회), 혈중알코올농도 0.208%(고도 취기), 운전거리 약 1.3km, 차량 승용차, 범행연도 2021년"
4554,gpt,zero_shot_closed_book,3,1,"음주 전과 3회, 혈중알코올농도 0.103%, 운전거리 약 4km, 2020년 범행, 승용차 운전"
4555,gpt,zero_shot_closed_book,0,1,"음주 전과(동종 1회), 혈중알코올농도 0.133%, 운전거리 약 50m, 차종 승용차, 범행연도 2020"
4556,gpt,zero_shot_closed_book,2,1,"음주 전과 2회(재범·동종 누범), 혈중알코올농도 0.081%(면허정지 수치), 운전거리 약 13km(장거리), 범행연도 2020년(개정법 적용 시 실형 가능성 상승), 차종 승용차(오피러스)"
4557,gpt,zero_shot_closed_book,2,1,"다수 음주운전 전과(벌금 2회, 집행유예 1회), 재범 시점(집유 종료 후 재범), 혈중알코올농도 0.054%(면허정지 수치), 운전거리 약 700m, 차종 오토바이, 범행연도 2021"
4558,gpt,zero_shot_closed_book,2,1,"음주 전과(재범), 혈중알코올농도 0.097%, 운전거리 약 1.8km, 차종 승용차, 범행연도 2020"
4559,gpt,zero_shot_closed_book,3,1,"재범(음주운전 전과 1회), 높은 혈중알코올농도(0.188%), 짧은 운전거리(약 100m), 범행연도(2019년, 윤창호법 시행기), 차종(승용차)"
4560,gpt,zero_shot_closed_book,0,0,"혈중알코올농도 0.076%(당시 처벌기준 하한선 부근), 운전거리 약 20m로 매우 짧음, 2016년 사건(구법·당시 양형기준상 상대적으로 관대), 경미한 정황(사고·무면허·도주 정황 없음)"
4561,gpt,zero_shot_closed_book,2,0,"음주 전과 다수(동종 3회 이상), 혈중알코올농도 0.037%(경미), 운전거리 약 1km(단거리), 2019년 범행연도, 승용차(쏘렌토)"
4562,gpt,zero_shot_closed_book,2,1,"음주 전과(재범), 혈중알코올농도 0.105%, 운전거리 약 8km, 외제 승용차, 2020년 범행"
4563,gpt,zero_shot_closed_book,2,1,"음주 전과(재범), 혈중알코올농도 0.166%(상당히 높음), 운전거리 약 4km, 차종 화물차(상대적 위험성 고려), 범행연도 2021(윤창호법 적용기), 이전 처벌 벌금형 수준(전력 경미)"
4564,gpt,zero_shot_closed_book,2,1,"음주 전과 2회(재범·상습성), 혈중알코올농도 0.077%(상대적으로 낮음), 운전거리 약 100m(단거리), 범행연도 2019년(윤창호법 시행기), 차종 승용차"
4565,gpt,zero_shot_closed_book,2,2,"음주 전과 다수(3회, 집행유예 포함), 혈중알코올농도 0.119%, 운전거리 약 1km, 2021년 범행, 승용차 운전"
4566,gpt,zero_shot_closed_book,0,2,"음주 전과(동종 전력 1회로 재범), 혈중알코올농도 0.195%(높음), 운전거리 약 2km, 범행연도 2021년(윤창호법 적용기), 차종 승용차"
4567,gpt,zero_shot_closed_book,2,1,"음주 전과 2회(2006, 2017) 재범, 혈중알코올농도 0.042%(측정거부·사고 없음, 하한에 근접), 운전거리 약 50m로 매우 짧음, 2021년 범행, 승용차(일반차량)"
4568,gpt,zero_shot_closed_book,2,1,"혈중알코올농도 매우 높음(0.235%), 운전거리 매우 짧음(약 200m), 음주 전과 기재 없음, 2021년 범행, 경차(모닝) 운전"
4569,gpt,zero_shot_closed_book,2,1,"음주 전과(2회), 혈중알코올농도 0.085%, 운전거리 짧음(약 100m), 범행연도 2020, 차종 승용자동차"
4570,gpt,zero_shot_closed_book,2,0,"과거 음주운전 벌금 1회(2015, 장기 경과), 혈중알코올농도 0.047%(상대적 저도), 운전거리 약 2.5km, 차종 승합차, 2021년 범행 시기"
4571,gpt,zero_shot_closed_book,2,2,"다수 음주운전 전과(실형 전력 포함), 혈중알코올농도 0.104%, 장거리 운전(약 20km), 2020년 범행, 승용차 운전"
4572,gpt,zero_shot_closed_book,2,1,"음주 전과(동종 1회), 혈중알코올농도 0.140%(고도), 운전거리 약 6km(상당), 범행연도 2020년, 차종 승용차"
4574,gpt,zero_shot_closed_book,1,0,"초범 추정·사고 없음, 혈중알코올농도 0.103%(면허취소 초과), 운전거리 매우 짧음(약 50m), 2021년 범행, 화물차지만 위험 결과 미발생"
4577,gpt,zero_shot_closed_book,2,0,"혈중알코올농도 0.116%, 운전거리 600m로 단거리, 1회 적발 기록만 기재(음주 전과 언급 없음), 2020년 범행, 승용차(그랜저) 운전"
4578,gpt,zero_shot_closed_book,0,1,"음주 전과(2013년 1회), 혈중알코올농도 0.141%, 운전거리 극히 짧음(전후진 합계 약 1.5m), 차량종류 승용차, 범행연도 2021년"
4580,gpt,zero_shot_closed_book,2,1,"혈중알코올농도 0.119%, 운전거리 약 3km, 화물차(포터Ⅱ) 운전, 2021년 범행, 음주 전과 기재 없음"
4581,gpt,zero_shot_closed_book,2,1,"재범(음주운전 3회차), 과거 전과 벌금형(2007·2008년), 혈중알코올농도 0.040%(낮음), 운전거리 약 300m(짧음), 2021년 범행, 승용차 운전"
4582,gpt,zero_shot_closed_book,2,0,"혈중알코올농도 0.092%(면허정지 수치), 단거리 운전(약 500m), 2021년 범행, 승용차, 음주 전과 불명(기재 없음)"
4583,gpt,zero_shot_closed_book,2,1,"음주 전과(2013 벌금형 1회), 혈중알코올농도 0.063%(면허정지 수치), 운전거리 약 3km, 2019년 범행, 승용차 운전"
4584,gpt,zero_shot_closed_book,2,1,"재범(음주 전과 1회), 혈중알코올농도 0.130%(상당히 높음), 운전거리 약 3km, 차종 승용차, 범행연도 2020(윤창호법 적용기)에 해당"
4585,gpt,zero_shot_closed_book,2,1,"음주 전과 1회(재범), 혈중알코올농도 0.138%(상당히 높음), 운전거리 약 10km(장거리), 범행연도 2021년(윤창호법 적용기), 차종 승용차"
4586,gpt,zero_shot_closed_book,2,1,"음주 전과(재범), 혈중알코올농도 0.143%, 운전거리 약 4.1km, 차량 종류 승용차, 범행연도 2019년"
4587,gpt,zero_shot_closed_book,2,1,"재범(음주 전과 1회), 혈중알코올농도 0.179%(상당히 높음), 운전거리 약 4km, 2020년 범행, 승용차 운전"
4588,gpt,zero_shot_closed_book,2,1,"음주 전과(재범), 혈중알코올농도 0.142%(고도), 운전거리 약 3km, 차종 승용차, 범행연도 2019"
4589,gpt,zero_shot_closed_book,0,1,"혈중알코올농도 0.134%, 운전거리 약 4km, 화물차(포터) 운전, 2017년 범행, 음주운전 전과 불명"
4590,gpt,zero_shot_closed_book,2,2,"혈중알코올농도 0.306%(매우 높음), 운전거리 약 1km, 2021년 범행시기, 승용차, 음주 전과 기재 없음"
4591,gpt,zero_shot_closed_book,2,1,"음주 전과 2회(동종), 혈중알코올농도 0.080%, 운전거리 약 200m, 화물차(스타렉스), 범행연도 2021년"
4592,gpt,zero_shot_closed_book,2,0,"음주 전과(1회 벌금형), 혈중알코올농도 0.054%(측정거리가 매우 짧음), 운전거리 약 5m, 차종 승합차, 범행연도 2020년(윤창호법 적용기), 재범이지만 낮은 수치와 무사고·단거리 운전"
4593,gpt,zero_shot_closed_book,2,0,"음주 전과(재범, 1회), 혈중알코올농도(0.039%로 매우 낮음), 운전거리(약 2km로 단거리), 범행연도(2021년, 윤창호법 이후), 차종(SUV)"
4594,gpt,zero_shot_closed_book,2,1,"혈중알코올농도 0.180%, 운전거리 약 3km, 차종 승용차, 범행연도 2021, 음주 전과 불명"
4595,gpt,zero_shot_closed_book,2,2,"음주 전과 2회(동종 전력), 혈중알코올농도 0.195%(고도), 운전거리 약 4km, 2020년 범행, 승용차(쏘렌토)"
4596,gpt,zero_shot_closed_book,1,1,"음주 전과 2회(재범·삼진음주), 혈중알코올농도 0.153%(상당히 높음), 운전거리 매우 짧음(약 4m), 범행연도 2017년(당시 법체계), 차종 소형 승용차(모닝)"
4597,gpt,zero_shot_closed_book,2,1,"재범(음주 전과 1회), 혈중알코올농도 0.134%, 운전거리 약 3km, 범행연도 2019년, 차종 승용차"
4598,gpt,zero_shot_closed_book,2,1,"혈중알코올농도 0.192%(고도취), 운전거리 약 1km(단거리), 2020년 범행, 차종(소형 승용), 음주 전과 불명(가중사유 미기재)"
4599,gpt,zero_shot_closed_book,2,0,"재범(1회 전력), 혈중알코올농도 0.041%로 낮음(면허정지 수치), 운전거리 약 1km로 단거리, 2020년 범행, 승용차 이용"
4600,gpt,zero_shot_closed_book,2,0,"재범(1회 전력), 혈중알코올농도 0.062%(초범 기준 면허정지 수치의 하한대), 운전거리 약 300m로 매우 단거리, 2019년 범행시기(윤창호법 시행기), 차종 승용차 BMW"
4602,gpt,zero_shot_closed_book,2,2,"다회 음주운전 전과(3회 이상), 혈중알코올농도 0.114%, 운전거리 약 3km, 이륜자동차, 범행연도 2019년"
4603,gpt,zero_shot_closed_book,2,1,"재범(음주 전과 1회 이상), 혈중알코올농도 0.153%(높음), 운전거리 약 1km(단거리), 2021년 범행, 차종 오토바이"
4604,gpt,zero_shot_closed_book,2,1,"음주 전과(동종 1회), 혈중알코올농도 0.083%, 운전거리 매우 짧음(약 5m), 범행연도 2021년, 차종 승용차"
4605,gpt,zero_shot_closed_book,0,0,"혈중알코올농도 0.080%(면허정지 수치 하한), 운전거리 100m로 매우 단거리, 2019년 범행, 승용차(대형 상용차 아님), 음주 전과 불명(기재 없음)"
4606,gpt,zero_shot_closed_book,3,1,"고도 취기(혈중알코올농도 0.228%), 비교적 짧은 운전거리(약 3km), 2021년 범행, 승용차, 음주 전과 언급 없음(초범 추정)"
4608,gpt,zero_shot_closed_book,2,1,"혈중알코올농도 0.174%로 매우 높음, 운전거리 약 500m로 단거리, 2021년 범행(윤창호법 시행 후), 차종 승용차, 음주 전과 불명(기재 없음)"
4609,gpt,zero_shot_closed_book,2,1,"혈중알코올농도 매우 높음(0.209%), 운전거리 짧음(약 1km), 차종 승용, 2021년 범행, 음주 전과 불명(기재 없음)"
4610,gpt,zero_shot_closed_book,2,1,"음주 전과 2회(동종), 혈중알코올농도 0.105%, 운전거리 극히 짧음(약 3m), 범행연도 2019년(윤창호법 시행기), 차종 승용차"
4611,gpt,zero_shot_closed_book,2,1,"동종 음주운전 전과 2회, 혈중알코올농도 0.196%의 고도취, 운전거리 매우 짧음(약 10m), 2019년 범행, 승용차 운전"
4612,gpt,zero_shot_closed_book,3,2,"다회 음주 전과(2003, 2016, 2018), 집행유예 전력 후 재범, 혈중알코올농도 0.190%의 고도취, 운전거리 약 2km, 범행연도 2020, 승용차 운전"
4613,gpt,zero_shot_closed_book,0,0,"혈중알코올농도 0.116%(면허취소 수치이지만 중상은 아님), 운전거리 약 30m로 매우 짧음, 1톤 포터 화물차 운전, 2021년 범행(윤창호법 적용기), 음주 전과 불명(기록상 가중 사유 없음)"
4614,gpt,zero_shot_closed_book,2,0,"혈중알코올농도 0.145%, 초범 여부 언급 없음(전과 불명), 운전거리 약 8km, 2021년 범행, 승용차(아반떼) 운전"
4615,gpt,zero_shot_closed_book,3,1,"음주 전과 2회(동종), 혈중알코올농도 0.153%, 운전거리 약 4km, 승용차, 범행연도 2021년"
4616,gpt,zero_shot_closed_book,3,1,"혈중알코올농도 0.149%(상대적으로 높음), 운전거리 약 44m(매우 짧음), 2021년 범행시기(최근 법정형 상향 이후), 차종 벤츠 승용차(일반 승용)"
4617,gpt,zero_shot_closed_book,2,1,"혈중알코올농도 0.214%(고도), 운전거리 약 200m(단거리), 2021년 범행연도(윤창호법 시행기), 차종 승용차, 전과 불명(가중·감경 사유 제한)"
4618,gpt,zero_shot_closed_book,3,1,"음주 전과(재범), 혈중알코올농도 0.112%, 운전거리 약 100m(매우 짧음), 범행연도 2021년(윤창호법 적용기), 차종 승용차"
4619,gpt,zero_shot_closed_book,2,1,"재범(음주 전과 1회), 높은 혈중알코올농도(0.199%), 운전거리 약 6km, 범행연도 2021년, 차종 승용차(BMW)"
4620,gpt,zero_shot_closed_book,2,1,"음주 전과(1회), 혈중알코올농도 0.128%, 운전거리 약 100m, 2021년 범행, 승용차(쏘렌토) 운전"
4621,gpt,zero_shot_closed_book,2,1,"음주 전과(재범), 혈중알코올농도 0.124%, 운전거리 약 5km, 범행연도 2021, 차종 승용차"
4622,gpt,zero_shot_closed_book,2,1,"재범(음주운전 전과 1회), 혈중알코올농도 0.094%, 운전거리 약 5km, 2021년 범행, 승용차 운전"
4623,gpt,zero_shot_closed_book,2,0,"혈중알코올농도 0.117%(면허취소 수치), 운전거리 약 2km(단거리), 2021년 범행(윤창호법 적용기), 음주 전과 기재 없음, 사고·무면허 등 가중사유 없음"
4624,gpt,zero_shot_closed_book,2,1,"혈중알코올농도 0.197%의 고도취중, 짧은 운전거리(약 700m), 1회 단일행위, 2021년 범행시점, 승용차종(대형 SUV)"
4625,gpt,zero_shot_closed_book,2,1,"음주 전과(재범), 혈중알코올농도 0.075%(도로교통법 기준 중간 수준), 운전거리 약 500m로 단거리, 차종 승용차, 범행연도 2021년(윤창호법 시행기)"
4626,gpt,zero_shot_closed_book,0,1,"음주 전과 2회(동종), 혈중알코올농도 0.186%, 운전거리 약 40m, 범행연도 2020년, 차종 승용차"
4627,gpt,zero_shot_closed_book,2,2,"다수 음주 전과(3회), 높은 혈중알코올농도(0.167%), 비교적 긴 운전거리(약 10km), 2020년 범행, 승용차(벤츠 E220d)"
4628,gpt,zero_shot_closed_book,2,2,"음주 전과 누범(3회, 집행유예 전력), 혈중알코올농도 0.144%, 운전거리 약 1km, 범행연도 2021년, 승용차 운전"
4629,gpt,zero_shot_closed_book,0,1,"재범(과거 음주운전 벌금전과 1회), 혈중알코올농도 0.103%(면허정지 수준), 운전거리 약 1.3km(단거리), 차종 화물차, 범행연도 2021년(윤창호법 적용기), 인적피해 없음"
4630,gpt,zero_shot_closed_book,2,2,"다회 음주운전 전과(벌금 2회·집유 전력), 혈중알코올농도 매우 높음(0.276%), 화물차 운전, 운전거리 짧음, 범행연도 2020"
4631,gpt,zero_shot_closed_book,2,0,"음주 전과(2009 1회, 벌금), 혈중알코올농도 0.056%(단속기준 하한대), 운전거리 약 100m(매우 짧음), 범행연도 2021(윤창호법 시행기), 차종 승용차"
4632,gpt,zero_shot_closed_book,2,2,"음주 전과 2회(재범·삼범), 혈중알코올농도 0.180%(상당히 높음), 운전거리 약 40km(장거리·교통위험 큼), 차종 화물차(대형·위험성 가중), 범행연도 2020년(윤창호법 적용 시기)"
4633,gpt,zero_shot_closed_book,2,1,"재범(2회 이상), 혈중알코올농도 0.097%(면허취소수준), 운전거리 약 1km, 2019 기소유예 전력(정식 전과 아님), 차종 승용차"
4636,gpt,zero_shot_closed_book,3,1,"다수 음주운전 전과 및 집행유예 경력, 혈중알코올농도 0.099%(면허정지 수치), 운전거리 매우 짧음(약 50m), 범행연도 2019년, 일반 승용차 운전"
4637,gpt,zero_shot_closed_book,2,1,"재범(음주 전과 1회), 혈중알코올농도 0.209%로 매우 높음, 운전거리 매우 짧음(약 280m), 화물차, 2020년 범행"
4638,gpt,zero_shot_closed_book,2,1,"음주 전과(2회), 혈중알코올농도(0.122%), 운전거리(약 100m), 범행연도(2021), 차종(승용차)"
4639,gpt,zero_shot_closed_book,2,1,"음주 전과(재범), 혈중알코올농도 0.157% (높음), 운전거리 약 100m (매우 짧음), 차종 승용차, 범행연도 2021 (윤창호법 적용기), 인명피해 없음"
4640,gpt,zero_shot_closed_book,3,2,"다수 음주운전 전과 및 집행유예 전력, 높은 혈중알코올농도(0.190%), 화물차 운전, 운전거리 약 800m, 범행시기 2019년"
4641,gpt,zero_shot_closed_book,2,2,"음주 전과(재범), 혈중알코올농도 0.187%(고도취), 운전거리 약 17km(장거리), 차종 승용차, 범행연도 2021"
4642,gpt,zero_shot_closed_book,2,2,"음주 전과(집행유예 전력), 혈중알코올농도 0.156%, 운전거리 7-8km, 재범(2회 이상 위반), 범행연도 2019, 차종 승용차"
4643,gpt,zero_shot_closed_book,2,1,"음주 전과(동종 전력 1회), 혈중알코올농도 0.077%(면허정지 수치), 운전거리 약 500m(단거리), 2021년 범행, 승용차 운전"
4644,gpt,zero_shot_closed_book,2,1,"혈중알코올농도 0.151%, 음주운전 전과 2회(벌금형), 운전거리 약 2km, 2021년 범행, 승용차(그랜저)"
4645,gpt,zero_shot_closed_book,2,1,"음주 전과(재범), 혈중알코올농도 0.120%, 운전거리 약 4km, 차종 승용차, 범행연도 2021"
4646,gpt,zero_shot_closed_book,0,0,"혈중알코올농도 0.103%(측정거부·고도아님), 운전거리 약 10km(중간), 2020년 범행(윤창호법 시행기), 차종 승용차, 음주 전과 기재 없음"
4647,gpt,zero_shot_closed_book,2,1,"음주 전과(재범), 혈중알코올농도 0.095%(면허정지 수치), 운전거리 약 15km, 범행연도 2020년, 승용차 운전"
4648,gpt,zero_shot_closed_book,2,1,"혈중알코올농도 0.127%(면허취소 수준, 중간대), 운전거리 약 500m(단거리), 차종 이륜자동차, 2021년 범행(윤창호법 시기), 별도 사고·상해·도주 정황 부재, 전과 기재 없음"
4649,gpt,zero_shot_closed_book,2,1,"음주 전과 다수(3회), 혈중알코올농도 0.072%, 운전거리 약 300m의 단거리, 2019년 범행, 경차(모닝) 운전"
4650,gpt,zero_shot_closed_book,2,1,"음주 전과 2회(동종 재범), 혈중알코올농도 0.086%(면허정지 수치대), 운전거리 약 2km, 2020년 범행, 승용차 운전"
4651,gpt,zero_shot_closed_book,2,1,"음주 전과(재범), 혈중알코올농도 0.104%, 장거리(약 10km), 2021년도 범행, 승용차 운전"
4652,gpt,zero_shot_closed_book,2,1,"혈중알코올농도(0.155%), 운전거리(약 300m 단거리), 범행연도(2021년), 차종(BMW 520d), 음주 전과 불명(기재 없음)"
4653,gpt,zero_shot_closed_book,2,1,"재범(음주 전과 1회), 혈중알코올농도 0.105%, 운전거리 매우 짧음(약 7m), 범행연도 2019년, 승용차 운전"
4655,gpt,zero_shot_closed_book,2,1,"혈중알코올농도 매우 높음(0.236%), 운전거리 매우 짧음(약 300m), 초범 여부 불명, 차종 원동기장치자전거, 범행연도 2020년"
4656,gpt,zero_shot_closed_book,2,1,"음주 전과(2015 1회, 재범), 혈중알코올농도 0.103%(면허취소수준 중하), 운전거리 약 500m(단거리), 범행연도 2021년(윤창호법 적용기), 차종 승용차(오피러스)"
4657,gpt,zero_shot_closed_book,3,1,"음주 전과 1회(동종), 혈중알코올농도 0.181%(상당히 높음), 운전거리 약 1km(단거리), 차종 승용차, 범행연도 2020년"
4659,gpt,zero_shot_closed_book,3,1,"음주 전과(2006 1회), 혈중알코올농도 0.120% (상당히 높음), 운전거리 약 300m(매우 짧음), 범행연도 2019(윤창호법 시행기), 차종 승합차(대형은 아님)"
4660,gpt,zero_shot_closed_book,2,1,"음주 전과(2007년 1회), 혈중알코올농도 0.078%, 운전거리 약 2km, 차종 승용차, 범행연도 2021년"
4661,gpt,zero_shot_closed_book,1,1,"혈중알코올농도 0.122%(면허취소수준), 운전거리 약 800m(단거리), 2019년 범행, 차종 승용차, 음주 전과 기재 없음"
4662,gpt,zero_shot_closed_book,3,1,"음주 전과(1회), 혈중알코올농도 0.129%(상당히 높음), 운전거리 약 5km, 차종 승용차, 범행연도 2021(윤창호법 적용기), 재범이지만 장기 공소사실 무사고"
4663,gpt,zero_shot_closed_book,3,2,"다수 음주운전 전과(3회), 혈중알코올농도 0.208%의 고도취, 운전거리 약 2km, 2021년 범행, 승용차(그랜저) 운전"
4665,gpt,zero_shot_closed_book,2,0,"낮은 혈중알코올농도(0.039%), 짧은 운전거리(약 2km), 오래전 전과(2010년 1회 벌금), 차종(소형 승용), 범행연도(2021년)"
4666,gpt,zero_shot_closed_book,2,2,"음주 전과(재범), 혈중알코올농도 0.205%의 고도취, 운전거리 약 100m로 단거리이나 주간 운전, 2020년 범행, 승용차(싼타페) 운전"
4667,gpt,zero_shot_closed_book,1,0,"혈중알코올농도(0.05%~0.092%로 비교적 낮음), 운전거리(약 20m로 매우 짧음), 범행연도(2019년, 윤창호법 초기이나 단일 음주운전 사실만 기재), 전과 기재 부재"
4668,gpt,zero_shot_closed_book,2,0,"재범(과거 벌금 전과 1회), 혈중알코올농도 0.097%(면허정지 수치대), 운전거리 매우 짧음(약 5m, 주차장 내), 2019년 범행, 승용차"
4669,gpt,zero_shot_closed_book,3,1,"음주 전과(재범), 혈중알코올농도 매우 높음(0.244%), 운전거리 매우 짧음(약 30m), 범행연도(2020년, 윤창호법 시행기), 차종(오토바이)"
4670,gpt,zero_shot_closed_book,2,1,"음주 전과(재범), 혈중알코올농도 0.105%, 운전거리 약 10km, 차종 화물차, 범행연도 2020"
4671,gpt,zero_shot_closed_book,3,1,"음주 전과(2회 벌금 전력), 혈중알코올농도 0.158%, 운전거리 약 200m, 범행연도 2021년, 차종 승용차"
4672,gpt,zero_shot_closed_book,1,0,"혈중알코올농도 0.038%(상대적으로 낮음), 운전거리 약 1.8km(단거리), 2021년 범행연도(윤창호법 이후), 차종 화물차(상대적으로 불리)"
4673,gpt,zero_shot_closed_book,3,0,"음주 전과 2회(2011,2014 벌금), 혈중알코올농도 0.049%(면허정지 하한선), 운전거리 약 500m 단거리, 차종 승용차, 범행연도 2021년"
4675,gpt,zero_shot_closed_book,2,2,"혈중알코올농도 매우 높음(0.211%, 0.248%), 동일 일자 2회 연속 음주운전, 음주 전과 존재(2014 벌금), 운전거리 각 약 1km, 2020년 범행, 승용차 운전"
4676,gpt,zero_shot_closed_book,2,1,"혈중알코올농도 0.150%, 운전거리 약 4km, 2021년 범행, 승용차(쏘렌토), 사고·인명피해 없음, 전과 불명(특별 가중사유 기재 없음)"
4677,gpt,zero_shot_closed_book,0,0,"재범(과거 1회 벌금 전력), 혈중알코올농도 0.055%(상대적으로 낮음), 운전거리 약 1km로 단거리, 2020년 범행, 승용차(투싼) 운전"
4679,gpt,zero_shot_closed_book,2,1,"재범(음주 전과 1회), 혈중알코올농도 0.08%, 운전거리 약 10km, 2021년 범행, 승용차 운전"
4681,gpt,zero_shot_closed_book,2,1,"재범(과거 음주운전 벌금 전력 1회), 혈중알코올농도 0.208%(상당히 높음), 운전거리 매우 짧음(약 20m), 차종 승용차, 범행연도 2021(윤창호법 적용기)"
4683,gpt,zero_shot_closed_book,2,1,"음주 전과(재범, 2009년 벌금), 혈중알코올농도 0.093%(면허정지 수준), 운전거리 약 3.8km, 차종 승용차, 범행연도 2021"
4684,gpt,zero_shot_closed_book,2,2,"혈중알코올농도 매우 높음(0.283%), 운전거리 약 1km, 2021년 범행, 승용차(아반떼), 음주 전과 기재 없음"
4685,gpt,zero_shot_closed_book,2,0,"과거 음주운전 벌금 전과(3회, 오래됨), 혈중알코올농도 0.034%(상대적으로 낮음), 운전거리 약 12km, 2019년 범행, 승용차 운전"
4687,gpt,zero_shot_closed_book,2,1,"음주 전과 2회(재범, 삼진 아님), 혈중알코올농도 0.095%(면허정지 상한대·가중은 아님), 운전거리 약 4.5km, 차량 1톤 화물(포터)·사고 없음, 범행연도 2019년(개정 전후 과도기지만 실형 경향 완만)"
4688,gpt,zero_shot_closed_book,2,0,"음주 전과 1회(2016, 벌금), 혈중알코올농도 0.073%(상대적으로 낮음), 운전거리 약 50m(매우 짧음), 범행연도 2021년(개정 후 기준), 차종 승용차(특이 사정 없음)"
4689,gpt,zero_shot_closed_book,2,1,"음주 전과(재범), 혈중알코올농도 0.101%(면허취소수준), 운전거리 단거리(약 191m), 범행연도 2020년(윤창호법 이후 가중기조), 차종 승용차(사고 없고 단순 적발)"
4690,gpt,zero_shot_closed_book,2,1,"음주 전과(동종 전력 1회), 혈중알코올농도 0.079%(면허정지 수치, 낮은 편), 운전거리 약 2km(비교적 단거리), 차종 승용차, 범행연도 2021(윤창호법 적용기)"
4693,gpt,zero_shot_closed_book,0,1,"음주 전과 2회(재범·동종), 혈중알코올농도 0.076%(면허정지 수치, 비교적 낮음), 운전거리 약 10km(상당), 범행연도 2020년(최근)"
4694,gpt,zero_shot_closed_book,2,1,"혈중알코올농도 0.168%(고도취), 운전거리 약 5km(상당), 초범 여부 불상, 2021년 범행, 승용차(제네시스 G70) 운전"
4695,gpt,zero_shot_closed_book,2,1,"음주 전과(2008 음주운전 벌금), 혈중알코올농도 0.213% (상당히 높음), 운전거리 약 5km, 차종 승용차, 범행연도 2020"
4696,gpt,zero_shot_closed_book,0,2,"음주 전과(재범), 혈중알코올농도 0.195%(고도취), 운전거리 약 600m(단거리), 범행연도 2020(윤창호법 적용기), 차종 화물차(중형 차량)"
4697,gpt,zero_shot_closed_book,2,2,"과거 음주운전 2회 전과(재범·누범적 경향), 매우 높은 혈중알코올농도(0.239%), 2021년 범행시기(가중 경향 시기), 승용차 운전, 운전거리 짧음(감경요소이지만 영향 제한)"
4698,gpt,zero_shot_closed_book,2,1,"음주 전과(동종 전력 1회), 혈중알코올농도 매우 높음(0.251%), 운전거리 매우 짧음(약 50m), 차종 승용차, 범행연도 2020"
4699,gpt,zero_shot_closed_book,2,1,"음주 전과 2회(동종), 혈중알코올농도 0.158%, 장거리 운전(약 17km), 2020년 범행, 승용차 운전"
4701,gpt,zero_shot_closed_book,0,0,"2019년도 범행, 혈중알코올농도 0.043%(당시 처벌기준 하한에 근접한 저농도), 주차장 내 약 3m의 극히 짧은 운전거리, 차종·피해사실 없음(사고·인명피해 미기재), 음주 전과 불명(특기 사정 없으면 초범 추정)"
4702,gpt,zero_shot_closed_book,2,1,"음주 전과(재범), 혈중알코올농도 0.132%(상당히 높음), 운전거리 약 1km(짧음), 차종 승용차, 범행연도 2021년(윤창호법 적용기), 전력은 벌금형 1회(동종 전력 경미)"
4703,gpt,zero_shot_closed_book,2,1,"음주 전과 2회(집유 포함 재범), 혈중알코올농도 0.156%(고도취), 운전거리 약 50m(매우 짧음, 주차장), 범행연도 2020(개정법 후)"
4704,gpt,zero_shot_closed_book,3,0,"음주 전과 1회(벌금), 혈중알코올농도 0.083%, 운전거리 약 20m로 매우 짧음, 2019년 사건, 차종 승용차"
4705,gpt,zero_shot_closed_book,2,0,"과거 음주운전 1회 벌금 전력(2009, 오래 경과), 혈중알코올농도 0.067%(상대적으로 낮음), 운전거리 약 4km(단거리), 2020년 범행(개정법 이후이나 수치·전과 경미), 차종 승용차"
4706,gpt,zero_shot_closed_book,3,2,"다수의 음주운전 전과(특히 2013년 징역 1년 실형), 재범(2회 이상 위반), 혈중알코올농도 0.079%(면허정지 수준), 운전거리 매우 단거리(약 15m), 범행연도 2020년, 승용차 운전"
4707,gpt,zero_shot_closed_book,0,1,"음주 전과(측정거부 벌금 전력), 혈중알코올농도 0.131%, 운전거리 약 3km, 차종 승용차, 범행연도 2019"
4708,gpt,zero_shot_closed_book,2,1,"과거 음주운전 전력(재범), 혈중알코올농도 0.198%(고도), 운전거리 약 300m(매우 짧음), 차종 승용차, 범행연도 2020(윤창호법 시행 이후)"
4709,gpt,zero_shot_closed_book,2,1,"음주 전과 2회(동종), 혈중알코올농도 0.062%(면허정지 수준), 운전거리 약 1.5km, 범행연도 2019년, 승용차(그랜저)"
4710,gpt,zero_shot_closed_book,0,0,"음주 전과(2007 벌금 전력 1회로 2회 위반), 혈중알코올농도(0.073% 낮은 편), 운전거리(약 2km 단거리), 차종(승용차), 범행연도(2020, 윤창호법 시기이나 수치·전력 경미)"
4711,gpt,zero_shot_closed_book,2,1,"음주 전과(재범), 혈중알코올농도 0.097%, 운전거리 매우 짧음(약 2m), 장기간 공백 후 재범(2006→2021), 차종 승용차, 2021년 범행"
4713,gpt,zero_shot_closed_book,2,1,"음주 전과(2회, 누범 아님), 혈중알코올농도 0.148%, 운전거리 약 6km, 범행연도 2021년, 차종 125cc 오토바이"
4714,gpt,zero_shot_closed_book,2,1,"혈중알코올농도 0.185%, 음주운전 전과 1회(재범), 운전거리 약 500m, 2021년 범행, 승용차 운전"
4715,gpt,zero_shot_closed_book,0,1,"음주 전과(재범), 혈중알코올농도 0.203%(고도), 운전거리 약 100m(매우 짧음), 차종 승용차, 범행연도 2020(윤창호법 시행기)"
4716,gpt,zero_shot_closed_book,2,0,"음주 전과(재범이지만 전과 오래됨, 2010년), 혈중알코올농도(0.058%로 낮음), 운전거리(약 11km로 다소 김), 범행연도(2021년), 차종(화물차)"
4717,gpt,zero_shot_closed_book,2,0,"음주 전과 2회(과거 벌금형), 혈중알코올농도 0.047%(면허정지 수준, 낮음), 운전거리 약 1km(단거리), 2021년 범행, 승용차 운전"
4718,gpt,zero_shot_closed_book,2,1,"음주 전과(2회, 누범), 혈중알코올농도(0.107%), 운전거리(약 1km), 범행연도(2021년, 윤창호법 시행기), 차종(승용차)"
4720,gpt,zero_shot_closed_book,2,1,"혈중알코올농도 0.189%(매우 높음), 음주운전 전과(재범), 운전거리 약 800m(짧음), 차종 오토바이, 범행연도 2020(윤창호법 시행 이후)"
4721,gpt,zero_shot_closed_book,1,0,"혈중알코올농도 0.063%(면허정지 수치의 하한대), 비교적 짧은 운전거리(약 7km), 2021년 범행시기, 승용차 이용, 음주 전과 불명(기재 없음)"
4722,gpt,zero_shot_closed_book,0,1,"음주 전과(2018 약식 벌금), 혈중알코올농도 0.131%, 운전거리 약 7km, 화물차(봉고 냉동차), 범행연도 2020"
4724,gpt,zero_shot_closed_book,0,1,"음주 전과(재범), 혈중알코올농도(0.192% 고도), 운전거리(약 2.4km), 범행연도(2020년), 차종(승용차)"
4725,gpt,zero_shot_closed_book,2,1,"혈중알코올농도 0.158%, 운전거리 약 2km, 2021년 범행, 차종 승용차, 음주 전과 기재 없음"
4726,gpt,zero_shot_closed_book,2,1,"음주 전과(재범), 혈중알코올농도 0.075%, 운전거리 약 1km, 범행연도 2019년(윤창호법 시행기), 차종 승용차"
4727,gpt,zero_shot_closed_book,2,1,"음주 전과(2회, 집행유예 전력 포함), 혈중알코올농도 0.108%, 운전거리 약 1km, 승용차, 범행연도 2019"
4728,gpt,zero_shot_closed_book,1,2,"음주 전과 2회(동종), 혈중알코올농도 0.264% 고도, 운전거리 약 350m 단거리, 범행연도 2019년(개정법 전후 과도기), 차종 승용차"
4729,gpt,zero_shot_closed_book,2,2,"다수의 음주운전 전과(3회 벌금), 높은 혈중알코올농도(0.195%), 재범(2회 이상 위반), 운전거리 약 1km, 2021년 범행, 승용차 운전"
4730,gpt,zero_shot_closed_book,3,2,"음주 전과(재범), 혈중알코올농도 매우 높음(0.211%), 운전거리 길음(약 11km), 범행연도(윤창호법 적용 시기), 차종(승용차)"
4731,gpt,zero_shot_closed_book,3,2,"음주 전과(2회, 동종), 재범 간격 짧음(동년 상반기 2회), 혈중알코올농도(0.116% 및 0.10%), 운전거리(약 8km 포함), 차종(승용)"
4732,gpt,zero_shot_closed_book,2,1,"혈중알코올농도 0.104%(면허취소 수준이지만 0.2% 미만), 운전거리 약 1km로 단거리, 2021년 범행으로 윤창호법 적용기, 음주 전과 기재 없음, 승용차(뉴아반떼) 일반차량"
4733,gpt,zero_shot_closed_book,2,1,"음주 전과 2회(동종), 혈중알코올농도 0.179%, 운전거리 약 2km, 승합차, 범행연도 2021년"
4734,gpt,zero_shot_closed_book,2,1,"혈중알코올농도 0.138%, 운전거리 약 2km, 2021년 범행, 차종 승용차, 음주 전과 언급 없음"
4735,gpt,zero_shot_closed_book,2,1,"과거 음주운전 전과(1회), 혈중알코올농도 0.125%(상당히 높음), 운전거리 약 1km(단거리), 2020년 범행, 승용차 운전"
4736,gpt,zero_shot_closed_book,2,2,"혈중알코올농도 0.219%의 고도취중, 화물차량 운전, 운전거리 약 1km, 2021년 범행시기"
4737,gpt,zero_shot_closed_book,1,1,"혈중알코올농도 0.108%(상당히 높음), 화물차(봉고III) 운전, 운전거리 약 1km로 비교적 짧음, 2020년 범행(윤창호법 시행 이후), 음주 전과 불명(기재 없음)"
4738,gpt,zero_shot_closed_book,1,1,"혈중알코올농도 0.146%(상당히 높음), 운전거리 약 2km(단거리), 2021년 범행(윤창호법 적용 시기), 차종 승용차(대형 화물 아님), 음주 전과 기재 없음(초범 추정)"
4739,gpt,zero_shot_closed_book,2,2,"다수의 음주운전 전과(벌금2·집유2), 누범적 재범, 혈중알코올농도 0.109%(상당히 높음), 운전거리 약 7km, 2020년 범행, 승용차 운전"
4740,gpt,zero_shot_closed_book,0,1,"음주 전과(재범), 혈중알코올농도 0.122%, 운전거리 약 3km, 차량 종별(승용차), 범행연도 2019"
4741,gpt,zero_shot_closed_book,2,1,"재범(과거 음주운전 전력 1회), 혈중알코올농도 0.132%(면허취소 수치, 비교적 고도), 운전거리 약 500m(단거리), 차종(승용차), 범행연도 2020년(개정법 적용 시기)"
4742,gpt,zero_shot_closed_book,2,0,"음주 전과(2008년 1회, 벌금), 혈중알코올농도(0.044% 낮음), 운전거리(약 200m 매우 짧음), 차종(승용차), 범행연도(2019년, 윤창호법 시행 초기지만 수치 낮음)"
4743,gpt,zero_shot_closed_book,2,1,"음주 전과(2018 벌금 전력, 재범), 혈중알코올농도 0.098%(측정수치 중간대), 운전거리 매우 짧음(약 5m), 차종 승용차, 범행연도 2021년(윤창호법 적용기), 재범이나 수치가 높지 않아 단기 징역 가능성 높음"
4745,gpt,zero_shot_closed_book,2,1,"음주 전과(2회), 혈중알코올농도 0.124%, 운전거리 약 30km, 범행연도 2021년, 차종 승용차"
4746,gpt,zero_shot_closed_book,0,1,"혈중알콜농도 0.218%(고도취), 운전거리 약 1km(단거리), 차종 이륜차, 음주운전 전과 없음(일반 전과만 존재), 범행연도 2021년"
4747,gpt,zero_shot_closed_book,2,1,"음주 전과(1회 벌금), 혈중알코올농도 0.109%, 운전거리 약 300m, 차종 승용차, 범행연도 2021"
4748,gpt,zero_shot_closed_book,3,1,"음주 전과 2회(상습), 혈중알코올농도 0.108%(높음), 운전거리 약 500m(단거리), 차종 화물차(위험성), 범행연도 2020(개정법 적용 이후)"
4749,gpt,zero_shot_closed_book,1,1,"혈중알코올농도 0.178%(고도 취기), 운전거리 약 15km(상당), 차종 승용차, 범행연도 2021년(윤창호법 시행기), 음주 전과 기재 없음"
4750,gpt,zero_shot_closed_book,0,0,"혈중알코올농도 0.042%(면허정지 수치, 낮음), 운전거리 약 2km(단거리), 음주 전과 1회(2014년, 장기 경과), 차종 승용차, 범행연도 2020년(윤창호법 적용기), 인적·물적 피해 없음"
4751,gpt,zero_shot_closed_book,2,1,"음주 전과(2회), 혈중알코올농도(0.079%), 운전거리(약 500m), 범행연도(2020), 차종(화물차)"
4753,gpt,zero_shot_closed_book,2,1,"음주 전과(동종 전력 1회), 혈중알코올농도 0.048%(면허정지 수치대 하한), 운전거리 약 1.5km, 범행연도 2021년, 승용차(카니발)"
4754,gpt,zero_shot_closed_book,3,0,"음주 전과 2회(2006, 2014) 모두 벌금형, 혈중알코올농도 0.078%(초범 기준 면허정지 수준), 운전거리 약 30m로 매우 단거리, 2020년 범행시점(윤창호법 적용기), 차종 승용차"
4755,gpt,zero_shot_closed_book,2,1,"혈중알코올농도 0.164%, 짧은 운전거리(약 100m), 원동기장치자전거(125cc), 2021년 범행, 음주 전과 기재 없음"
4756,gpt,zero_shot_closed_book,3,2,"음주 전과 2회(재범), 혈중알코올농도 0.214%(고도취), 운전거리 약 2km, 2021년 범행, 화물차(포터) 운전"
4757,gpt,zero_shot_closed_book,2,1,"혈중알코올농도 0.132%, 짧은 운전거리(약 140m), 2020년 범행, 승용차, 음주 전과 불명(특별히 가중사유 기재 없음)"
4758,gpt,zero_shot_closed_book,0,1,"음주 전과(동종전력 1회), 혈중알코올농도 0.155%(고도 취기), 운전거리 약 6km(상당), 차종 승용차, 범행연도 2020년(구 도로교통법 하 양형경향 반영)"
4759,gpt,zero_shot_closed_book,0,1,"음주 전과(2회: 음주운전·측정거부), 혈중알코올농도 0.150%, 짧은 운전거리(약 300m), 범행연도 2021년, 차종 승용차"
4760,gpt,zero_shot_closed_book,2,1,"혈중알코올농도 0.115%, 음주 전과 1회(재범), 운전거리 극히 짧음(약 1m), 차종 승용차, 범행연도 2021년"
4761,gpt,zero_shot_closed_book,1,1,"음주 전과 2회(재범·삼범), 혈중알코올농도 0.123%, 운전거리 약 2km, 2019년 범행, 승용차(아반떼)"
4762,gpt,zero_shot_closed_book,2,0,"다수 음주 전과(벌금 3회·기소유예 1회), 혈중알코올농도 0.046%(초범수준·면허정지 수치), 운전거리 약 5km, 2021년 범행, 화물차(그랜드 스타렉스) 운전"
4763,gpt,zero_shot_closed_book,2,1,"음주 전과(동종 전과 1회), 혈중알코올농도 0.118%(상당히 높음), 운전거리 약 3km, 범행연도 2021년(윤창호법 적용기), 차종 승용차"
4764,gpt,zero_shot_closed_book,0,0,"혈중알코올농도 0.054%(상대적으로 낮음), 운전거리 약 23m로 매우 짧음, 2019년 범행시기(윤창호법 시행 초기), 승용차 종류(고급차이나 양형 영향 제한적), 음주운전 전과 기재 없음"
4765,gpt,zero_shot_closed_book,2,1,"음주 전과 2회(상습), 혈중알코올농도 0.096%(측정치 중간대), 운전거리 약 500m(단거리), 범행연도 2020년(개정법 시행 후), 차종 승용차"
4766,gpt,zero_shot_closed_book,2,1,"음주 전과(동종 전력 1회로 재범), 혈중알코올농도 0.119%, 운전거리 약 500m로 비교적 짧음, 범행연도 2020(윤창호법 시행기), 차종 승용차"
4767,gpt,zero_shot_closed_book,2,1,"음주 전과 2회(2009, 2010 벌금), 혈중알코올농도 0.153%(상당히 높음), 운전거리 약 80m(매우 짧음), 범행연도 2021년(개정법 이후 가중 경향), 차종 화물차(포터Ⅱ)"
4768,gpt,zero_shot_closed_book,1,0,"혈중알코올농도 0.095%(면허정지 수치, 비교적 낮음), 운전거리 약 700m(단거리), 2021년 범행연도(최근이나 가중사유 아님), 차종(일반 승용차), 전과 언급 없음(초범 추정)"
4769,gpt,zero_shot_closed_book,2,1,"음주 전과(재범), 혈중알코올농도 0.104%, 운전거리 약 50m로 매우 짧음, 2021년 범행시기(개정법 적용기), 차종 BMW 승용차"
4770,gpt,zero_shot_closed_book,2,1,"재범(음주 전과 1회), 혈중알코올농도 0.089%(면허정지수준), 운전거리 약 600m(단거리), 화물차, 2020년 범행(개정법 적용 시기), 인적·물적 피해 없음"
4771,gpt,zero_shot_closed_book,0,1,"재범(음주 전과 1회), 혈중알코올농도 0.117%, 장거리 운전(약 12km), 2021년 범행, 승용차 K5 운전"
4772,gpt,zero_shot_closed_book,2,1,"음주 전과 2회(동종), 혈중알코올농도 0.068%(상대적으로 낮음), 운전거리 약 642m(단거리), 범행연도 2021년(개정법 이후 재범 가중), 차종 승용차(K9)"
4773,gpt,zero_shot_closed_book,2,1,"음주 전과 2회(동종), 혈중알코올농도 0.077%(면허정지수준), 운전거리 약 50m로 매우 짧음, 2019년 범행, 승용차(그랜저)"
4774,gpt,zero_shot_closed_book,3,2,"음주 전과(재범 이상), 혈중알코올농도 0.199%의 고도취기, 운전거리 약 1.6km, 차종 승합차, 범행연도 2021"
4775,gpt,zero_shot_closed_book,2,1,"음주 전과(동종전력 1회, 재범), 혈중알코올농도 0.097%, 운전거리 약 100m, 범행연도 2019년, 차종 승용차"
4776,gpt,zero_shot_closed_book,0,0,"혈중알코올농도 0.091%(면허정지 수치), 단거리 운전(약 500m), 2020년 범행, 승용차, 음주 전과 기재 없음"
4778,gpt,zero_shot_closed_book,0,0,"혈중알코올농도 0.063%(면허정지 수준의 비교적 낮은 수치), 운전거리 약 1km로 단거리, 2020년 범행, 승용차, 음주 전과 기재 없음"
4779,gpt,zero_shot_closed_book,2,1,"음주 전과(1회), 혈중알코올농도 0.186%(고도취), 운전거리 약 50m(매우 짧음), 범행연도 2021년, 차종 승용차(쏘나타)"
4780,gpt,zero_shot_closed_book,2,1,"혈중알코올농도 0.139%, 운전거리 약 2km, 차종 승용차, 범행연도 2021, 음주 전과 불명"
4782,gpt,zero_shot_closed_book,2,1,"음주 전과(재범), 혈중알코올농도 0.114%, 운전거리 약 500m, 범행연도 2020년(윤창호법 적용기), 차종 승용차"
4783,gpt,zero_shot_closed_book,2,0,"혈중알코올농도 0.092%(단순취소수준), 운전거리 약 700m로 단거리, 화물차 운전이지만 사고·인명피해 없음, 2021년 범행시기(윤창호법 적용기), 음주 전과 기재 없음"
4784,gpt,zero_shot_closed_book,0,1,"음주 전과 2회(동종), 혈중알코올농도 0.156%, 운전거리 약 1km, 범행연도 2020년, 차종 승용차"
4785,gpt,zero_shot_closed_book,2,1,"혈중알코올농도 0.160%(높음), 운전거리 약 1km(단거리), 2021년 범행, 차종 승용차, 음주 전과 기재 없음"
4786,gpt,zero_shot_closed_book,2,1,"혈중알코올농도 매우 높음(0.241%), 운전거리 장거리(약 35.5km), 음주 전과 불명, 인명피해·사고 없음, 범행연도 2021년(윤창호법 적용기), 차종 승용차"
4787,gpt,zero_shot_closed_book,0,1,"음주 전과 2회, 혈중알코올농도 0.081%, 비교적 짧은 운전거리(약 1km), 최근 범행연도 2020, 차종 승용차"
4788,gpt,zero_shot_closed_book,2,1,"혈중알코올농도 0.116%, 운전거리 약 100m, 2021년 범행, 승용차, 음주운전 전과 불명(명시 없음)"
4789,gpt,zero_shot_closed_book,2,1,"음주 전과 2회(재범, 누범 아님), 혈중알코올농도 0.177%(상당히 높음), 운전거리 약 300m(짧음), 범행연도 2019년(처벌기준 강화기 직후), 차종 승용차"
4790,gpt,zero_shot_closed_book,2,1,"혈중알코올농도 0.215% 고도취중, 운전거리 약 7km 비교적 장거리, 2020년 범행시기, 승용차 운전, 음주 전과 불명(기재 없음)"
4791,gpt,zero_shot_closed_book,1,1,"혈중알코올농도 0.131%(상당히 높음), 운전거리 약 500m(단거리), 차종 이륜자동차, 범행연도 2021(윤창호법 시행기), 전과 언급 없음(초범 추정)"
4792,gpt,zero_shot_closed_book,3,2,"재범(음주 전과 1회로 2회 이상 위반), 매우 높은 혈중알코올농도(0.289%), 운전거리 짧음(약 150m), 2020년 범행, 승용차 운전"
4793,gpt,zero_shot_closed_book,0,0,"혈중알코올농도 0.095%(면허정지 수치), 운전거리 약 200m의 극히 단거리, 2020년 범행연도, 승용차(대형차량 아님), 음주 전과 불명(기재 없음)"
4794,gpt,zero_shot_closed_book,2,1,"재범(음주전과 1회), 고도취중(혈중알코올농도 0.221%), 운전거리 매우 짧음(약 50m), 승용차, 2019년 범행"
4795,gpt,zero_shot_closed_book,2,0,"음주 전과 1회(2014, 장기 경과), 혈중알코올농도 0.049%(경미, 처벌하한 근접), 운전거리 약 4km(단거리~중거리), 차종 승용차, 범행연도 2020(개정 전후 과도기지만 수치 낮음)"
4796,gpt,zero_shot_closed_book,2,1,"과거 음주운전 전력 2회(벌금형, 최근성 낮음), 혈중알코올농도 0.091%(면허정지 구간), 운전거리 약 3km, 2021년 범행, 승용차 운전"
4797,gpt,zero_shot_closed_book,2,1,"동종 음주운전 전과 2회(상습), 혈중알코올농도 0.098%(면허정지수준), 운전거리 약 700m(단거리), 차종 승용차, 범행연도 2021년(윤창호법 적용기), 인적·물적 피해 없음"
4798,gpt,zero_shot_closed_book,2,1,"혈중알코올농도 0.125%, 화물차 운전, 운전거리 약 500m, 2019년 범행, 음주 전과 언급 없음"
4799,gpt,zero_shot_closed_book,2,1,"혈중알코올농도 0.075%(면허정지 수치, 비교적 낮음), 재범(동종 전과 1회), 운전거리 약 500m로 단거리, 차종 승용차, 범행연도 2021년(윤창호법 적용기), 인적·물적 피해 없음"
4800,gpt,zero_shot_closed_book,2,1,"음주 전과(동종전력 1회), 혈중알코올농도 0.147%, 운전거리 약 1km, 차종 승용차, 범행연도 2020"
4801,gpt,zero_shot_closed_book,0,0,"낮은 BAC(0.043%), 운전거리 15km, 음주 전과 1회(2007년, 매우 오래전), 2021년 범행, 승용차 운전"
4802,gpt,zero_shot_closed_book,0,1,"혈중알코올농도 0.191%(고도취), 운전거리 약 9km(상당), 범행연도 2020년, 차종 오토바이(이륜)"
4803,gpt,zero_shot_closed_book,2,1,"음주 전과 2회(재범), 혈중알코올농도 0.150%, 운전거리 약 820m, 범행연도 2020년(윤창호법 적용기), 차종 승용차"
4804,gpt,zero_shot_closed_book,2,1,"혈중알코올농도 0.131%, 운전거리 약 5km, 2021년 범행, 승용차, 음주 전과 언급 없음"
4805,gpt,zero_shot_closed_book,2,1,"음주 전과(과거 2회), 혈중알코올농도 0.129%, 짧은 운전거리(약 191m, 아파트 내), 범행연도 2021년, 차종 승용차"
4807,gpt,zero_shot_closed_book,2,1,"혈중알코올농도 0.192%(고도 음주), 약 13km 장거리 운전, 2021년 범행, 승용차 운전, 음주 전과 기재 없음"
4808,gpt,zero_shot_closed_book,2,0,"음주 전과 1회(2015 벌금), 혈중알코올농도 0.082%(초범 기준 면허정지 수치대), 운전거리 약 40m로 매우 짧음, 2019년 범행(윤창호법 시행 전후 과도기이나 수치 낮음), SUV 승용차(영향 미미)"
4809,gpt,zero_shot_closed_book,2,1,"혈중알코올농도 0.235%, 운전거리 약 6km, 화물차(봉고) 운전, 범행연도 2021"
4810,gpt,zero_shot_closed_book,0,1,"재범(1회 전과), 혈중알코올농도 0.150%, 운전거리 약 16km, 승용차, 범행연도 2020"
4811,gpt,zero_shot_closed_book,2,1,"음주 전과(재범), 혈중알코올농도 0.137%(상당히 높음), 운전거리 약 2km(단거리), 범행연도 2020(윤창호법 시행기), 차종 승용차"
4812,gpt,zero_shot_closed_book,0,0,"혈중알코올농도 0.099%(면허정지 수치, 비교적 낮음), 운전거리 약 500m로 단거리, 2019년 범행, 승용차 BMW, 음주 전과 기재 없음"
4813,gpt,zero_shot_closed_book,1,1,"혈중알코올농도 0.161%(높음), 운전거리 약 20km(상당), 승용차 K5, 범행연도 2019년(윤창호법 직후, 엄정), 음주 전과 언급 없음(초범 추정)"
4814,gpt,zero_shot_closed_book,0,0,"재범(음주 전과 1회), 혈중알코올농도 0.048%(낮음, 측정치 존재), 운전거리 약 1km(단거리), 사고 없음, 2020년 범행, 승용차 운전"
4815,gpt,zero_shot_closed_book,2,2,"다회 음주운전 전력(벌금 전과, 집행유예 전과), 혈중알코올농도 0.167%의 고도취, 재범(2회 이상 위반 명시), 운전거리 80m로 짧으나 야간 승용차 운전, 범행연도 2021년(윤창호법 적용기)"
4816,gpt,zero_shot_closed_book,0,0,"혈중알코올농도 0.121%, 초범 추정(전과 기재 없음), 운전거리 약 10m, 2007년 범행, 승용차(프라이드)"
4817,gpt,zero_shot_closed_book,0,0,"혈중알코올농도 0.125%, 운전거리 약 50m(매우 짧음), 차종 승용차, 2021년 범행연도, 전과 불명(초범 추정)"
4819,gpt,zero_shot_closed_book,2,1,"음주 전과(동종 1회), 혈중알코올농도 0.110%, 운전거리 약 7km, 범행연도 2020년, 차종 승용차"
4820,gpt,zero_shot_closed_book,3,1,"재범(음주 전과 1회), 높은 혈중알코올농도(0.163%), 단거리 운전(약 1km), 승용차, 비교적 오래된 전과(2012), 2020년 범행"
4821,gpt,zero_shot_closed_book,2,1,"음주 전과(2008 벌금), 혈중알코올농도 0.160%, 운전거리 약 300m, 차종 화물차(포터), 범행연도 2019"
4822,gpt,zero_shot_closed_book,2,1,"음주 전과(2회, 누범 아님), 혈중알코올농도 0.088%(면허정지수준), 운전거리 약 4km, 차종(승용차), 범행연도 2020년(윤창호법 적용기), 사고 없음"
4823,gpt,zero_shot_closed_book,1,1,"음주 전과(2015 벌금 전력 1회), 혈중알코올농도 0.158%(고도), 운전거리 약 5km(단거리~중거리), 범행연도 2019년(구 도로교통법 체계), 차종 승용차 SM5"
4824,gpt,zero_shot_closed_book,2,1,"음주 전과(1회, 2016년), 혈중알코올농도 0.098%(면허취소 수치), 운전거리 약 3km, 동종 재범이지만 사고·부상 없음, 2021년 범행(윤창호법 적용기)"
4825,gpt,zero_shot_closed_book,2,1,"혈중알코올농도 0.17%(높음), 화물차 운전(가중요소), 운전거리 약 1.5km(단거리), 범행연도 2021년(윤창호법 적용기), 음주 전과 불명(초범 가정)"
4826,gpt,zero_shot_closed_book,2,1,"음주 전과(재범), 혈중알코올농도 0.116%, 운전거리 약 20km, 차종 승용차, 범행연도 2021"
4827,gpt,zero_shot_closed_book,0,1,"음주 전과 2회(동종), 혈중알코올농도 0.045%(윤창호법 이후 처벌구간 하한), 운전거리 약 4km, 범행연도 2021년, 차종 승용차"
4828,gpt,zero_shot_closed_book,2,1,"음주 전과(2008년 1회), 혈중알코올농도 0.119%, 운전거리 약 4km, 차량 종류 SUV, 범행연도 2020년"
4829,gpt,zero_shot_closed_book,2,2,"음주 전과(재범), 높은 혈중알코올농도(0.203%), 운전거리(약 4km), 범행연도(2020년), 차종(승용차)"
4830,gpt,zero_shot_closed_book,1,1,"혈중알코올농도 0.141%, 운전거리 약 1km, 차종 승용차, 범행연도 2021, 음주 전과 기재 없음"
4831,gpt,zero_shot_closed_book,2,1,"혈중알코올농도 0.116%, 운전거리 약 1km, 2021년 범행, 승용차, 음주 전과 언급 없음"
4832,gpt,zero_shot_closed_book,0,1,"혈중알코올농도 0.116%, 운전거리 약 2km, 차종 화물자동차, 범행연도 2021"
4833,gpt,zero_shot_closed_book,2,1,"음주 전과(재범), 혈중알코올농도 0.153%, 운전거리 약 20km, 범행연도 2020, 차종 승용차"
4834,gpt,zero_shot_closed_book,2,1,"음주 전과 1회(재범), 혈중알코올농도 0.056%(상대적으로 낮음), 운전거리 약 2km, 차종 승용차, 범행연도 2021년(개정법 적용 시기)"
4835,gpt,zero_shot_closed_book,2,0,"음주 전과(2013 약식 벌금), 혈중알코올농도 0.040%(면허정지 수치, 낮음), 운전거리 약 500m 단거리, 차종 승용차, 범행연도 2020"
4836,gpt,zero_shot_closed_book,2,1,"음주 전과(2008 1회, 누범 아님·장기 경과), 혈중알코올농도 매우 높음(0.252%), 짧은 운전거리(약 660m), 차종(승용차), 범행연도(2020)"
4837,gpt,zero_shot_closed_book,2,2,"음주 전과 2회(재범·삼진), 혈중알코올농도 0.205%의 고도취, 운전거리 약 1.5km, 범행연도 2020년, 승용차 운전"
4838,gpt,zero_shot_closed_book,2,1,"음주 전과 2회(재범), 혈중알코올농도 0.113%(면허취소수준), 운전거리 약 17km(상당), 차종 승용차, 범행연도 2021년(최근)"
4839,gpt,zero_shot_closed_book,2,1,"혈중알코올농도 0.167%, 재범(과거 음주운전 1회), 운전거리 단거리(약 280m), 차종 승용차(BMW520d), 범행연도 2020"
4840,gpt,zero_shot_closed_book,2,1,"음주 전과(측정거부 전력으로 재범), 혈중알코올농도 0.181% (상당히 높음), 운전거리 약 1km(단거리), 범행연도 2021년(개정법 적용 시기), 차종 화물차(중형 상용차)"
4841,gpt,zero_shot_closed_book,2,1,"재범(과거 음주운전 1회), 혈중알코올농도 0.070%, 운전거리 약 600m, 2021년 범행, 승용차 운전"
4842,gpt,zero_shot_closed_book,2,1,"음주 전과 2회(동종 재범), 혈중알코올농도 0.120%, 운전거리 약 2km, 차종 승용차, 범행연도 2020"
4843,gpt,zero_shot_closed_book,3,2,"다수 음주 전과 및 집행유예 전력, 고도취중(혈중알코올농도 0.262%), 재범(2회 이상 위반), 운전거리 약 600m, 2020년 범행, 승용차 운전"
4846,gpt,zero_shot_closed_book,2,1,"혈중알코올농도 0.144%(상당히 높음), 운전거리 약 5km(상당), 2021년 범행시기(윤창호법 시행기), 차종 승용차, 음주 전과 기재 없음(초범 추정)"
4847,gpt,zero_shot_closed_book,2,1,"음주 전과(재범), 혈중알코올농도 0.177%, 운전거리 약 100m, 차종 승용차, 범행연도 2019"
4849,gpt,zero_shot_closed_book,3,2,"음주 전과 2회(동종), 혈중알코올농도 0.149%, 운전거리 약 2km, 2019년 범행, 승용차 운전"
4850,gpt,zero_shot_closed_book,2,0,"음주 전과(1회, 벌금형), 혈중알코올농도(0.063%), 운전거리(약 100m 단거리), 차종(벤츠 승용차), 범행연도(2020년, 윤창호법 시행 후)"
4851,gpt,zero_shot_closed_book,2,1,"고도취중(0.238%), 음주 전과 1회(벌금), 운전거리 매우 짧음(약 2m), 화물차, 2021년 범행"
4852,gpt,zero_shot_closed_book,3,0,"음주 전과(2회, 모두 벌금형, 최근성 낮음), 혈중알코올농도(0.061%로 낮은 편, 취소기준 하한대), 운전거리(약 3m로 극히 단거리), 범행연도(2021년, 윤창호법 개정기 적용 전후 과도기이나 실무상 초범 아님), 차종(승용차)"
4853,gpt,zero_shot_closed_book,2,1,"재범(음주 전과 1회), 혈중알코올농도 0.093%(면허정지수준), 운전거리 약 200m(단거리), 2020년 범행시기, 승용차(모닝)"
4854,gpt,zero_shot_closed_book,2,1,"음주 전과(동종 1회), 혈중알코올농도 0.067%(면허정지 수치, 낮은 편), 운전거리 약 1.2km(단거리), 차종 승용차, 범행연도 2021(최근)"
4855,gpt,zero_shot_closed_book,2,1,"음주 전과 2회(재범·상습성), 혈중알코올농도 0.084%(측정치 중간수준), 운전거리 약 2km(단거리), 차종 승용차, 범행연도 2020(윤창호법 적용 시기)"
4858,gpt,zero_shot_closed_book,2,1,"음주 전과(재범), 혈중알코올농도 0.089%, 운전거리 약 700m, 차종 화물차, 범행연도 2020"
4859,gpt,zero_shot_closed_book,2,1,"음주 전과(재범), 혈중알코올농도 0.176%(고도취), 운전거리 약 1km(단거리), 차종 승용차, 범행연도 2021"
4860,gpt,zero_shot_closed_book,2,1,"음주 전과 2회(오래전), 혈중알코올농도 0.179% 고도, 운전거리 약 300m 단거리, 범행연도 2020년(윤창호법 시기), 차종 소형 승용차"
4861,gpt,zero_shot_closed_book,1,0,"혈중알코올농도 0.047%(면허정지 수치, 낮음), 운전거리 약 700m(단거리), 2021년 범행, 차종 승용차(특이사정 없음), 음주 전과 기재 없음"
4862,gpt,zero_shot_closed_book,0,1,"과거 음주운전 전과(2회, 2012년 벌금형), 혈중알코올농도 0.145%, 운전거리 약 100m의 단거리, 차종 화물차(포터), 범행연도 2021년(윤창호법 시기)"
4863,gpt,zero_shot_closed_book,2,1,"음주 전과(2회, 측정거부 포함 재범), 혈중알코올농도 0.052%(낮은 편), 운전거리 약 4.4km, 범행연도 2020년(개정법 적용 시 재범 가중), 차종 승용차"
4864,gpt,zero_shot_closed_book,2,1,"혈중알코올농도 0.213%(고도), 운전거리 약 9.2km(상당), 2020년 범행, 차종 승용차, 음주 전과 불명(기재 없음)"
4865,gpt,zero_shot_closed_book,2,1,"음주 전과(재범), 혈중알코올농도 0.179%(상당히 높음), 운전거리 약 459m(짧음), 범행연도 2021년(윤창호법 적용기), 차종 승용차(SM5)"
4866,gpt,zero_shot_closed_book,1,0,"혈중알코올농도 0.097%(면허정지 수치대, 비교적 낮은 편), 운전거리 약 5m로 극히 단거리·정지주행 수준, 2021년 단일 사건으로 인적피해·사고 없음, 고가 승용차 운전이나 가중사유 부재(음주 전과 기재 없음)"
4868,gpt,zero_shot_closed_book,0,1,"음주 전과(재범), 혈중알코올농도 0.093%, 운전거리 약 30m의 매우 단거리, 차종 승용차, 범행연도 2021년(윤창호법 적용기), 전과 시기 2013년으로 상당히 경과됨"
4869,gpt,zero_shot_closed_book,2,1,"음주 전과(동종 1회), 혈중알코올농도 0.101%(면허취소수준 초과), 운전거리 약 100m로 매우 단거리, 차종 승용차, 범행연도 2021년"
4870,gpt,zero_shot_closed_book,2,1,"음주 전과(동종 1회), 혈중알코올농도 0.126%, 운전거리 약 10km, 차종 승용차, 범행연도 2020"
4871,gpt,zero_shot_closed_book,2,1,"음주 전과(동종 1회), 고도(만취) 혈중알코올농도(0.346%), 운전거리(약 900m로 짧음), 차종(원동기장치자전거), 범행연도(2021, 윤창호법 이후)"
4872,gpt,zero_shot_closed_book,2,1,"음주 전과(동종 전력 1회), 혈중알코올농도 0.085%, 운전거리 약 5km, 차종 승용차, 범행연도 2021"
4873,gpt,zero_shot_closed_book,2,1,"혈중알코올농도 0.137%, 운전거리 약 1.5km, 화물차(포터) 운전, 2021년 범행연도, 음주 전과 기재 없음"
4874,gpt,zero_shot_closed_book,1,1,"음주 전과 2회(동종), 혈중알코올농도 0.117%, 매우 짧은 운전거리(약 5m), 범행연도 2019년, 차종 승합차"
4875,gpt,zero_shot_closed_book,3,1,"음주 전과 2회(누범 아님), 혈중알코올농도 0.153%, 운전거리 약 700m(단거리), 2020년 범행시기, 화물차(봉고) 운전"
4876,gpt,zero_shot_closed_book,2,0,"음주 전과(벌금 1회), 혈중알코올농도 0.059%(처벌하한 인근의 낮은 수치), 운전거리 약 300m의 단거리, 차종 승용차, 범행연도 2020년(윤창호법 시기)"
4877,gpt,zero_shot_closed_book,2,1,"음주 전과 다수(3회 벌금), 혈중알코올농도 0.062%(초범기준 처벌수치 하한대), 운전거리 약 670m(단거리), 범행연도 2021(윤창호법 적용기), 차종 승용차(BMW)"
4879,gpt,zero_shot_closed_book,3,2,"음주 전과 다수(벌금 2회+집행유예 전력), 집행유예 이후 재범, 혈중알코올농도 0.120%, 화물차 운전, 운전거리 약 4km, 범행연도 2019년"
4880,gpt,zero_shot_closed_book,2,1,"혈중알코올농도 0.144%, 운전거리 약 150m, 2021년 범행, 승합차(스타렉스), 음주 전과 불명"
4881,gpt,zero_shot_closed_book,0,0,"혈중알코올농도 0.053%(상대적으로 낮음, 처벌기준 하한대), 운전거리 약 500m로 매우 짧음, 2021년 범행(윤창호법 이후지만 초범·사고없음 가정시 약식·벌금 가능성 높음), 차종 화물차(가중요소 가능하나 단거리·저농도 고려)"
4882,gpt,zero_shot_closed_book,2,1,"음주 전과(재범), 혈중알코올농도 0.115%, 운전거리 약 1km, 범행연도 2019년, 차종 소형 승용차"
4883,gpt,zero_shot_closed_book,2,1,"음주 전과(1회, 재범), 혈중알코올농도 0.078%, 운전거리 약 10m로 매우 짧음, 2020년 범행, 승용차(그랜져) 운전"
4884,gpt,zero_shot_closed_book,3,1,"누범(음주운전 전과 2회), 혈중알코올농도 0.056%(상대적으로 낮음), 운전거리 약 6.2km, 2021년 범행, 승용차(그랜저) 운전"
4885,gpt,zero_shot_closed_book,2,1,"음주 전과 2회(재범), 혈중알코올농도 0.136%(상당히 높음), 운전거리 약 4km, 2021년 범행, 승용차 운전"
4886,gpt,zero_shot_closed_book,2,2,"다수의 음주운전 전과, 혈중알코올농도 0.141%, 운전거리 약 1.6km, 2021년 범행, 화물차(포터) 운전"
4887,gpt,zero_shot_closed_book,0,0,"음주 전과 2회(모두 벌금, 장기 경과), 혈중알코올농도 0.068%(면허정지 수치, 비교적 낮음), 운전거리 약 100m로 매우 짧음, 차종 원동기장치자전거, 범행연도 2020"
4888,gpt,zero_shot_closed_book,0,1,"혈중알코올농도 0.128%(상당히 높음), 운전거리 약 30m로 매우 짧음, 2021년 범행(최근), 승용차, 별도 사고·인명피해 기재 없음, 음주 전과 불명(기재 없음)"
4890,gpt,zero_shot_closed_book,0,1,"음주 전과(1회), 혈중알코올농도 0.144%, 운전거리 약 7km, 범행연도 2020, 차종 승용차"
4891,gpt,zero_shot_closed_book,2,1,"음주 전과(재범), 혈중알코올농도 0.128%(상당히 높음), 운전거리 약 200m(단거리), 범행연도 2020년(개정 후 가중 추세), 차종 승용차"
4892,gpt,zero_shot_closed_book,2,1,"음주 전과(재범), 혈중알코올농도 0.138%(상당히 높음), 운전거리 약 1km(단거리), 범행연도 2019년(윤창호법 시행기), 차종 화물차(봉고)"
4893,gpt,zero_shot_closed_book,2,1,"음주 전과(재범), 혈중알코올농도 0.152%, 운전거리 약 30km, 범행연도 2020, 차종 승용차"
4894,gpt,zero_shot_closed_book,0,0,"재범(2007 음주운전 벌금 전력, 14년 경과), 혈중알코올농도 0.030%(측정치 매우 낮음), 운전거리 약 10km, 2021년 범행, 화물차(포터Ⅱ) 운전"
4895,gpt,zero_shot_closed_book,2,1,"혈중알코올농도 0.096%, 음주운전 전과 1회(2010년 벌금), 운전거리 약 300m의 단거리, 2020년 범행, 승용차(벤츠) 운전"
4897,gpt,zero_shot_closed_book,2,1,"혈중알코올농도 0.201%(고도취), 운전거리 약 500m(단거리), 2021년 범행연도, 차종 승용차, 음주 전과 기재 없음"
4898,gpt,zero_shot_closed_book,2,1,"혈중알코올농도 0.182%(고도), 운전거리 약 9km(상당), 차종 승용차, 범행연도 2021(윤창호법 시행기), 음주 전과 기재 없음"
4899,gpt,zero_shot_closed_book,2,1,"음주 전과 1회(재범), 혈중알코올농도 0.170%(고도취), 운전거리 약 30m(매우 짧음), 범행연도 2021년(윤창호법 적용기), 차종 화물차(상대적 위험성)"
4900,gpt,zero_shot_closed_book,1,0,"혈중알코올농도 0.137%(면허취소 수치), 운전거리 약 4km, 2020년 범행, 승용차, 음주 전과 불명(기재 없음)"
4901,gpt,zero_shot_closed_book,2,1,"음주 전과(동종 전력 1회), 혈중알코올농도 0.064%(면허정지 수치), 운전거리 약 3km, 승용차, 범행연도 2021년(윤창호법 적용기), 재범 횟수 2회"
4902,gpt,zero_shot_closed_book,0,1,"재범(음주 전과 1회), 혈중알코올농도 0.098%, 운전거리 약 800m(단거리), 차종 승용차, 범행연도 2021"
4903,gpt,zero_shot_closed_book,2,2,"음주 전과 다수 및 집행유예 전력, 혈중알코올농도 0.152%, 화물차 운전, 운전거리 약 650m, 범행연도 2020"
4904,gpt,zero_shot_closed_book,2,0,"낮은 혈중알코올농도(0.041%), 단거리(약 3km), 오래전 1회 음주 전과(2009년, 벌금), 2020년 범행, 승용차 운전"
4905,gpt,zero_shot_closed_book,0,1,"혈중알코올농도 0.230%(매우 높음), 운전거리 약 5m(극히 짧음), 화물차(봉고Ⅲ), 2020년 범행, 음주 전과 불명"
4906,gpt,zero_shot_closed_book,2,2,"음주 전과(2008년 1회, 재범), 혈중알코올농도 0.274% 고도취, 운전거리 약 22m 단거리, 차종 화물차(포터Ⅱ), 범행연도 2021년"
4907,gpt,zero_shot_closed_book,3,1,"음주 전과(1회, 재범), 혈중알코올농도 0.218%(고도취), 운전거리 약 3km, 차종 승용차, 범행연도 2021년"
4908,gpt,zero_shot_closed_book,2,1,"동종 음주운전 전과 2회(재범·삼진아웃 해당), 혈중알코올농도 0.089%(면허정지수준), 운전거리 약 1m로 극히 단거리, 2020년 범행, 승용차(스포티지)"
4909,gpt,zero_shot_closed_book,1,0,"혈중알코올농도 0.122%(면허취소 수치이나 중상 수준 아님), 운전거리 약 200m로 매우 짧음, 2021년 범행으로 윤창호법 개정 이후이지만 동종 전과 기재 없음, 사고·인명피해 없음, 일반 승용차 운전"
4910,gpt,zero_shot_closed_book,2,1,"높은 혈중알코올농도(0.212%), 운전거리 약 3.6km, 음주 전과 존재(재범이지만 오래된 2010년 1회), 2021년 범행, 승용차(G80) 운전"
4911,gpt,zero_shot_closed_book,2,0,"혈중알코올농도 0.121%, 운전거리 약 3km, 2021년 범행시기, 고급 승용차(벤츠), 음주 전과 기재 없음"
4912,gpt,zero_shot_closed_book,3,2,"음주 전과(2회), 혈중알코올농도 0.148%, 운전거리 약 2km, 범행연도 2020, 차종 승용차"
4913,gpt,zero_shot_closed_book,1,0,"혈중알코올농도(0.060%, 하한선대), 운전거리(약 2km, 단거리), 범행연도(2021년, 윤창호법 적용기), 차종(화물차)"
4914,gpt,zero_shot_closed_book,3,1,"혈중알코올농도 0.112%(상당히 높음), 운전거리 약 600m(단거리), 차종 승용차, 범행연도 2021년(윤창호법 적용기), 음주 전과 기재없음(초범 추정)"
4915,gpt,zero_shot_closed_book,2,2,"음주 전과 다수(3회, 측정거부 포함), 혈중알코올농도 0.160% 고도취, 집행유예 이후 재범, 운전거리 약 150m 단거리, 범행연도 2020년(가중처벌 시기), 승용차"
4916,gpt,zero_shot_closed_book,2,1,"음주 전과 1회(동종 전력), 혈중알코올농도 0.248%의 고도취, 운전거리 약 2km, 2019년 범행, 승용차 운전"
4917,gpt,zero_shot_closed_book,2,1,"음주 전과(2009 벌금 전력), 혈중알코올농도 0.126%(상당히 높음), 운전거리 약 900m(단거리), 범행연도 2020년(과거 전력과 시차 큼), 차종 승용차(일반)"
4918,gpt,zero_shot_closed_book,3,2,"다회 음주 전과(4회), 집행유예 전력, 혈중알코올농도(0.151%, 0.142%), 단기간 내 2회 재범(연속 음주운전), 운전거리 짧음(40m·15m), 범행연도(윤창호법 적용기), 차종(승용차)"
4919,gpt,zero_shot_closed_book,2,1,"재범(음주전과 1회), 혈중알코올농도 0.140%(높음), 운전거리 약 7km(상당), 차종 승용차, 범행시기 2020년(처벌 강화기 이전/초기)"
4920,gpt,zero_shot_closed_book,2,2,"음주 전과(재범), 높은 혈중알코올농도(0.193%), 운전거리(약 3km), 차종(승용차), 범행연도(2020)"
4921,gpt,zero_shot_closed_book,2,1,"재범(음주 전과 1회로 2회 위반), 혈중알코올농도 0.043%(면허정지 수치의 하한대), 운전거리 약 3km, 화물차(업무용 대형 차량), 범행연도 2021"
4923,gpt,zero_shot_closed_book,3,1,"동종 전과 3회(음주운전 벌금형 누범), 혈중알코올농도 0.074%(면허정지 수치, 비교적 낮음), 운전거리 약 3km, 2019년 범행, 승용차(일반 차량)"
4924,gpt,zero_shot_closed_book,2,1,"음주 전과 2회(동종 누범), 혈중알코올농도 0.144%, 운전거리 약 1km, 차량 승용차, 범행연도 2021"
4925,gpt,zero_shot_closed_book,2,0,"음주 전과(1회, 2014년 벌금), 혈중알코올농도 0.089%, 운전거리 약 1km, 재범이지만 무사고·무측정거부, 2020년 범행연도(윤창호법 적용기), 승합차 카니발 운전"
4926,gpt,zero_shot_closed_book,2,1,"음주 전과(2007 벌금 전력), 혈중알코올농도 0.160%(높음), 운전거리 약 2km(단거리), 범행연도 2021(최근 법정형 상향기 이후), 차종 승용차 K7"
4927,gpt,zero_shot_closed_book,2,1,"음주 전과(재범), 혈중알코올농도 0.124%, 운전거리 약 800m, 차종 원동기장치자전거, 범행연도 2021"
4928,gpt,zero_shot_closed_book,2,1,"음주 전과 2회(재범·상습성), 혈중알코올농도 0.114%(상당히 높음), 운전거리 약 3km, 범행연도 2019년(윤창호법 전후 과도기), 승용차(에쿠스) 운전"
4929,gpt,zero_shot_closed_book,2,1,"혈중알코올농도 0.211%(고도취), 운전거리 약 1km(단거리), 2020년 범행, 승용차, 전과 기재 없음"
4930,gpt,zero_shot_closed_book,2,2,"음주 전과 2회(측정거부 포함) 재범, 혈중알코올농도 0.142%의 고도취중, 운전거리 약 100m로 단거리, 2021년 범행, 승용차 운전"
4931,gpt,zero_shot_closed_book,0,0,"혈중알코올농도 0.090%(면허정지 수치, 비교적 낮음), 운전거리 약 1m로 극히 짧음, 2021년 범행연도, 차종 승용차, 추가 사고·무면허·음주 전과 기재 없음"
4932,gpt,zero_shot_closed_book,2,1,"음주 전과 2회(재범·동종누범), 혈중알코올농도 0.113%(면허취소 수준), 운전거리 약 200m(단거리), 차종 승용차, 범행연도 2021년(개정법 시행 후)"
4933,gpt,zero_shot_closed_book,1,1,"혈중알코올농도 0.157%(고도 취기), 운전거리 약 2km(단거리), 2021년 범행시기, 차종 승용차(BMW), 음주 전과 불명(기본 1회 적발 가정)"
4934,gpt,zero_shot_closed_book,2,1,"음주 전과(2007년 1회), 혈중알코올농도 0.097%, 장거리 운전(약 60km), 2019년 범행, 승합차(스타렉스) 운전"
4935,gpt,zero_shot_closed_book,1,0,"혈중알코올농도 0.124%, 운전거리 약 1km, 승용차, 2021년 범행, 음주 전과 불명(기재 없음)"
4936,gpt,zero_shot_closed_book,2,1,"음주 전과(음주측정거부 전력 1회로 누범 가중), 혈중알코올농도 0.149%(상대적으로 높은 수치), 운전거리 약 2.5km(단거리), 차종 승용차, 범행연도 2021년(개정법 적용 시기)"
4937,gpt,zero_shot_closed_book,2,0,"혈중알코올농도 0.141%(면허취소 수치), 운전거리 약 80m로 매우 짧음, 2021년 범행연도(윤창호법 시행기), 차종 승용차, 음주 전과 불명(기재 없음)"
4938,gpt,zero_shot_closed_book,2,0,"과거 음주운전 1회(2011, 장기 경과), 혈중알코올농도 0.037%(상대적으로 낮음), 운전거리 약 600m(단거리), 차종 화물차, 범행연도 2020"
4939,gpt,zero_shot_closed_book,2,1,"음주 전과(2016 벌금), 혈중알코올농도 0.144%, 운전거리 약 5km, 범행연도 2020, 차종 승용차(QM6)"
4940,gpt,zero_shot_closed_book,2,1,"음주 전과(동종 전력 1회, 최근 3개월 전), 혈중알코올농도 0.107%(면허취소수준 중간대), 운전거리 약 5km, 범행연도 2020년, 차종 승용차(제네시스)"
4941,gpt,zero_shot_closed_book,2,2,"음주 전과 3회(상습), 혈중알코올농도 0.104%, 운전거리 약 700m, 차종 승용차, 범행연도 2020"
4942,gpt,zero_shot_closed_book,2,1,"재범(음주운전 전과 1회), 혈중알코올농도 0.159% (상당히 높음), 운전거리 약 3.6km, 차량 종류 승용차(벤츠 E300), 범행연도 2021"
4943,gpt,zero_shot_closed_book,2,1,"혈중알코올농도 0.156%(고도취), 운전거리 약 200m(매우 짧음), 2021년 범행시기(윤창호법 적용기), 차종 승용차(일반)"
4944,gpt,zero_shot_closed_book,2,1,"2021년 범행, 혈중알코올농도 0.200%의 고도취, 약 1km의 비교적 짧은 운전거리, 모닝 승용차, 음주 전과 불명(기재 없음)"
4945,gpt,zero_shot_closed_book,0,1,"음주 전과(1회), 혈중알코올농도 0.140%, 운전거리 약 17km, 범행연도 2021년, 승용차 운전"
4946,gpt,zero_shot_closed_book,3,2,"다수의 동종 전과 및 집행유예 전력, 혈중알코올농도 0.120%, 장거리(약 28km) 운전, 2019년 범행, 승용차 운전"
4947,gpt,zero_shot_closed_book,0,1,"재범(2018 음주운전 전과), 혈중알코올농도 0.156%(고도취), 운전거리 약 3km, 차종 승용차, 2020년 범행(윤창호법 시행기)"
4948,gpt,zero_shot_closed_book,2,1,"동종 전과(음주측정거부 전력), 혈중알코올농도 0.147%, 운전거리 약 8km, 화물차 운전, 범행연도 2020"
4949,gpt,zero_shot_closed_book,2,1,"재범(음주운전 전과 1회), 혈중알코올농도 0.126%, 운전거리 약 2km, 차종 승용차, 2021년 범행"
4950,gpt,zero_shot_closed_book,2,0,"음주 전과 2회(2014, 2016 벌금), 혈중알코올농도 0.049%(측정거부·사고 없음, 처벌기준 최저구간), 운전거리 약 200m의 단거리, 2019년 범행, 승용차(아웃랜더) 운전"
4951,gpt,zero_shot_closed_book,3,1,"재범(3회차 이상), 혈중알코올농도 0.144%, 운전거리 1.4km, 범행연도 2021년(윤창호법 적용기), 차종 승용차"
4952,gpt,zero_shot_closed_book,2,0,"혈중알코올농도 0.114%(면허취소 수치이지만 중간대), 운전거리 약 300m로 매우 짧음, G90 승용차(차량 특이사정 없음), 2021년 범행(최근이지만 가중사유 아님), 음주 전과 기재 없음"
4953,gpt,zero_shot_closed_book,3,1,"음주 전과 2회(동종), 혈중알코올농도 0.136%, 운전거리 500m, 범행연도 2020년(윤창호법 시행 후), 외제 대형세단(재범 위험성 판단에 큰 영향은 아님)"
4954,gpt,zero_shot_closed_book,2,0,"음주 전과(재범), 혈중알코올농도(0.042% 낮음, 측정치 존재), 운전거리(약 300m 단거리), 차종(승용차), 범행연도(2021년, 윤창호법 적용기), 사고·무면허 등 가중사유 부재"
4955,gpt,zero_shot_closed_book,0,0,"음주 전과(동종 1회, 2015), 혈중알코올농도(0.067%), 운전거리(약 500m), 차종(승용차), 범행연도(2020)"
4956,gpt,zero_shot_closed_book,0,1,"혈중알코올농도 0.138%(상당히 높음), 운전거리 약 300m(단거리), 2020년 범행(최근), 승용차 K7, 음주 전과 기재 없음"
4957,gpt,zero_shot_closed_book,0,1,"음주 전과(2009년 벌금형), 혈중알코올농도 0.166%(높음), 운전거리 약 300m(단거리), 범행연도 2020년, 차종 승용차"
4959,gpt,zero_shot_closed_book,2,1,"음주 전과(동종 1회), 혈중알코올농도 0.114%, 운전거리 약 10m로 극히 단거리, 범행연도 2021년(윤창호법 적용기로 가중 경향), 차종 승용차"
4961,gpt,zero_shot_closed_book,2,1,"음주 전과 2회(동종), 혈중알코올농도 0.052%(측정거부 아님, 비교적 낮음), 운전거리 약 500m(단거리), 범행연도 2019년(특정범죄 가중처벌 전 아니나 삼진아웃 전후 과거 전력 존재), 차종 승용차"
4962,gpt,zero_shot_closed_book,2,0,"혈중알코올농도 0.108%(면허취소 수치이지만 중상도), 운전거리 약 100m로 매우 짧음, 2021년 범행(윤창호법 시기), 승용차, 음주 전과 언급 없음"
4963,gpt,zero_shot_closed_book,2,1,"혈중알코올농도 0.118%(상당히 높음), 운전거리 약 7km(장거리), 2021년 범행(윤창호법 시행 이후), 고급 대형 SUV(레인지로버 스포츠, 위험성 가중 가능), 음주 전과 불상(가중 사유 부재로 봄)"
4964,gpt,zero_shot_closed_book,2,1,"음주 전과(재범), 혈중알코올농도 0.127%, 운전거리 약 2km, 차종 승용차, 범행연도 2019"
4965,gpt,zero_shot_closed_book,2,1,"혈중알코올농도(0.244% 매우 높음), 운전거리(약 300m 짧음), 차종(승용차), 범행연도(2021, 윤창호법 시행기)"
4966,gpt,zero_shot_closed_book,2,1,"음주 전과(2회 벌금형), 혈중알코올농도 0.052%(초범 기준 면허정지 수준), 운전거리 약 500m로 단거리, 범행연도 2019년(삼진아웃 전후 엄벌기조이나 수치 낮음), 차종 승용차"
4967,gpt,zero_shot_closed_book,0,1,"혈중알코올농도 0.171%(상당히 높음), 운전거리 약 4km, 택시(영업용 차량), 범행연도 2018년(구 도로교통법 하)"
4968,gpt,zero_shot_closed_book,2,2,"음주 전과(재범), 혈중알코올농도 0.169%(고도), 운전거리 약 2.5km, 범행연도 2020년, 차종 승용차"
4970,gpt,zero_shot_closed_book,0,1,"재범(과거 음주운전 약식벌금), 혈중알코올농도 0.124%(상당히 높음), 운전거리 약 13km(장거리), 2021년 범행시기(윤창호법 적용기), 승용차 운전"
4971,gpt,zero_shot_closed_book,2,0,"재범(1회 전력), 혈중알코올농도 0.066%(면허정지 수치, 비교적 낮음), 운전거리 약 30m로 매우 짧음, 2021년 범행(윤창호법 적용기), 차종 소형승용차"
4972,gpt,zero_shot_closed_book,2,2,"다수 음주 전과(3회), 혈중알코올농도 0.127%, 운전거리 약 2km, 2020년 범행, 승용차 운전"
4973,gpt,zero_shot_closed_book,0,1,"과거 음주운전 전과 2회(벌금형), 혈중알코올농도 0.162%(고도취), 운전거리 5km, 2021년 범행, 승용차(그랜저) 운전"
4974,gpt,zero_shot_closed_book,2,1,"음주 전과(재범), 혈중알코올농도 0.090%, 운전거리 약 25m의 극히 단거리, 차종 승용차, 범행연도 2020년(윤창호법 이후)"
4975,gpt,zero_shot_closed_book,2,1,"재범(음주 전과 1회), 혈중알코올농도 0.088%(면허정지수준), 운전거리 약 500m, 차종 승용차, 범행연도 2020년"
4976,gpt,zero_shot_closed_book,2,0,"음주 전과 2회(동종), 혈중알코올농도 0.070%(면허정지 수치), 운전거리 약 50m(매우 짧음), 2021년 범행, 승용차(아우디 A6)"
4977,gpt,zero_shot_closed_book,0,1,"음주 전과(재범), 혈중알코올농도 0.073%(상대적 저수치), 운전거리 약 1km(단거리), 차종 승용차, 범행연도 2020 (윤창호법 시행 후, 처벌 강화)"
4978,gpt,zero_shot_closed_book,0,1,"재범(음주 전과 1회), 혈중알코올농도 0.078%(면허정지 수준), 운전거리 약 1km, 차종 화물차, 범행연도 2020"
4979,gpt,zero_shot_closed_book,1,1,"혈중알코올농도 0.171%(고도취), 운전거리 약 2km(단거리), 2021년 범행연도(윤창호법 적용기), 차종 화물차(중대성 가중 가능), 음주 전과 불명(가중사유 부재)"
4980,gpt,zero_shot_closed_book,2,1,"음주 전과(2회), 혈중알코올농도 0.139%, 운전거리 약 2km, 범행연도 2019년, 차종 승용차"
4981,gpt,zero_shot_closed_book,0,1,"재범(음주측정거부 전력 1회), 혈중알코올농도 0.206%(상당히 높음), 운전거리 약 1km(단거리), 차종 승용차, 범행연도 2020"
4982,gpt,zero_shot_closed_book,2,2,"음주 전과(2회), 혈중알코올농도(0.199%), 운전거리(약 2km), 범행연도(2020), 차종(승용차)"
4983,gpt,zero_shot_closed_book,2,1,"다회 음주전과(3회, 집행유예 전력 포함), 혈중알코올농도 0.107%, 운전거리 약 1km, 2020년 범행, 승용차"
4984,gpt,zero_shot_closed_book,2,2,"음주 전과(2회: 음주운전·측정거부), 혈중알코올농도 0.213%, 운전거리 약 2km, 차종 승용차, 범행연도 2020"
4985,gpt,zero_shot_closed_book,2,1,"음주 전과(재범), 혈중알코올농도 0.142%(상당히 높음), 운전거리 약 20km(장거리), 범행연도 2021년(윤창호법 적용기), 차종 승용차(K5)"
4986,gpt,zero_shot_closed_book,2,0,"혈중알코올농도 0.098%(면허정지 수치), 운전거리 약 15km(상당), 2020년 범행, 승용차, 전과 기재 없음"
4988,gpt,zero_shot_closed_book,2,2,"다수 음주 전과 및 집행유예 전력, 재범(누범), 혈중알코올농도 0.097%, 운전거리 약 4km, 2020년 범행, 승용차 운전"
4989,gpt,zero_shot_closed_book,2,1,"음주 전과(2016년 1회), 혈중알코올농도 0.123%, 운전거리 약 50m의 단거리, 차종 승합차, 범행연도 2021년"
4990,gpt,zero_shot_closed_book,0,1,"음주 전과(재범), 혈중알코올농도 0.152%(높음), 운전거리 매우 짧음(약 50m), 2020년 범행, 승용차 운전"
4991,gpt,zero_shot_closed_book,2,1,"재범(음주 전과 1회), 혈중알코올농도 0.133%, 운전거리 약 20km, 2021년 범행시기, 승용차 운전"
4992,gpt,zero_shot_closed_book,2,0,"음주 전과 2회(둘 다 벌금형, 장기간 경과), 혈중알코올농도 0.052%(상대적으로 낮음), 운전거리 약 3km, 차종 승용차, 범행연도 2021년(윤창호법 적용기 전후 맥락이나 당시 법정형 상향됐으나 수치 낮음)"
4993,gpt,zero_shot_closed_book,0,1,"음주 전과(동종 전과 1회), 혈중알코올농도 0.139%, 운전거리 약 330m, 범행연도 2020년, 차종 승용차"
4994,gpt,zero_shot_closed_book,2,1,"음주 전과 2회(동종), 혈중알코올농도 0.095%(측정불응 아님·사고 없음), 운전거리 약 700m(단거리), 2021년 범행시기(삼진아웃 전후 강화기), 차종 승용차(특이사정 없음)"
4995,gpt,zero_shot_closed_book,2,1,"음주 전과(동종 전력 1회로 재범), 혈중알코올농도(0.055%로 낮은 편), 운전거리(약 1km로 단거리), 범행연도(2021년-윤창호법 적용기), 차종(승용차)"
4997,gpt,zero_shot_closed_book,3,2,"음주 전과 2회(동종), 혈중알코올농도 0.169%(높음), 운전거리 약 5km, 범행연도 2020년, 승용차 운전"
4998,gpt,zero_shot_closed_book,2,1,"과거 음주운전 전과(2012 벌금), 높은 혈중알코올농도(0.235%), 비교적 짧은 운전거리(약 700m), 승용차, 범행연도(2019)"
4999,gpt,zero_shot_closed_book,1,1,"혈중알코올농도 0.123%, 장거리 운전 약 35km, 2021년 범행시기, 승용차(쏘나타), 음주 전과 불명(기록 없음)"
5000,gpt,zero_shot_closed_book,2,0,"음주 전과(2회, 2016·2006), 혈중알코올농도 낮음(0.032%), 운전거리 김(약 15km), 범행연도(2021), 차종(승용차)"
5001,gpt,zero_shot_closed_book,2,1,"음주 전과(동종 전과 1회, 2019 약식 벌금), 혈중알코올농도 0.068%, 운전거리 약 150m, 범행연도 2020년, 차종 승용차"
5002,gpt,zero_shot_closed_book,2,1,"음주 전과(재범), 혈중알코올농도 0.147%(상당히 높음), 운전거리 약 4km, 화물차(봉고3), 범행연도 2021"
5003,gpt,zero_shot_closed_book,2,1,"음주 전과(재범), 혈중알코올농도 0.105%, 운전거리 약 200m, 범행연도 2020년, 차종 승용차"
5004,gpt,zero_shot_closed_book,2,1,"다수 음주 전과(5회째, 집행유예 전력), 혈중알코올농도 0.059%(면허정지 수준), 운전거리 약 32km의 장거리, 2021년 범행시기, 승용차 이용"
5005,gpt,zero_shot_closed_book,2,1,"재범(과거 1회 음주운전 벌금), 혈중알코올농도 0.120%, 운전거리 약 100m로 매우 짧음, 승용차, 2021년 범행"
5007,gpt,zero_shot_closed_book,2,0,"재범(음주 전과 1회), 혈중알코올농도 0.031%로 매우 낮음, 운전거리 약 20km, 2019년 범행시기(구 도로교통법 하 BAC 기준), 승용차 운전"
5010,gpt,zero_shot_closed_book,2,0,"혈중알코올농도 0.064%(정지 수치로 비교적 낮음), 운전거리 약 500m로 단거리, 2021년 범행(윤창호법 시행 이후이나 단일 사안), 차종 승용차, 음주 전과 기재 없음"
5011,gpt,zero_shot_closed_book,2,1,"혈중알코올농도 매우 높음(0.216%), 단거리 운전(약 100m), 차종 오토바이, 2021년 범행, 음주 전과 기재 없음"
5012,gpt,zero_shot_closed_book,3,2,"다수 음주운전 전과(벌금 2회+집행유예 1회), 혈중알코올농도 0.164%의 고도취, 재범 시기(2021년), 운전거리 150m의 단거리, 승용차 운전"
5013,gpt,zero_shot_closed_book,3,1,"혈중알코올농도 매우 높음(0.262%), 음주운전 전력 존재(재범), 운전거리 짧음(약 500m), 최근 단일 사건으로 인적·물적 피해 없음, 범행연도 2019년(개정 후 가중)"
5014,gpt,zero_shot_closed_book,1,1,"혈중알코올농도 0.106%(면허취소수준이지만 낮은 편), 운전거리 약 30km(상당히 김), 범행연도 2020년, 차종 승용차, 음주 전과 불명(가중 사유 없음)"
5015,gpt,zero_shot_closed_book,3,1,"음주 전과(동종 2회, 집행유예 전력), 혈중알코올농도 0.064%(면허정지 수치), 운전거리 약 700m(단거리), 범행연도 2020년, 차종 승용차"
5016,gpt,zero_shot_closed_book,0,1,"혈중알코올농도 매우 높음(0.223%), 운전거리 장거리(약 15km), 화물차 운전, 2021년 범행, 음주 전과 불명(기재 없음)"
5017,gpt,zero_shot_closed_book,2,1,"음주 전과(2006년 1회), 혈중알코올농도 0.105%, 운전거리 약 200m, 차종 승용차, 범행연도 2020"
5018,gpt,zero_shot_closed_book,1,0,"2021년 범행, 혈중알코올농도 0.083%(면허정지 수치, 낮은 편), 운전거리 약 2km(짧음), 사고·인명피해 없음, 차종: 승용차(소나타), 음주 전과 기재 없음"
5020,gpt,zero_shot_closed_book,2,1,"음주 전과(재범), 혈중알코올농도 0.082%(면허정지 수치, 비교적 낮음), 운전거리 약 2km(단거리), 범행연도 2021년(윤창호법 적용기), 차종 승용차"
5021,gpt,zero_shot_closed_book,2,1,"혈중알코올농도 0.150%, 운전거리 4km, 차종 화물차(포터2), 범행연도 2021, 음주 전과 언급 없음"
5022,gpt,zero_shot_closed_book,0,1,"재범(음주 전과 1회), 혈중알코올농도 0.129%, 운전거리 약 20km, 2020년 범행, 승용차 운전"
5023,gpt,zero_shot_closed_book,0,1,"혈중알코올농도 0.245%의 고도취, 운전거리 약 3km, 승용차, 2013년 범행, 음주운전 전과 불명(기재 없음)"
5024,gpt,zero_shot_closed_book,2,1,"음주 전과 1회(동종), 혈중알코올농도 0.138%(상당히 높음), 운전거리 약 300m(매우 짧음), 차종 승용차, 범행연도 2020년(윤창호법 적용기), 재범이지만 사고 없음"
5025,gpt,zero_shot_closed_book,2,1,"재범(음주 전과 1회, 2013년), 혈중알코올농도 0.158%의 고도 취기, 운전거리 약 4km, 2021년 범행, 승용차 운전"
5026,gpt,zero_shot_closed_book,2,1,"고도취중(혈중알코올농도 0.188%), 짧지 않은 운전거리(약 1km), 재범(음주운전 전과 1회), 장기간 경과 전과(2007년), 최근 범행연도(2021년), 승용차(K7)"
5027,gpt,zero_shot_closed_book,2,1,"혈중알코올농도 0.149%(상당히 높음), 운전거리 약 18km(상당히 김), 화물차(상대적 위험성), 범행연도 2021년(윤창호법 시행 이후)"
5029,gpt,zero_shot_closed_book,1,0,"혈중알코올농도 0.121%, 운전거리 약 100m의 매우 단거리, 2021년 범행, 차종 승용차, 음주 전과 불명(기재 없음)"
5030,gpt,zero_shot_closed_book,2,1,"재범(과거 음주운전 벌금 전력), 혈중알코올농도 0.126%(상당히 높음), 운전거리 약 3km, 승용차, 범행연도 2020"
5031,gpt,zero_shot_closed_book,2,0,"음주 전과 1회(재범), 혈중알코올농도 0.068%(측정치 낮음), 운전거리 약 300m(매우 단거리), 2020년 범행시점(구 도로교통법 하 한도), 승용차 일반 차량"
5032,gpt,zero_shot_closed_book,2,2,"다수 음주운전 전과(3회), 높은 혈중알코올농도(0.221%), 비교적 짧은 운전거리(약 800m), 2021년 범행, 승용차 운전"
5033,gpt,zero_shot_closed_book,2,1,"음주 전과(2회), 혈중알코올농도 0.140%, 운전거리 약 500m, 차량승용차, 범행연도 2019"
5034,gpt,zero_shot_closed_book,2,1,"혈중알코올농도 높음(0.178%), 비교적 짧은 운전거리(약 3.6km), 2021년 범행, 승용차, 전과 언급 없음(단일 음주운전)"
5035,gpt,zero_shot_closed_book,2,1,"혈중알코올농도 0.132%, 운전거리 약 13km, 차종(봉고 화물차), 범행연도 2021년"
5036,gpt,zero_shot_closed_book,3,1,"혈중알코올농도 매우 높음(0.236%), 운전거리 매우 짧음(약 20m), 2021년 범행, 승용차, 음주 전과 불상"
5037,gpt,zero_shot_closed_book,2,3,"다수 음주 전과, 혈중알코올농도 0.247%의 고도취, 운전거리 약 5km, 2020년 범행, 승용차(쏘렌토) 운전"
5038,gpt,zero_shot_closed_book,2,1,"음주 전과 2회(재범), 혈중알코올농도 0.148%(상당히 높음), 운전거리 약 300m(짧음), 범행연도 2019년(윤창호법 시행기), 차량 화물차(상대적 위험성)"
5039,gpt,zero_shot_closed_book,0,1,"혈중알코올농도 0.144%, 운전거리 약 20km의 장거리, 2021년 범행시점(윤창호법 시행기), 차종 승용차, 음주 전과 기재 없음"
5040,gpt,zero_shot_closed_book,2,2,"음주 전과 다수(4범, 집행유예 전력), 혈중알코올농도 0.102%, 운전거리 약 1.5km, 2020년 범행, 승용차 운전"
5041,gpt,zero_shot_closed_book,2,2,"누범(음주운전 전과 2회), 고도취(혈중알코올농도 0.209%), 운전거리 짧음(약 1m), 범행연도(2019년, 특가법 적용 시기), 차량종류(승합차)"
5042,gpt,zero_shot_closed_book,2,0,"음주 전과(1회), 혈중알코올농도(0.051% 낮음), 운전거리(약 1km 단거리), 범행연도(2020, 윤창호법 적용기), 차종(승용차)"
5043,gpt,zero_shot_closed_book,3,0,"혈중알코올농도 0.113%(면허취소 수치이나 낮은 편), 운전거리 약 3km로 단거리, 사고·도주·무면허·측정거부 등 가중사유 없음, 2021년 범행, SUV 승용차"
5044,gpt,zero_shot_closed_book,2,1,"혈중알코올농도 0.162%, 운전거리 약 400m, 2021년 범행, 승용차, 음주 전과 기재 없음"
5045,gpt,zero_shot_closed_book,3,1,"음주 전과(1회, 2011년), 혈중알코올농도 0.141%(상당히 높음), 운전거리 약 4km(단거리-중거리), 범행연도 2021년(현행 법체계), 차종 승용차(통상)"
5046,gpt,zero_shot_closed_book,0,1,"음주 전과(2009년 1회), 혈중알코올농도 0.124%, 운전거리 약 10m(극히 단거리), 차종 SUV(투싼), 범행연도 2021년"
5047,gpt,zero_shot_closed_book,2,1,"재범(음주전과 1회), 혈중알코올농도 0.078%(면허정지 수치, 낮은 편), 운전거리 200m(매우 짧음), 고급 승용차 운전, 범행연도 2021년(윤창호법 적용기), 인적피해 없음"
5048,gpt,zero_shot_closed_book,0,1,"혈중알코올농도 0.083%(면허정지 수치, 중간 정도), 운전거리 약 25km(상당히 김), 2021년 범행, 차종 승용차, 음주 전과 기재 없음(초범 추정)"
5049,gpt,zero_shot_closed_book,2,1,"재범(음주 전과 1회), 혈중알코올농도 0.085%, 운전거리 약 2km, 승용차, 2020년 범행"
5050,gpt,zero_shot_closed_book,1,0,"초범 추정, 혈중알코올농도 0.065%(면허정지 수치의 하한대), 운전거리 약 200m로 매우 짧음, 2021년 범행연도, 화물차종 운전 but 사고·도주·무면허 등 가중사유 없음"
5051,gpt,zero_shot_closed_book,2,1,"음주 전과(1회 재범), 혈중알코올농도 0.087%, 운전거리 약 500m, 범행연도 2020년, 차종 승용차"
5052,gpt,zero_shot_closed_book,2,1,"음주 전과(재범), 혈중알코올농도 0.141%, 운전거리 약 1km, 범행연도 2021년, 차종 승용차"
5053,gpt,zero_shot_closed_book,2,2,"혈중알코올농도 매우 높음(0.305%), 운전거리 약 2.5km, 2021년 범행, 승용차, 음주 전과 기재 없음"
5054,gpt,zero_shot_closed_book,0,1,"혈중알코올농도 0.134%(면허취소수준 중간대), 운전거리 약 50m로 매우 짧음, 2020년 범행시점(윤창호법 시행기), 승용차, 전과 기재 없음"
5055,gpt,zero_shot_closed_book,2,2,"재범(동종 전과 1회), 혈중알코올농도 매우 높음(0.231%), 운전거리 약 1.5km, 승용차, 범행연도 2021"
5056,gpt,zero_shot_closed_book,2,1,"다수 음주운전 전력(3회 벌금 전과), 혈중알코올농도 0.073%(면허정지 수치), 운전거리 약 4km, 2020년 범행, 승용차(모닝) 운전"
5057,gpt,zero_shot_closed_book,2,1,"재범(음주 전과 1회), 혈중알코올농도 매우 높음(0.208%), 운전거리 중장거리(약 8km), 오토바이, 범행연도 2021년(윤창호법 적용기)"
5058,gpt,zero_shot_closed_book,1,0,"혈중알코올농도 0.09%(면허정지 수치, 비교적 낮음), 운전거리 약 2.8km(단거리), 2021년 범행(최근), 차종 승용차, 별도 사고·도주·상해·음주 전과 언급 없음"
5059,gpt,zero_shot_closed_book,2,1,"음주 전과(동종 전력 1회), 혈중알코올농도 0.100%, 운전거리 약 100m의 단거리, 차종 승용차, 범행연도 2020년(윤창호법 시행 후)"
5060,gpt,zero_shot_closed_book,2,1,"음주 전과(재범), 혈중알코올농도 0.130%, 장거리 주행(약 30km), 범행연도 2019년, 차종 승용차"
5061,gpt,zero_shot_closed_book,2,1,"음주 전과 2회(누범), 혈중알코올농도 0.113%, 운전거리 약 4.8km, 범행연도 2020년, 승용차(K5) 운전"
5062,gpt,zero_shot_closed_book,2,0,"음주 전과(2008 벌금 전력, 10년 이상 경과), 혈중알코올농도 0.072%(면허정지 수치, 비교적 낮음), 운전거리 약 500m(단거리), 차종 승용차, 범행연도 2019"
5064,gpt,zero_shot_closed_book,2,1,"음주 전과 2회(동종), 혈중알코올농도 0.085%, 운전거리 약 3km, 2020년 범행, 승용차 운전"
5065,gpt,zero_shot_closed_book,0,0,"혈중알코올농도 0.074%(상대적으로 낮음), 운전거리 약 100m로 매우 짧음, 2020년 범행(윤창호법 시행기), 차종 일반 승용차, 음주 전과 기재 없음"
5066,gpt,zero_shot_closed_book,2,1,"음주 전과(2회, 2010년 이후 장기간 경과), 혈중알코올농도(0.061%로 낮은 편), 운전거리(약 28km로 장거리), 범행연도(2021년, 개정법 적용 시기), 차종(승용차)"
5067,gpt,zero_shot_closed_book,2,1,"음주 전과(동종 전력 1회), 혈중알코올농도 0.226% (매우 높음), 운전거리 약 4.4km, 차종 승용차, 범행연도 2021"
5068,gpt,zero_shot_closed_book,2,1,"음주 전과 2회(동종), 혈중알코올농도 0.102%, 운전거리 매우 짧음(약 10m), 2020년 범행, 승용차 운전"
5069,gpt,zero_shot_closed_book,2,1,"음주 전과(재범, 2010 벌금 전력), 혈중알코올농도(0.05% 저단위), 운전거리(약 1.2km 단거리), 차종(승용차), 범행연도(2020)"
5070,gpt,zero_shot_closed_book,2,1,"음주 전과 2회(동종), 혈중알코올농도 0.123%, 운전거리 약 500m(단거리), 차종 화물차, 범행연도 2019년"
5071,gpt,zero_shot_closed_book,0,1,"혈중알코올농도 0.187%, 운전거리 약 500m, 차종 승용차(쏘나타), 범행연도 2020, 음주 전과 기재 없음"
5072,gpt,zero_shot_closed_book,2,0,"음주 전과(1회, 2014, 벌금), 혈중알코올농도(0.081% 낮음), 운전거리(약 15m 극히 짧음·주차장 인근), 재범 간격(약 7년 경과), 범행연도(2021)"
5073,gpt,zero_shot_closed_book,1,1,"혈중알코올농도 0.102%(면허취소 수치), 단거리 운전(약 10m), 2021년 범행시기(윤창호법 시행 이후), 승합차 운전, 별도 사고·도주·부상 등 가중사유 부재"
5074,gpt,zero_shot_closed_book,2,0,"혈중알코올농도 0.134%(면허취소 수준), 운전거리 약 2.8km, 2021년 범행, 승용차, 음주 전과 기재 없음"
5075,gpt,zero_shot_closed_book,0,1,"음주 전과(재범), 혈중알코올농도 0.197%(상당히 높음), 운전거리 약 200m(매우 단거리), 범행연도 2020년(윤창호법 적용기), 차종 승용차"
5076,gpt,zero_shot_closed_book,2,1,"혈중알코올농도 0.156%(고도취기), 짧은 운전거리(약 5m), 2021년 범행시기, 승용차, 음주 전과 언급 없음(초범 추정)"
5077,gpt,zero_shot_closed_book,2,1,"음주 전과(2013 벌금 전력 1회), 혈중알코올농도 0.146%(면허취소 수치·상당히 높음), 운전거리 약 200m(매우 짧음), 차량 승용차, 범행연도 2020(당시 양형기준상 재범이지만 장기 공소사실 없음)"
5078,gpt,zero_shot_closed_book,2,1,"음주 전과(1회, 2012년), 혈중알코올농도 0.129%, 운전거리 약 23km, 차종 승용차, 범행연도 2021년"
5079,gpt,zero_shot_closed_book,3,1,"혈중알코올농도 0.162%, 운전거리 약 200m, 차종 승용차(쏘나타), 범행연도 2021, 음주 전과 불명(기재 없음)"
5080,gpt,zero_shot_closed_book,2,2,"음주 전과(동종 1회), 혈중알코올농도 0.184%(고도), 운전거리 약 50m(매우 단거리), 범행연도 2020년(개정법 적용 시기), 차종 승용차(통상)"
5081,gpt,zero_shot_closed_book,2,1,"음주 전과 2회(삼진 이상), 혈중알코올농도 0.047%로 낮음, 운전거리 약 50m로 매우 짧음, 2019년 범행, 승용차 운전"
5082,gpt,zero_shot_closed_book,2,1,"재범(음주 전과 1회), 혈중알코올농도 0.067%(비교적 낮음), 장거리 운전(약 50km), 2021년 범행, 화물차(상대적 위험성)"
5083,gpt,zero_shot_closed_book,3,2,"다수의 음주운전 전과(동종 집행유예 포함), 재범, 혈중알코올농도 0.140%, 운전거리 단거리(약 50m), 2019년 범행, 승용차(그랜저)"
5087,gpt,zero_shot_closed_book,0,1,"음주 전과(재범), 혈중알코올농도 0.073%, 운전거리 약 200m, 차종 1톤 화물차, 범행연도 2020"
5088,gpt,zero_shot_closed_book,2,1,"음주 전과(2회), 혈중알코올농도(0.147%), 운전거리(약 500m), 범행연도(2020), 차종(SUV)"
5089,gpt,zero_shot_closed_book,2,1,"동종 전과(재범, 1회), 혈중알코올농도 0.083%(면허정지 수치대), 운전거리 약 100m(매우 짧음), 2019년 범행, 승용차(K7)"
5090,gpt,zero_shot_closed_book,2,1,"음주 전과 다수(3회), 혈중알코올농도 0.05%(낮음), 운전거리 약 5km, 2020년 범행, 승용차 운전"
5092,gpt,zero_shot_closed_book,2,2,"음주 전과(2015 벌금 전력), 높은 혈중알코올농도(0.225%), 운전거리(약 2km), 범행연도(2021), 차종(승용차)"
5093,gpt,zero_shot_closed_book,2,0,"재범(2회 위반), 혈중알코올농도 0.080%(면허정지 하한), 운전거리 약 200m로 매우 단거리, 오래된 전과(2009년 1회 벌금), 인적·물적 피해 없음, 2020년 범행연도(윤창호법 적용기 사안이나 수치·거리 경미)"
5094,gpt,zero_shot_closed_book,0,1,"음주 전과(동종 1회), 혈중알코올농도(0.130%), 운전거리(약 10m 단거리), 범행연도(2019년 첫삼진법 시행 전), 차종(승용차)"
5095,gpt,zero_shot_closed_book,0,1,"혈중알코올농도 0.130%, 운전거리 약 5km, 2021년 범행, 승용차, 전과·사고·무면허 등 가중사유 기재 없음"
5096,gpt,zero_shot_closed_book,1,0,"초기 적발, 혈중알코올농도 0.076%(면허정지 수치, 낮은 편), 운전거리 약 1.3km, 2021년 범행, 승용차 운전"
5097,gpt,zero_shot_closed_book,0,1,"재범(음주 전과 1회로 2회 이상 위반), 높은 혈중알코올농도(0.210%), 운전거리 매우 단거리(약 2m), 범행연도(2020년·윤창호법 적용 시기), 차종(승용차)"
5098,gpt,zero_shot_closed_book,2,1,"재범(과거 1회 벌금 전력), 혈중알코올농도 0.183%로 높은 편, 운전거리 약 4km, 2019년 범행, 승용차 운전"
5099,gpt,zero_shot_closed_book,2,1,"재범(음주 전과 1회로 2회 위반), 혈중알코올농도 0.075%(면허정지 수치, 비교적 낮음), 운전거리 약 300m(단거리), 차량종류 승용차, 범행연도 2020(윤창호법 시행 이후)"
5100,gpt,zero_shot_closed_book,2,1,"재범(음주 전과 1회), 혈중알코올농도 0.184%(상당히 높음), 운전거리 약 500m(단거리), 범행연도 2021년(윤창호법 적용 시기), 차종 승용차(대형사고 미발생)"
5101,gpt,zero_shot_closed_book,2,2,"음주 전과(재범), 혈중알코올농도 0.222%의 고도취중, 운전거리 약 8km, 범행연도 2021년(윤창호법 적용기), 차종(포터 화물차)"
5102,gpt,zero_shot_closed_book,2,0,"낮은 혈중알코올농도(0.037%), 짧은 운전거리(약 100m), 음주 전과 2회이나 최근 집행유예 이후 상당기간 경과, 2020년 범행, 승용차 운전"
5103,gpt,zero_shot_closed_book,2,1,"혈중알코올농도 0.234%(상당히 높음), 운전거리 약 500m(단거리), 사고·인명피해 없음, 2021년 범행시기(윤창호법 기수범 시기), 승용차 운전, 전과 기재 없음(불명)"
5104,gpt,zero_shot_closed_book,2,1,"음주 전과(재범), 혈중알코올농도 0.140%(상당히 높음), 운전거리 약 5km, 차종 승용차, 범행연도 2021년(윤창호법 적용기), 인명피해 없음"
5106,gpt,zero_shot_closed_book,2,1,"음주 전과(측정거부 전력으로 재범), 혈중알코올농도 0.125%(상당히 높은 수치), 운전거리 약 300m(매우 짧음), 범행연도 2021년(개정법 적용 시기), 차종 승용차"
5107,gpt,zero_shot_closed_book,2,1,"음주 전과 다수(3회, 재범), 혈중알코올농도 0.172%(고도취), 운전거리 매우 짧음(약 10m), 범행연도 2021년(윤창호법 적용기), 차종 승용차"
5109,gpt,zero_shot_closed_book,3,1,"음주 전과 2회(재범), 혈중알코올농도 0.121%(상대적 고도), 운전거리 약 2km, 차종 승용차, 범행연도 2020년(윤창호법 적용기), 인적피해 없음"
5110,gpt,zero_shot_closed_book,2,1,"음주 전과 2회(동종), 혈중알코올농도 0.215% 매우 높음, 운전거리 약 100m 단거리, 승용차, 2020년 범행"
5111,gpt,zero_shot_closed_book,1,0,"혈중알코올농도 0.040%(낮음), 운전거리 약 3.5km(단거리), 차종 이륜차, 2021년 범행(윤창호법 체계 하), 음주 전과 기재 없음"
5112,gpt,zero_shot_closed_book,2,1,"재범(과거 음주운전 벌금 전력 1회), 높은 혈중알코올농도(0.192%), 비교적 단거리 운전(약 3km), 차량 종류(승용차), 범행연도(2021년)"
5113,gpt,zero_shot_closed_book,2,1,"과거 음주운전 전과(1회, 2010년 벌금), 높은 혈중알코올농도(0.236%), 운전거리(약 1km), 범행연도(2020년), 차종(승용차)"
5114,gpt,zero_shot_closed_book,0,1,"혈중알코올농도 0.120%, 운전거리 약 13km, 차종 승용차, 2020년 범행, 음주 전과 기재 없음"
5117,gpt,zero_shot_closed_book,2,1,"음주 전과(재범), 혈중알코올농도 0.080%, 운전거리 약 2km, 차종 승용차, 범행연도 2021"
5118,gpt,zero_shot_closed_book,3,1,"음주 전과(재범), 혈중알코올농도 0.213%(상당히 높음), 운전거리 약 200m(매우 짧음), 범행연도 2019년(구 도로교통법 적용 시기), 차종 승용차(일반)"
5119,gpt,zero_shot_closed_book,2,1,"음주 전과(재범), 혈중알코올농도 0.128%(상당히 높음), 운전거리 약 1km(단거리), 차종 승용차, 범행연도 2020(윤창호법 적용 시기)"
5120,gpt,zero_shot_closed_book,2,1,"음주 전과(재범), 혈중알코올농도 0.128%, 운전거리 약 12km, 범행연도 2020년, 승용차 운전"
5121,gpt,zero_shot_closed_book,2,1,"재범(음주 전과 1회), 매우 높은 혈중알코올농도(0.260%), 운전거리 매우 단거리(약 10m), 승합차, 범행연도 2021년(윤창호법 적용기), 인명피해 없음"
5123,gpt,zero_shot_closed_book,2,1,"음주 전과(재범), 혈중알코올농도 0.109%, 운전거리 약 19km, 2020년 범행, 승용차 운전"
5124,gpt,zero_shot_closed_book,3,1,"음주 전과 다수(3회, 집행유예 전력 포함), 혈중알코올농도 0.080%, 운전거리 약 700m, 2021년 범행, 승용차(싼타페)"
5125,gpt,zero_shot_closed_book,0,0,"음주 전과(2007년 1회, 장기 경과), 혈중알코올농도(0.040%로 낮음, 당시 처벌기준 하한선), 운전거리(약 200m로 매우 짧음), 차종(승용차), 범행연도(2020년 단속)"
5126,gpt,zero_shot_closed_book,2,1,"음주 전과 2회(동종), 혈중알코올농도 0.139%, 운전거리 약 35km, 2021년 범행, 소형 승용차 운전"
5127,gpt,zero_shot_closed_book,1,3,"음주 전과 다수(2회 이상, 1회 집행유예 포함), 혈중알코올농도 0.192% 고도취, 재범시기 2019년(삼진 이상 해당 시기), 승용차, 운전거리 짧으나 위험도 높음"
5129,gpt,zero_shot_closed_book,2,1,"음주 전과 2회(동종), 혈중알코올농도 0.037%(상대적으로 낮음), 운전거리 약 2.4km, 2019년 범행(윤창호법 시행기), 차종 승용차"
5130,gpt,zero_shot_closed_book,2,1,"음주 전과(동종 1회), 혈중알코올농도 0.103%, 운전거리 약 6km, 범행연도 2020년, 차종 승용차"
5131,gpt,zero_shot_closed_book,3,2,"다수 음주운전 전과 및 2회 집행유예 전력, 혈중알코올농도 0.125%의 높은 수치, 운전거리 약 200m의 단거리, 2019년 범행, 승용차 운전"
5133,gpt,zero_shot_closed_book,2,2,"음주 전과 다수(동종 4회, 징역 전력), 혈중알코올농도 0.149%, 운전거리 약 3km, 차종 승용차, 범행연도 2020"
5134,gpt,zero_shot_closed_book,2,1,"음주 전과(재범, 2회 이상 위반), 높은 혈중알코올농도(0.195%), 비교적 짧은 운전거리(약 2.5km), 범행연도(2020년, 윤창호법 적용기), 차종(승용차)"
5135,gpt,zero_shot_closed_book,2,1,"음주 전과(동종 전력 1회로 2회 이상 위반), 혈중알코올농도 0.141%, 운전거리 약 600m, 차종 승용차, 범행연도 2021"
5136,gpt,zero_shot_closed_book,2,0,"혈중알코올농도 0.101%(면허정지 구간), 운전거리 약 7km(중간), 2021년 범행, 초범 여부 및 사고·도주 등 가중사유 기재 없음, 경차(모닝) 운전"
5138,gpt,zero_shot_closed_book,2,1,"음주 전과 2회(재범), 혈중알코올농도 0.118%(상당히 높음), 운전거리 매우 짧음(약 10m), 2020년 범행, 소형차(마티즈)"
5139,gpt,zero_shot_closed_book,3,2,"음주 전과 2회(동종 집행유예 포함), 집행유예 기간 경과 후 재범이나 누범경합 아님, 혈중알코올농도 0.093%(상당히 높음), 운전거리 약 5km(상당), 2021년 범행, 승용차 운전"
5140,gpt,zero_shot_closed_book,0,1,"음주 전과(동종 1회), 혈중알코올농도 0.132%, 운전거리 약 1.7km, 범행연도 2019, 차종 승용차"
5141,gpt,zero_shot_closed_book,2,1,"음주 전과(재범), 혈중알코올농도 0.103%(면허정지 수치 상회), 운전거리 약 300m(단거리), 차종 승용차, 범행연도 2019"
5142,gpt,zero_shot_closed_book,3,1,"음주 전과(2회, 집행유예 포함), BAC 0.120%, 운전거리 약 100m의 단거리, 2021년 범행, 승용차 운전"
5143,gpt,zero_shot_closed_book,2,1,"음주 전과(재범, 1회), 혈중알코올농도 0.112%, 운전거리 약 19km, 차종 승용차, 범행연도 2019"
5144,gpt,zero_shot_closed_book,1,0,"혈중알코올농도 0.068%(측정치 낮음), 운전거리 약 10m로 극히 단거리, 2021년 범행연도(도로교통법 개정 이후이나 수치 낮음), 차종 승용차, 음주 전과 불상(기재 없음)"
5145,gpt,zero_shot_closed_book,2,1,"음주 전과 2회(2008·2009, 장기 공백), 혈중알코올농도 0.081%(면허정지 수치, 비교적 낮음), 운전거리 약 4km(단거리), 2021년 범행, 차종 승용차"
5146,gpt,zero_shot_closed_book,1,0,"혈중알코올농도(0.03%대, 하한에 근접), 운전거리(약 300m로 단거리), 범행연도(2021년, 윤창호법 적용기), 음주 전과 기재 부재(초범 추정), 차종(승용차)"
5147,gpt,zero_shot_closed_book,2,0,"음주 전과(1회, 2008년, 벌금형), 혈중알코올농도(0.052%, 낮은 편, 측정치), 운전거리(약 2.3km, 비교적 단거리), 차종(오토바이), 범행연도(2021년, 윤창호법 이후이나 수치 낮음)"
5148,gpt,zero_shot_closed_book,2,1,"음주 전과(재범), 혈중알코올농도 0.075%, 운전거리 약 1.4km, 범행연도 2020년(개정법 적용 시기), 차종 승용차"
5149,gpt,zero_shot_closed_book,2,1,"혈중알코올농도 0.131%, 운전거리 약 1.1km, 2021년 범행, 승용차(투싼), 음주 전과 기재 없음"
5150,gpt,zero_shot_closed_book,2,1,"재범(음주 전과 1회), 고혈중알코올농도(0.207%), 장거리 운전(약 15km), 2020년 범행, 승용차(벤츠) 운전"
5151,gpt,zero_shot_closed_book,3,1,"혈중알코올농도 매우 높음(0.204%), 운전거리 짧음(약 700m), 음주 전과 기재 없음, 2021년 범행, 승용차 운전"
5152,gpt,zero_shot_closed_book,3,1,"음주 전과(재범), 혈중알코올농도 0.149%, 운전거리 약 1km, 차량 승합차, 범행연도 2021"
5153,gpt,zero_shot_closed_book,2,1,"음주 전과(재범, 과거 벌금형), 혈중알코올농도(0.111%), 운전거리(약 300m 단거리), 범행연도(2020년, 윤창호법 적용기), 차종(승용차)"
5154,gpt,zero_shot_closed_book,2,1,"음주 전과(재범, 2회 이상), 혈중알코올농도 0.146%(상당히 높음), 운전거리 약 300m(매우 짧음), 차종 승용차, 범행연도 2019(윤창호법 적용 시기)"
5155,gpt,zero_shot_closed_book,2,1,"재범(과거 벌금 전력 1회), 혈중알코올농도 0.117%(상당히 높음), 운전거리 약 2.2km(단거리), 2019년 범행시기, 승용차(벤츠) 운전"
5156,gpt,zero_shot_closed_book,2,1,"재범(음주 전과 1회), 혈중알코올농도 0.216%(상당히 높음), 운전거리 약 300m(매우 단거리), 2021년 범행시점(윤창호법 적용기), 승용차(보통 차량)"
5157,gpt,zero_shot_closed_book,2,1,"음주 전과(재범), 혈중알코올농도 0.046%(상대적 저도), 운전거리 약 300m(단거리), 차종 승용차, 범행연도 2021"
5158,gpt,zero_shot_closed_book,0,0,"재범(2회), 혈중알코올농도 0.076%(저도), 운전거리 약 200m(단거리), 이전 전력 기소유예(정식전과 아님), 2020년 범행, 승용차 K5"
5159,gpt,zero_shot_closed_book,2,1,"음주 전과(동종 전력 1회, 오래된), 혈중알코올농도 0.147%, 운전거리 약 300m, 2020년 범행, 승용차(싼타페)"
5160,gpt,zero_shot_closed_book,2,1,"혈중알코올농도 0.187% (고도), 운전거리 약 1km(단거리), 차종 화물차, 2021년 범행, 음주 전과 불특정(기재 없음)"
5161,gpt,zero_shot_closed_book,2,2,"음주 전과 2회(재범·상습성), 혈중알코올농도 0.200%(상당히 높음), 운전거리 약 2.4km, 범행연도 2020년(윤창호법 시행기), 승용차 운전"
5162,gpt,zero_shot_closed_book,2,1,"음주 전과 1회(재범), 혈중알코올농도 0.156%(고도), 운전거리 약 2km, 2021년 범행, 승용차 K5 운전"
5163,gpt,zero_shot_closed_book,2,1,"음주 전과(재범), 혈중알코올농도 0.161%(상당히 높음), 운전거리 약 200m(매우 짧음), 차종 승용차, 범행연도 2020"
5164,gpt,zero_shot_closed_book,2,1,"음주 전과(동종 1회), 혈중알코올농도 0.054%, 운전거리 약 200m, 차종 승용차, 범행연도 2019년"
5165,gpt,zero_shot_closed_book,2,1,"혈중알코올농도 0.220%(고도 취기), 운전거리 약 9km(상당), 차종 승용차, 범행연도 2021년(윤창호법 시행기), 전과 기재 없음(불리 사정 부재)"
5166,gpt,zero_shot_closed_book,2,1,"음주 전과(재범), BAC 0.067%(면허정지 수준), 운전거리 약 200m(단거리), 차종 승용차, 범행연도 2021(개정법 이후)"
5167,gpt,zero_shot_closed_book,0,1,"혈중알코올농도 매우 높음(0.239%), 운전거리 짧음(약 500m), 2020년 범행, 차종(승용차), 음주 전과 불명(기재 없음)"
5168,gpt,zero_shot_closed_book,0,0,"낮은 혈중알코올농도(0.043%), 무사고·단거리(약 400m), 음주운전 전력 1회(재범이지만 오래된 2007년), 2020년 범행년도(윤창호법 시기이나 수치 낮음), 승용차 운전"
5169,gpt,zero_shot_closed_book,2,1,"음주 전과 2회(동종), 혈중알코올농도 0.1% 이상, 운전거리 약 1.4km, 2020년 범행, 벤츠 승용차 운전"
5170,gpt,zero_shot_closed_book,2,1,"음주 전과(재범, 2012 1회), 혈중알코올농도 0.066%(면허정지 수치, 아슬아님), 운전거리 약 770m(단거리), 차종 승용차, 2020년 범행(윤창호법 시행기)"
5171,gpt,zero_shot_closed_book,2,1,"음주 전과(동종 전력 1회), 혈중알코올농도 0.164%(고도취), 운전거리 매우 짧음(약 10m), 차종 승용차, 범행연도 2019"
5172,gpt,zero_shot_closed_book,2,1,"재범(음주 전과 1회), 혈중알코올농도 0.114%, 운전거리 매우 짧음(약 10m), 차종 승용차, 2021년 범행(윤창호법 적용기)"
5173,gpt,zero_shot_closed_book,2,1,"혈중알코올농도 0.105%(면허취소 수치), 장거리 운전 약 87km, 승용차 K5, 2021년 범행, 음주 전과 불명(기재 없음)"
5174,gpt,zero_shot_closed_book,2,1,"음주 전과(재범), 높은 혈중알코올농도(0.197%), 비교적 긴 운전거리(약 20km), 비교적 최근 범행연도(2021), 승용차 운전"
5176,gpt,zero_shot_closed_book,2,1,"혈중알코올농도 0.230%(고도취), 운전거리 약 8km(장거리), 2021년 범행, 승용차 벤츠 E220, 음주 전과 기재 없음"
5177,gpt,zero_shot_closed_book,0,1,"혈중알코올농도 0.116%(상당히 높음), 운전거리 약 1.5km(단거리), 2020년 사건(최근), 차종 승용차, 음주 전과 기재 없음"
5179,gpt,zero_shot_closed_book,1,0,"혈중알코올농도 0.036%(면허정지 하한에 근접한 저수치), 운전거리 약 13km(중간), 차종 승용차, 2021년 범행, 음주 전과 불명(기재 없음)"
5180,gpt,zero_shot_closed_book,0,0,"혈중알코올농도 0.073%(초범 기준 벌금 영역), 운전거리 약 3km(단거리), 2021년 범행(윤창호법 이후이나 수치 낮음), 차종 승용차(대형사고 정황 없음), 특별 가중사유 부재(사고·도주·음주 전과 언급 없음)"
5181,gpt,zero_shot_closed_book,2,1,"음주 전과(재범, 1회), 혈중알코올농도 0.139%, 운전거리 약 500m, 범행연도 2019년, 차종 승용차"
5182,gpt,zero_shot_closed_book,0,2,"혈중알코올농도 0.204%(고도), 운전거리 약 30km(장거리), 2021년 범행시점(윤창호법 적용기), 승용차 소나타(일반차량), 음주 전과 불명(가중·감경 사유 없음)"
5183,gpt,zero_shot_closed_book,0,1,"혈중알코올농도 0.113%, 운전거리 약 1km, 2020년 범행, 차종 이륜차, 전과 기재 없음"
5184,gpt,zero_shot_closed_book,3,1,"음주 전과 2회(동종), 혈중알코올농도 0.082%(상대적으로 낮음), 운전거리 약 2km(단거리), 범행연도 2021년(윤창호법 시행 이후), 차종 승용차"
5185,gpt,zero_shot_closed_book,0,0,"초범 추정, 혈중알코올농도 0.056%로 낮음(면허정지 수치), 매우 짧은 운전거리(약 1m, 주차장 내), 2021년 범행, 고가 차량이나 사고·인명피해 없음"
5186,gpt,zero_shot_closed_book,2,1,"과거 음주측정거부 2회 전력, 혈중알코올농도 0.137%, 운전거리 약 50m로 매우 짧음, 2020년 범행, 화물차(포터) 운전"
5187,gpt,zero_shot_closed_book,0,1,"혈중알코올농도 0.184%(고도취중), 운전거리 약 4km(단거리), 2020년 범행시기(윤창호법 시행 이후), 차종 승용차, 음주운전 전과 기재 없음(초범 추정)"
5188,gpt,zero_shot_closed_book,1,1,"혈중알코올농도 0.152%, 초범 여부 불명, 운전거리 약 1km의 단거리, 이륜차(125cc 오토바이), 범행연도 2019"
5189,gpt,zero_shot_closed_book,2,1,"음주 전과(재범), 혈중알코올농도 0.110%, 매우 짧은 운전거리(약 2m), 장기간 경과된 전력(2009년), 승합차(그랜드스타렉스), 범행연도 2021년"
5190,gpt,zero_shot_closed_book,2,1,"혈중알코올농도 0.215%(고도취중), 운전거리 약 20m(매우 짧음), 2020년 범행(윤창호법 시행기), 승용차 종류(일반), 음주 전과 불명(가중 사유 특정 없음)"
5191,gpt,zero_shot_closed_book,0,1,"재범(과거 음주운전 전력 1회), 혈중알코올농도 0.093%, 운전거리 약 5km, 2020년 범행시기, 승용차 운전"
5193,gpt,zero_shot_closed_book,2,1,"혈중알코올농도 0.250%(상당히 높음), 음주 전과 1회(2011년 벌금 약식), 운전거리 약 20m로 매우 짧음, 2021년 범행, 승용차(체어맨) 운전"
5194,gpt,zero_shot_closed_book,0,1,"음주 전과(1회, 재범), 혈중알코올농도 0.141%(상당히 높음), 운전거리 약 500m(단거리), 차종 승용차, 범행연도 2020(윤창호법 시행기)"
5195,gpt,zero_shot_closed_book,2,2,"혈중알코올농도 매우 높음(0.253%), 장거리 운전(약 20km), 2021년 범행, 승용차(싼타페), 음주 전과 기재 없음"
5196,gpt,zero_shot_closed_book,2,1,"혈중알코올농도 0.196%(만취·상대적으로 높음), 운전거리 약 5km(단거리-중거리), 2021년 범행(윤창호법 적용 시기), 승용차, 음주운전 전과 기재 없음(초범 추정)"
5197,gpt,zero_shot_closed_book,2,2,"혈중알코올농도 0.189%(고도 음주), 음주 전과 2회 이상(동종 누범), 운전거리 약 2km, 범행연도 2021년, 차종 승용차"
5198,gpt,zero_shot_closed_book,2,2,"음주 전과 2회(재범·상습성), 혈중알코올농도 0.097%(면허정지수준 상단), 장거리 운전(약 80km), 차종(승용차), 범행연도 2021"
5199,gpt,zero_shot_closed_book,0,1,"음주 전과(2010 약식 벌금 1회, 재범), 혈중알코올농도 0.092%(측정거부 아님, 면허정지 수치대), 운전거리 약 3km(단거리), 차종 승용차, 범행연도 2019(윤창호법 시행기)"
5200,gpt,zero_shot_closed_book,2,1,"음주 전과 1회(2009, 경미), 혈중알코올농도 0.137%(상당히 높음), 운전거리 약 500m(단거리), 2021년 범행, 승용차(아우디) 운전"
5201,gpt,zero_shot_closed_book,2,1,"다회 음주운전 전과(3회), 혈중알코올농도 0.135%(상당히 높음), 운전거리 약 300m(단거리), 2020년 범행시기(윤창호법 적용기), 승용차 K5 운전"
5202,gpt,zero_shot_closed_book,2,2,"음주 전과(2회), 혈중알코올농도(0.200%), 운전거리(약 16km), 차종(승용차), 범행연도(2020)"
5203,gpt,zero_shot_closed_book,1,1,"혈중알코올농도 매우 높음(0.268%), 운전거리 짧음(약 160m), 차종 승용차, 범행연도 2019년(도로교통법 개정 전), 음주 전과 불명"
5204,gpt,zero_shot_closed_book,3,2,"음주 전과(재범), 혈중알코올농도 0.183%(고도취), 운전거리 약 3km, 차종 승용차, 범행연도 2021"
5205,gpt,zero_shot_closed_book,2,1,"재범(음주 전과 1회), 혈중알코올농도 0.184% (고도취), 운전거리 약 100m(단거리), 차종 승용차, 범행연도 2020"
5206,gpt,zero_shot_closed_book,2,2,"음주 전과 2회(재범·상습성), 혈중알코올농도 0.169%(고도취), 운전거리 약 15km(장거리), 차종 승용차, 범행연도 2020년(윤창호법 적용기), 동종 전력과 고도취로 실형 가능성 높음"
5207,gpt,zero_shot_closed_book,0,0,"혈중알코올농도 0.048%(면허정지 하한 근접, 낮은 수치), 운전거리 약 300m(단거리), 2020년 범행, 승용차, 음주운전 전과 기재 없음(초범 추정)"
5209,gpt,zero_shot_closed_book,2,1,"누범(음주운전 3회차), 혈중알코올농도 0.142%, 운전거리 약 1km, 차량종류 승용차, 범행시기 2020년"
5210,gpt,zero_shot_closed_book,2,1,"음주 전과 2회(재범), 혈중알코올농도 0.138%, 운전거리 약 3km, 2021년 범행, 승용차 QM5"
5211,gpt,zero_shot_closed_book,2,1,"음주 전과(동종 1회), 혈중알코올농도 0.153%, 운전거리 약 200m, 차종 승합차, 범행연도 2020"
5212,gpt,zero_shot_closed_book,0,0,"2020년 범행, 혈중알코올농도 0.076%로 낮은 편(면허정지 수치대), 단일 음주운전, 운전거리 약 5.4km로 비교적 짧음, 사고·인명피해 없음, 고급 승용차이나 가중사유로 보기 어려움"
5213,gpt,zero_shot_closed_book,2,1,"재범(음주 전과 1회), 혈중알코올농도 0.093%(면허정지 수치·초범 대비 가중), 운전거리 약 4km, 차종 승용차, 범행연도 2021년"
5214,gpt,zero_shot_closed_book,2,1,"혈중알코올농도 0.148%, 운전거리 약 11km, 차종 승용차, 2021년 범행, 음주 전과 기재 없음"
5215,gpt,zero_shot_closed_book,2,0,"혈중알코올농도 0.129%(면허취소 수치지만 사고·불응 없음), 운전거리 약 3km(단거리), 상해·사망 등 결과 없음, 2021년 범행(윤창호법 적용기), 차종(화물차)"
5216,gpt,zero_shot_closed_book,3,2,"음주 전과 2회(재범·삼범), 혈중알코올농도 0.223%의 고도취, 화물차(봉고3) 운전, 운전거리 약 577m, 범행연도 2020년"
5218,gpt,zero_shot_closed_book,3,2,"음주 전과(재범·2회 이상 위반), 높은 혈중알코올농도(0.184%), 비교적 긴 운전거리(약 5.5km), 범행연도(2021년, 윤창호법 적용기), 차종(승용차)"
5220,gpt,zero_shot_closed_book,2,0,"음주 전과 1회(상당히 오래전, 2010년), 혈중알코올농도 0.075%(단순취소수준 하한대), 운전거리 약 30m로 극히 짧음, 2020년 범행, 승용차(K5)"
5221,gpt,zero_shot_closed_book,0,0,"혈중알코올농도 0.034%(낮음, 취소기준 미만), 운전거리 약 350m(단거리), 2021년 범행, 차종 승용차(특이사유 없음), 음주 전과 기재 없음"
5222,gpt,zero_shot_closed_book,1,1,"혈중알코올농도 0.199%(고도취), 운전거리 약 500m(단거리), 2021년 범행(최근), 차종 승용차, 음주 전과 기재 없음"
5223,gpt,zero_shot_closed_book,2,1,"상습(2회 이상) 음주운전, 혈중알코올농도 0.112%(상당히 높음), 운전거리 단거리(약 20m), 최근 전력(2019년 벌금 약식명령), 범행연도 2020년, 승용차(투싼)"
5224,gpt,zero_shot_closed_book,2,0,"음주 전과(1회, 2011년, 오래전), 혈중알코올농도(0.047% 낮음), 운전거리(약 3km), 차종(승용), 범행연도(2021년, 윤창호법 시기이나 수치 낮음)"
5225,gpt,zero_shot_closed_book,2,2,"음주 전과(동종 전과 다수 및 실형 전력), 혈중알코올농도(0.230%로 고도취), 운전거리(약 500m로 짧음), 범행연도(2019년 단속기준 적용), 차종(승용차)"
5226,gpt,zero_shot_closed_book,3,2,"음주 전과 2회(동종 재범), 혈중알코올농도 0.116%, 운전거리 약 700m, 범행연도 2021년, 차종 화물트럭(4.5톤)"
5227,gpt,zero_shot_closed_book,2,1,"혈중알코올농도 0.160% 고도취, 운전거리 약 13km 비교적 장거리, 2021년 범행시기(윤창호법 시행기), 차종 승용차, 음주 전과 기재 없음"
5228,gpt,zero_shot_closed_book,3,1,"과거 음주운전 전과 2회(동종 누범), 혈중알코올농도 0.211%의 고도취, 운전거리 약 3km, 승용차, 범행연도 2019년"
5229,gpt,zero_shot_closed_book,2,1,"음주 전과(재범), 혈중알코올농도 0.119%, 운전거리 약 700m, 차종 승용차, 범행연도 2021"
5230,gpt,zero_shot_closed_book,2,1,"음주 전과 2회(동종전력), 혈중알코올농도 0.085%(면허정지 수치), 운전거리 약 5km, 화물차(봉고Ⅲ), 범행연도 2020"
5231,gpt,zero_shot_closed_book,1,0,"혈중알코올농도 0.066%(면허정지 수준, 비교적 낮음), 운전거리 약 7km(중간), 2021년 범행시기(윤창호법 체계 하), 차종 승용차, 음주 전과 기재 없음(초범 추정)"
5232,gpt,zero_shot_closed_book,2,1,"음주 전과(동종 1회), 혈중알코올농도 0.166% (높음), 운전거리 약 100m(매우 짧음), 범행연도 2020년(윤창호법 시행기), 차종 승용차"
5233,gpt,zero_shot_closed_book,2,1,"재범(음주 전과 1회), 혈중알코올농도 0.172%(상당히 높음), 운전거리 약 5km, 범행연도 2021년, 승용차(아반떼) 운전"
5234,gpt,zero_shot_closed_book,2,0,"음주 전과 2회(벌금), 혈중알코올농도 0.033%(저농도), 운전거리 약 50m(매우 짧음), 차종 승용차, 범행연도 2020"
5235,gpt,zero_shot_closed_book,2,1,"음주 전과(재범), 혈중알코올농도 0.181%(고도취), 운전거리 약 100m(매우 단거리), 범행연도 2020, 차종 승용차"
5236,gpt,zero_shot_closed_book,2,2,"음주 전과(동종전력 1회), 혈중알코올농도 매우 높음(0.278%), 운전거리 짧음(약 100m), 차량 차종(승용차), 범행연도(2021)"
5238,gpt,zero_shot_closed_book,2,1,"음주 전과(2011년 벌금), 혈중알코올농도 0.099%(면허정지 수치 상단), 운전거리 약 2km, 차량(승용차), 비교적 최근 단일 위반 사실"
5239,gpt,zero_shot_closed_book,2,1,"음주 전과 2회(동종), 혈중알코올농도 0.163%, 운전거리 약 3km, 2021년 범행, 승용차 운전"
5240,gpt,zero_shot_closed_book,2,1,"재범(음주 전과 1회), 혈중알코올농도 0.096%, 운전거리 약 2km, 차종 승용차, 범행연도 2020"
5241,gpt,zero_shot_closed_book,2,1,"음주 전과(2007년 1회), 혈중알코올농도 0.128%(고도취), 운전거리 약 2km, 화물차(상대적 위험성), 범행연도 2019년(윤창호법 적용 시기)"
5242,gpt,zero_shot_closed_book,2,2,"음주 전과(동종 전과 1회), 혈중알코올농도 0.195%(고도취), 운전거리 약 15km(장거리), 차종 승용차, 범행연도 2019년(개정 전후 기준 고려)"
5243,gpt,zero_shot_closed_book,3,1,"혈중알코올농도 매우 높음(0.229%), 초범으로 추정(전과 기재 없음), 비교적 장거리 운전(약 6km), 2021년 범행, 승용차(카니발) 운전"
5245,gpt,zero_shot_closed_book,1,1,"음주 전과(2회), 혈중알코올농도 0.094%, 운전거리 약 500m, 범행연도 2019년, 차종 승용차"
5246,gpt,zero_shot_closed_book,0,1,"혈중알코올농도 0.179%(고도취), 운전거리 약 10km(상당), 2021년 범행시기, 승용차 사용, 전과 언급 없음(초범 추정)"
5247,gpt,zero_shot_closed_book,0,0,"과거 음주전력 1회(2007, 벌금), 혈중알코올농도 0.056%(상대적으로 낮음), 운전거리 약 30km(다소 김), 차종 화물차, 2021년 범행(윤창호법 이후이지만 수치 낮음·사고없음)"
5250,gpt,zero_shot_closed_book,3,1,"음주 전과(2015 벌금 전력), 높은 혈중알코올농도(0.227%), 운전거리 매우 짧음(약 30m, 주차장 이동), 2021년 범행, 차종 승용차"
5252,gpt,zero_shot_closed_book,2,0,"초범 추정, 혈중알코올농도 0.088%(면허정지 수치), 운전거리 매우 짧음(약 100m), 2021년 범행, 승용차(대형 상용 아님)"
5254,gpt,zero_shot_closed_book,2,1,"음주 전과(재범), 혈중알코올농도 0.112%, 운전거리 약 13km, 화물차, 범행연도 2019"
5255,gpt,zero_shot_closed_book,2,1,"음주 전과(재범), 혈중알코올농도 0.128%, 운전거리 약 50m의 극히 단거리, 2020년 범행, 승용차 운전"
5256,gpt,zero_shot_closed_book,2,1,"음주 전과(재범), 혈중알코올농도 0.096%, 단거리(약 100m), 화물트럭, 최근 범행연도 2021년"
5257,gpt,zero_shot_closed_book,2,0,"음주 전과 1회(2016, 벌금), 혈중알코올농도 0.032%(초범기준 처벌 경미), 운전거리 약 500m로 단거리, 범행연도 2019년(당시 법정형 및 기준상 낮은 수치), 차종 승용차"
5258,gpt,zero_shot_closed_book,2,1,"혈중알코올농도 매우 높음(0.211%), 운전거리 단거리(약 1km), 차종 승용차, 2021년 범행, 음주 전과 불명(초범 가정)"
5259,gpt,zero_shot_closed_book,2,1,"음주 전과 2회(동종), 혈중알코올농도 0.143%, 운전거리 약 2km, 화물차(포터), 범행연도 2021년"
5260,gpt,zero_shot_closed_book,2,3,"다수 음주운전 전과 및 실형 전력, 누범적 재범(가석방 종료 약 1년 후), 높은 혈중알코올농도(0.195%), 2020년 범행연도, 승용차 운전, 운전거리 짧음(약 200m)"
5261,gpt,zero_shot_closed_book,2,1,"재범(3회차), 과거 음주 벌금전력 2회, 혈중알코올농도 0.107%, 운전거리 약 2km, 2021년 범행, 승용차 운전"
5262,gpt,zero_shot_closed_book,2,0,"음주 전과 1회(2012, 경미·장기 경과), 혈중알코올농도 0.067%(면허정지 수치, 낮음), 운전거리 약 1.5km(짧음), 재범이긴 하나 공백기 김, 2021년 단순 적발(사고·도주·무면허 없음), 차종 승용차"
5263,gpt,zero_shot_closed_book,1,0,"혈중알코올농도 0.085%(면허취소 수치 하한대), 운전거리 약 5km, 1회 단순음주운전으로 보임(음주 전과 기재 없음), 2021년 범행, 승용차(대형 상습 아님)"
5264,gpt,zero_shot_closed_book,1,1,"혈중알코올농도 0.159%(상당히 높은 수치), 운전거리 약 100m로 단거리, 2021년 범행(윤창호법 적용기), 승용차, 음주 전과 불명(기재 없음)"
5265,gpt,zero_shot_closed_book,2,1,"재범(음주 전과 1회), 혈중알코올농도 0.107%, 운전거리 약 5km, 차종 승용차, 범행연도 2020"
5266,gpt,zero_shot_closed_book,2,1,"음주 전과(동종 전력 1회), 혈중알코올농도 0.111%, 운전거리 약 600m, 차종 승용차, 범행연도 2021년"
5268,gpt,zero_shot_closed_book,2,1,"혈중알코올농도 0.116%(면허취소수준 중간대), 운전거리 약 8km(상당), 2021년 범행시기(윤창호법·가중기조), 차종 승용차(QM5), 음주 전과 불명(가중·감경 사정 없음)"
5269,gpt,zero_shot_closed_book,0,2,"혈중알코올농도 0.198%, 동종 전과 1회(2015), 운전거리 약 10km, 2020년 범행, 승용차 운전"
5270,gpt,zero_shot_closed_book,3,1,"혈중알코올농도 0.202%로 매우 높음, 운전거리 약 100m로 극히 짧음, 2021년 범행, 승용차, 다른 가중사정(사고·무면허·도주·음주 전과 기재 없음)"
5271,gpt,zero_shot_closed_book,3,1,"음주 전과(1회, 재범), 혈중알코올농도 0.155% (상당히 높음), 운전거리 약 2km, 범행연도 2021년(윤창호법 시행기), 차종(벤츠 승용)"
5272,gpt,zero_shot_closed_book,2,0,"혈중알코올농도 0.125%, 운전거리 약 200m의 극히 단거리, 2020년 범행연도, 승용차(대형 고급차이나 상관 미미), 음주 전과 불명(기재 없음)"
5273,gpt,zero_shot_closed_book,1,1,"혈중알코올농도 매우 높음(0.287%), 운전거리 짧음(약 100m), 차종 화물차, 범행연도 2017년(당시 법제·양형기준), 전과 불명(가중요소 부재)"
5274,gpt,zero_shot_closed_book,0,2,"음주 전과(재범), 혈중알코올농도 0.203%(고도), 운전거리 약 4km, 차종 승용차, 범행연도 2020"
5275,gpt,zero_shot_closed_book,1,1,"음주 전과 다수(동종 전과 포함, 재범), 혈중알코올농도 0.102%, 운전거리 약 1km, 차종 승용차, 범행연도 2021년"
5276,gpt,zero_shot_closed_book,2,1,"음주 전과(재범), 혈중알코올농도 0.163%, 운전거리 약 100m, 범행연도 2021년, 차종 승용차"
5277,gpt,zero_shot_closed_book,2,1,"재범(음주 전과 1회), 혈중알코올농도 0.136%(상당히 높음), 운전거리 약 3km(단거리), 차종 승용차(BMW), 범행연도 2021년(개정법 적용 시기)"
5278,gpt,zero_shot_closed_book,2,2,"다수 음주운전 전과(벌금 다회·집행유예 전력), 혈중알코올농도 0.145%(상당히 높음), 운전거리 약 10km(장거리), 2021년 범행시기(윤창호법 적용기), 화물차(상대적 위험성)"
5279,gpt,zero_shot_closed_book,2,1,"혈중알코올농도 매우 높음(0.253%), 운전거리 중간(약 4.3km), 2021년 범행, 승용차 운전, 음주 전과 언급 없음"
5280,gpt,zero_shot_closed_book,3,2,"음주 전과 2회(동종), 혈중알코올농도 0.143%, 운전거리 약 7km 및 반복 운전, 범행연도 2020년, 승용차"
5281,gpt,zero_shot_closed_book,0,0,"음주 전과(1회, 10년 이상 경과), 혈중알코올농도 0.069%(면허정지 수치), 운전거리 약 500m(단거리), 차종 승용차, 범행연도 2020년"
5282,gpt,zero_shot_closed_book,2,2,"음주운전 전과(2회), 높은 혈중알코올농도(0.179%), 운전거리(약 1km), 재범시점(2020년, 윤창호법 이후), 차종(승용차)"
5283,gpt,zero_shot_closed_book,1,1,"혈중알코올농도 0.131%, 운전거리 약 2km, 2021년 범행, 차종 승용차, 음주 전과 기재 없음"
5284,gpt,zero_shot_closed_book,2,1,"음주 전과(동종 전력 1회), 혈중알코올농도 0.108%, 운전거리 약 200m의 단거리, 차종 승용차, 범행연도 2021년(윤창호법 적용기), 재범으로 실형 가능성 높음"
5285,gpt,zero_shot_closed_book,2,1,"음주 전과 1회(재범), 혈중알코올농도 0.153%(만취 수준), 운전거리 약 1km(짧음), 2020년 범행, 승용차 G70"
5286,gpt,zero_shot_closed_book,2,2,"음주 전과 2회(동종), 혈중알코올농도 0.194%, 운전거리 약 1km, 차종 승용차, 범행연도 2021"
5287,gpt,zero_shot_closed_book,2,1,"음주 전과(동종 1회, 오래된 2006년), 혈중알코올농도 매우 높음(0.207%), 운전거리 단거리(약 150m), 범행연도 2021년(윤창호법 적용기), 차종 승용차"
5288,gpt,zero_shot_closed_book,0,1,"음주 전과(동종 1회), 혈중알코올농도 0.197%(고도취), 운전거리 약 500m(단거리), 범행연도 2020년(윤창호법 적용기), 차종 승용차"
5289,gpt,zero_shot_closed_book,2,0,"음주 전과(1회, 10년 이상 경과), 혈중알코올농도 0.074%(면허정지 수치, 낮은 편), 운전거리 약 1km(짧음), 차종 승용차, 범행연도 2021년(윤창호법 기간이지만 재범 간격 큼)"
5290,gpt,zero_shot_closed_book,2,1,"음주 전과(2회, 집행유예 전력 포함), 혈중알코올농도(0.102%), 운전거리(약 100m), 차종(승용차), 범행연도(2019년)"
5291,gpt,zero_shot_closed_book,2,1,"음주 전과(1회), 혈중알코올농도 0.168%, 운전거리 약 9km, 차종 승용차, 범행연도 2021"
5294,gpt,zero_shot_closed_book,2,0,"과거 음주운전 전과(2007년, 벌금), 혈중알코올농도 0.087%(면허정지 수치), 매우 짧은 운전거리(약 20m), 승합차량, 범행연도 2019년"
5295,gpt,zero_shot_closed_book,3,1,"음주 전과(재범), 혈중알코올농도 0.182%(고도취), 운전거리 약 6km, 차종 화물차, 범행연도 2021년(윤창호법 적용기), 전력은 벌금전과 1회(초범 아님)"
5297,gpt,zero_shot_closed_book,2,2,"다회 음주 전과(4회 이상, 집행유예 전력), 혈중알코올농도 0.199%의 고도취, 운전거리 약 4km, 2020년 범행, 화물차(포터) 운전"
5298,gpt,zero_shot_closed_book,2,2,"다회 음주운전 전력, 고도취(혈중알코올농도 0.225%), 비교적 긴 운전거리(약 5km), 화물차 운전, 동종 전과로 인한 누범성(2020년 선고형 진행 중), 범행연도 2020년"
5299,gpt,zero_shot_closed_book,3,1,"재범(음주전과 1회), 혈중알코올농도 0.140%, 운전거리 약 100m, 차종 승용차, 범행연도 2021"
5300,gpt,zero_shot_closed_book,2,1,"음주 전과 1회(재범), 혈중알코올농도 0.082%(면허정지 수치), 운전거리 단거리(약 15m), 범행연도 2021년, 차종 승용차"
5301,gpt,zero_shot_closed_book,2,1,"음주 전과(2회), 혈중알코올농도 0.126%, 운전거리 약 100m, 범행연도 2020, 차종 승용차"
5302,gpt,zero_shot_closed_book,2,1,"음주 전과(2012 벌금 전력), 혈중알코올농도 0.120%, 운전거리 약 2km, 차종 승용차, 범행연도 2021"
5303,gpt,zero_shot_closed_book,2,2,"다회 음주운전 전과(2회), 높은 혈중알코올농도(0.184%), 승용차, 운전거리 약 500m, 범행연도 2020"
5304,gpt,zero_shot_closed_book,2,1,"혈중알코올농도 0.157%(상당히 높음), 운전거리 매우 짧음(약 15m), 2022년 범행, 차종 승용차(체어맨), 음주 전과 언급 없음"
5306,gpt,zero_shot_closed_book,2,1,"혈중알코올농도 매우 높음(0.216%), 운전거리 매우 짧음(약 200m), 2020년 범행, 승용차, 음주 전과 불명(기재 없음)"
5307,gpt,zero_shot_closed_book,1,1,"혈중알코올농도 0.151%(상당히 높음), 운전거리 약 200m(매우 짧음), 2021년도 범행, 차종 화물차(봉고), 전과 등 가중사유 기재 없음"
5308,gpt,zero_shot_closed_book,2,1,"음주 전과(재범), 혈중알코올농도 0.130%, 운전거리 약 500m, 차종 화물차, 범행연도 2021"
5309,gpt,zero_shot_closed_book,0,0,"혈중알코올농도 0.106%(면허취소수준이지만 중간대), 운전거리 매우 짧음(약 1.5m, 주차장 내), 2019년 범행, 차량 종류(승합·승용)"
5311,gpt,zero_shot_closed_book,2,3,"다수 음주운전 전과 및 집행유예 전력, 혈중알코올농도 0.191%의 고도취기, 재범(상습성), 화물차량 운전, 운전거리 존재(약 200m), 범행연도 2019"
5313,gpt,zero_shot_closed_book,0,1,"음주 전과 2회(동종 재범), 혈중알코올농도 0.081%(면허정지 수치), 운전거리 매우 짧음(약 5m), 범행연도 2020, 차종 승용차"
5314,gpt,zero_shot_closed_book,2,1,"혈중알코올농도 0.174%(고도), 운전거리 약 14km(상당), 2021년 범행(윤창호법 적용 시기), 승용차, 음주운전 전과 기재 없음"
5315,gpt,zero_shot_closed_book,2,1,"음주 전과(재범), 혈중알코올농도 0.172%(상당히 높음), 운전거리 약 500m(단거리), 범행연도 2020년(상습처벌기준 강화 이후), 차종 화물차(책임가중 가능)"
5316,gpt,zero_shot_closed_book,2,0,"혈중알코올농도 0.111%(면허취소수준이지만 중간대), 짧은 운전거리 약 140m, 2021년 범행(윤창호법 시기), 승용차, 음주 전과 기재 없음"
5317,gpt,zero_shot_closed_book,2,2,"혈중알코올농도 매우 높음(0.352%), 화물차 운전, 운전거리 약 2km, 범행연도 2020년"
5320,gpt,zero_shot_closed_book,0,1,"혈중알코올농도 0.139%, 운전거리 약 13km, 음주운전 전과 1회(오래된 2007년 벌금), 2020년 범행, 승용차 운전"
5321,gpt,zero_shot_closed_book,2,1,"혈중알코올농도 0.191%(고도취), 운전거리 매우 짧음(약 15m), 2021년 범행, 차종 승합차(카니발), 음주 전과 언급 없음"
5322,gpt,zero_shot_closed_book,2,1,"음주 전과(2회, 집행유예 전력), 혈중알코올농도 0.064%, 운전거리 약 10km, 차종 승용차, 범행연도 2019년"
5323,gpt,zero_shot_closed_book,0,0,"음주 전과 1회(2016 약식 벌금), 혈중알코올농도 0.037%(상대적으로 낮음), 운전거리 약 10km, 2019년 범행, 승용차 운전"
5324,gpt,zero_shot_closed_book,2,2,"다회 음주운전 전과(2회), 높은 혈중알코올농도(0.229%), 화물차 운전, 비교적 긴 운전거리(약 4km), 최근 범행연도(2020)"
5325,gpt,zero_shot_closed_book,3,2,"음주 전과 2회(동종), 혈중알코올농도 0.206%(고도취), 운전거리 약 11.6km(장거리), 차종 승용차, 범행연도 2021"
5326,gpt,zero_shot_closed_book,2,1,"혈중알코올농도 0.203%(고도취기), 운전거리 약 3km(단거리), 2021년 범행연도(윤창호법 시행기), 차종 화물차(상대적 위험성), 음주 전과 불특정(기재 없음)"
5327,gpt,zero_shot_closed_book,2,2,"집행유예 기간 중 재범, 음주운전 전과(동종 1회 이상), 혈중알코올농도 0.081%, 화물차 운전, 운전거리 약 10km, 범행연도 2020"
5328,gpt,zero_shot_closed_book,2,0,"혈중알코올농도 0.098%(면허정지 수치대), 운전거리 약 700m(단거리), 1회 적발로 보임(전과 기재 없음), 2020년 범행연도, 승용차(중대 가중요소 아님)"
5329,gpt,zero_shot_closed_book,2,1,"혈중알코올농도 0.194%(상당히 높음), 운전거리 약 14km(상당), 2021년 범행시기(윤창호법 시행기), 차종 승용차, 음주 전과 불명(가중 사유 없음으로 추정)"
5330,gpt,zero_shot_closed_book,2,1,"음주 전과(1회), 혈중알코올농도 0.086%(면허정지 수치대), 운전거리 약 5.5km, 2019년 범행, 화물차(포터) 운전"
5331,gpt,zero_shot_closed_book,2,1,"혈중알코올농도 매우 높음(0.258%), 운전거리 짧음(약 500m), 2021년 범행, 차종 승용차, 전과기재 없음(전과 불명으로 가중요소 부재)"
5332,gpt,zero_shot_closed_book,2,1,"음주 전과(2회 이상 재범), 혈중알코올농도 0.103%, 운전거리 약 2km, 차종 승용차, 범행연도 2020"
5333,gpt,zero_shot_closed_book,2,1,"음주 전과 2회(동종), 혈중알코올농도 0.102%, 운전거리 약 2km, 2019년 범행, 승용차 운전"
5335,gpt,zero_shot_closed_book,0,0,"혈중알코올농도 0.046%(윤창호법 이전 기준 미달 수준), 운전거리 약 750m로 단거리, 음주 전과 2회(2008·2018) 있으나 모두 벌금형, 범행연도 2021년(윤창호법 시행기이지만 수치 낮음), 차종 승용차"
5336,gpt,zero_shot_closed_book,3,1,"혈중알코올농도 0.115%, 음주 전과 1회(재범), 운전거리 약 4.5km, 차종(승용차), 범행연도 2021년"
5337,gpt,zero_shot_closed_book,2,1,"음주 전과(재범), 혈중알코올농도 0.094%, 운전거리 약 500m, 범행연도 2021년, 차종 승용차"
5338,gpt,zero_shot_closed_book,0,1,"혈중알코올농도 매우 높음(0.216%), 운전거리 매우 짧음(약 10m), 2021년 범행시기, 차종 승용차, 음주운전 전과 불명(가중 사유 부재)"
5339,gpt,zero_shot_closed_book,2,0,"초범 추정, 혈중알코올농도 0.078%(면허정지 수치의 하한대), 운전거리 단거리(약 800m), 2021년 범행, 화물차 운전"
5340,gpt,zero_shot_closed_book,3,1,"음주 전과(2008 벌금 전력으로 재범), 혈중알코올농도 0.140%(상당히 높음), 운전거리 약 13km(장거리), 범행연도 2020, 차종 승용차"
5341,gpt,zero_shot_closed_book,2,1,"혈중알코올농도 0.103%, 운전거리 약 1km, 화물차(포터2), 2021년 범행, 음주 전과 불명"
5342,gpt,zero_shot_closed_book,2,0,"혈중알코올농도 0.135%, 운전거리 약 2km, 2020년 범행, 승합차(상대적으로 대형), 음주 전과 불명(기재 없음)"
5343,gpt,zero_shot_closed_book,2,1,"음주 전과 2회(재범·상습성), 혈중알코올농도 0.149%(상당히 높음), 운전거리 약 12km(장거리), 범행연도 2021년(윤창호법 적용기), 차종 승용차"
5344,gpt,zero_shot_closed_book,2,1,"재범(과거 1회 벌금 전과), 혈중알코올농도 0.175% 고도취, 운전거리 약 300m 단거리, 화물차(상대적 위험성), 범행연도 2020년(윤창호법 시행기)"
5345,gpt,zero_shot_closed_book,2,1,"재범(음주 전과 1회), 높은 혈중알코올농도(0.186%), 비교적 짧은 운전거리(약 1km), 장기간 경과 전과(2009년), 화물차 운전, 범행연도(2021년)"
5346,gpt,zero_shot_closed_book,2,1,"혈중알코올농도(0.207% 고도), 운전거리(약 2km 단거리), 범행연도(2020년 개정 도로교통법 이후), 차종(승용차), 음주 전과 불명(가중사유 부재)"
5347,gpt,zero_shot_closed_book,2,1,"재범(동종전과 1회), 혈중알코올농도 0.159%(높음), 운전거리 약 500m(단거리), 범행연도 2020년(윤창호법 적용기), 차종 승용차"
5348,gpt,zero_shot_closed_book,2,0,"재범(동종 전과 1회), 혈중알코올농도 0.058%(면허정지 수치, 낮은 편), 운전거리 약 5km(중간), 범행연도 2020년(윤창호법 적용기), 차종 승용차"
5349,gpt,zero_shot_closed_book,2,0,"음주 전과 1회(2013, 경과기간 큼), 혈중알코올농도 0.073%(면허정지 수치, 비교적 낮음), 운전거리 약 50m로 매우 짧음, 차종 승용차, 2021년 범행"
5350,gpt,zero_shot_closed_book,2,1,"재범(동종 전력 1회), 혈중알코올농도 0.172% (고농도), 운전거리 약 2.1km, 차종 승용차, 범행연도 2020"
5351,gpt,zero_shot_closed_book,2,2,"다수의 음주운전 전과(4회, 집행유예 포함), 높은 혈중알코올농도(0.168%), 영업용 화물차(포터 냉동탑차) 운전, 운전거리 약 2.5km, 범행연도 2020년"
5352,gpt,zero_shot_closed_book,0,1,"음주 전과(2014 벌금 전력, 재범), 혈중알코올농도 0.067%(측정거부·만취 아님), 운전거리 약 18km(상당히 김), 차종 승용차, 범행연도 2019"
5353,gpt,zero_shot_closed_book,0,1,"음주 전과 2회(누범 해당), 혈중알코올농도 0.113%, 운전거리 매우 짧음(약 1m), 2020년 범행, 승용차(카니발)"
5354,gpt,zero_shot_closed_book,3,1,"혈중알코올농도 0.226%의 고도취중, 약 4km 운전거리, 승용차, 2019년 범행, 음주 전과 기재 없음"
5355,gpt,zero_shot_closed_book,2,2,"음주 전과(동종 1회), 혈중알코올농도 0.198%(고도 취기), 운전거리 약 6km, 차종 승용차, 범행연도 2021년"
5356,gpt,zero_shot_closed_book,2,2,"음주 전과 2회(재범), 혈중알코올농도 0.182%(고도), 운전거리 약 5km, 범행연도 2019년(윤창호법 시행 전후 과도기이나 고도취중 재범), 차종: 승용차"
5357,gpt,zero_shot_closed_book,2,1,"동종 전과 2회(재범), 혈중알코올농도 0.199%(고도취), 운전거리 약 2km, 2021년 범행, 승용차(모닝)"
5358,gpt,zero_shot_closed_book,2,0,"혈중알코올농도 0.102%(초범 수준), 운전거리 50m로 매우 단거리, 2021년 범행연도(윤창호법 이후), 차종 벤츠 승용차(영향 미미), 음주 전과 기재 없음"
5359,gpt,zero_shot_closed_book,2,1,"음주 전과(1회), 혈중알코올농도 0.158%(상당히 높음), 운전거리 약 300m(매우 짧음), 차종 승용차, 범행연도 2020(윤창호법 적용기), 재범이지만 사고 없음"
5360,gpt,zero_shot_closed_book,0,0,"2019년 범행, 혈중알코올농도 0.103%(면허정지 수치), 주차장 내 약 1m의 극히 단거리 운전, 승용차, 음주 전과 불명(기재 없음)"
5361,gpt,zero_shot_closed_book,2,3,"음주 전과 다수(동종 4회, 징역형 2회), 혈중알코올농도 0.172%의 고도취, 운전거리 약 3km, 2020년 범행, 승용차 운전"
5363,gpt,zero_shot_closed_book,2,1,"음주 전과 2회(동종), 혈중알코올농도 0.149%, 운전거리 매우 짧음(약 10m), 2021년 범행, 승용차 K5"
5364,gpt,zero_shot_closed_book,1,1,"혈중알코올농도 0.126%(상한 중상), 운전거리 약 500m(단거리), 2020년 범행(윤창호법 시행기), 차종 승합차, 음주 전과 기재 없음"
5366,gpt,zero_shot_closed_book,0,0,"혈중알코올농도 0.056%(면허정지 수치, 비교적 낮음), 운전거리 600m로 단거리, 2021년 범행연도(최근 법정형 상향 이후이나 수치 낮음), 차종 승용차, 음주 전과 불명(기재 없음으로 초범 추정)"
5367,gpt,zero_shot_closed_book,3,2,"음주 전과(동종 전력 1회, 누범 아님), 혈중알코올농도 0.203%(매우 높음), 운전거리 약 4km, 차종 화물(포터Ⅱ), 범행연도 2020년"
5368,gpt,zero_shot_closed_book,1,1,"혈중알코올농도 0.182%(상당히 높음), 운전거리 약 5km, 2021년 범행, 승용차 i30, 별도 사고·도주·무면허 언급 없음(전과 불명)"
5370,gpt,zero_shot_closed_book,0,1,"혈중알코올농도 0.123%, 단거리(약 200m), 이륜자동차, 2021년 범행, 음주 전과 언급 없음"
5371,gpt,zero_shot_closed_book,2,1,"음주 전과(2015 벌금 전력), 혈중알코올농도 0.115%(면허취소 수치 중간대), 운전거리 약 2km(단거리), 범행연도 2019, 차종 승용차"
5373,gpt,zero_shot_closed_book,2,1,"음주 전과(재범), 혈중알코올농도 0.114%, 운전거리 약 2km, 차종 승용차, 범행연도 2020"
5374,gpt,zero_shot_closed_book,2,1,"음주 전과 2회(재범·상습성), 혈중알코올농도 0.168%(높음), 운전거리 약 1km(단거리), 범행연도 2021년(개정법 적용 시 실형 가능성↑), 차종 승용차(통상적)"
5375,gpt,zero_shot_closed_book,2,2,"다회 음주운전 전과(3회), 과거 집행유예 전력, 혈중알코올농도 0.137%(상당히 높음), 운전거리 약 1.1km, 범행연도 2021, 승용차(K5) 운전"
5376,gpt,zero_shot_closed_book,3,1,"음주 전과(재범), 혈중알코올농도 0.098%, 운전거리 약 4km, 차종 승용차, 범행연도 2021"
5377,gpt,zero_shot_closed_book,2,1,"혈중알코올농도 0.159%(고도취), 운전거리 약 20km(장거리), 차종 승용차, 범행연도 2021년(윤창호법 적용기), 음주 전과 불명(가중 사유 부재로 간주)"
5379,gpt,zero_shot_closed_book,2,1,"음주 전과 2회(동종 재범), 혈중알코올농도 0.142%(상당히 높음), 운전거리 약 2.5km(단거리), 2021년 범행시기(개정법 하), 승용차 이용"
5380,gpt,zero_shot_closed_book,1,1,"혈중알코올농도 0.135%, 운전거리 약 4km, 2019년 범행시기(윤창호법 시행 직후), 승용차 운전, 음주 전과 기재 없음"
5381,gpt,zero_shot_closed_book,2,1,"음주 전과 다수(3회), 혈중알코올농도 0.111%, 운전거리 약 2km, 2021년 범행, 화물차량 운전"
5383,gpt,zero_shot_closed_book,2,1,"혈중알코올농도 0.172%(고도취), 이륜자동차, 운전거리 매우 짧음(약 1m), 2021년 범행, 음주 전과 불명"
5384,gpt,zero_shot_closed_book,0,1,"혈중알코올농도 0.116%, 운전거리 약 2km, 2020년 범행, 승용차, 음주 전과 기재 없음"
5385,gpt,zero_shot_closed_book,3,1,"혈중알코올농도 0.206%(고도취), 운전거리 약 1km(단거리), 2021년 범행연도(윤창호법 적용기), 차종 승용차, 음주 전과 불명(기재 없음)"
5387,gpt,zero_shot_closed_book,3,1,"과거 음주운전 전과(재범), 혈중알코올농도 0.118%(높음), 운전거리 약 2km(짧음), 승용차, 범행연도 2021(윤창호법 적용 시기)"
5388,gpt,zero_shot_closed_book,2,1,"음주 전과 2회(동종), 혈중알코올농도 0.122%, 운전거리 약 600m(단거리), 2021년 범행시기(윤창호법 기수 전후 고려), 화물차 운전"
5389,gpt,zero_shot_closed_book,2,1,"음주 전과 2회 이상(재범), 혈중알코올농도 0.086%, 운전거리 약 7km, 범행연도 2020년(개정법 이후), 차종 승용차(아우디)"
5390,gpt,zero_shot_closed_book,2,1,"음주 전과 다수(3회 이상, 집행유예 전력), 혈중알코올농도 0.122%, 운전거리 짧음(약 400m), 차종 이륜차, 범행연도 2021"
5391,gpt,zero_shot_closed_book,2,1,"음주 전과(재범), 혈중알코올농도 0.127%, 운전거리 약 6km, 범행연도 2020년, 차종 승용차"
5392,gpt,zero_shot_closed_book,2,1,"재범(2회 이상), 혈중알코올농도 0.159%, 단거리 운전(약 30m), 과거 전과 시기(2008년, 장기간 경과), 차종(승용차), 범행연도(2020년)"
5393,gpt,zero_shot_closed_book,3,2,"다회 음주운전 전과(3회), 고도 음주수치(0.185%), 상습성(2회 이상 위반), 화물차 운전, 운전거리 500m, 범행연도 2019"
5395,gpt,zero_shot_closed_book,2,2,"음주 전과(재범 이상), 혈중알코올농도 0.169%(고도), 운전거리 약 3km, 범행연도 2021, 차종 승용차(QM5)"
5396,gpt,zero_shot_closed_book,2,1,"혈중알코올농도 0.206%(고도취), 2km 운전거리, 동일 일시 2회 이상 운전, 2007년 음주운전 전력(오랜 경과), 2021년 범행연도, 승용차 렉서스ES300h"
5398,gpt,zero_shot_closed_book,2,1,"누범(음주운전 전과 2회), 혈중알코올농도 0.115%, 운전거리 약 10km, 2021년 범행, 승용차 운전"
5399,gpt,zero_shot_closed_book,3,1,"반복 음주운전(전과 2회), 혈중알코올농도 0.101%, 운전거리 약 20km, 차종 승용차, 범행연도 2019년(윤창호법 시행 이후)"
5400,gpt,zero_shot_closed_book,2,1,"음주 전과 2회(재범), 혈중알코올농도 0.125%(상당히 높음), 운전거리 약 350m(짧음), 범행연도 2020년(윤창호법 이후 가중), 차종 승용차"
5401,gpt,zero_shot_closed_book,2,0,"음주 전과(재범이지만 1회·오래전), 혈중알코올농도 0.066%(초범 수준 낮음), 운전거리 약 850m로 단거리, 차종 승용차, 범행연도 2021년(윤창호법 시기이나 수치 낮음)"
5402,gpt,zero_shot_closed_book,2,1,"음주 전과(재범), 혈중알코올농도 0.080%, 운전거리 300m로 매우 짧음, 포터 화물차, 오래된 전력(2011년 기소유예), 2021년 범행연도"
5403,gpt,zero_shot_closed_book,2,0,"초범 아님(재범 1회), 혈중알코올농도 0.050%(최저 수치, 측정치 낮음), 운전거리 약 700m(단거리), 차종 승용차, 2021년 범행년도(윤창호법 적용기), 인적·물적 피해 없음"
5404,gpt,zero_shot_closed_book,0,0,"낮은 혈중알코올농도(0.037%), 운전거리 13km, 음주 전과 1회(2009년 벌금), 재범으로 2회 이상 위반, 범행연도 2020년, 승용차(아우디)"
5405,gpt,zero_shot_closed_book,2,1,"음주 전과(동종 1회), 혈중알코올농도 매우 높음(0.232%), 운전거리 극히 짧음(약 30m), 범행연도(2020년 개정법 이후), 차종(승용차)"
5406,gpt,zero_shot_closed_book,2,1,"음주 전과(동종 1회), 혈중알코올농도 0.228%, 운전거리 약 800m, 차종 승용차, 범행연도 2019"
5407,gpt,zero_shot_closed_book,2,1,"재범(음주 전과 1회), 혈중알코올농도 0.166%(상당히 높음), 운전거리 약 2.5km(단거리), 범행연도 2020년(윤창호법 적용기), 차종 승용차"
5408,gpt,zero_shot_closed_book,2,0,"음주 전과(동종 1회), 혈중알코올농도 0.048%(정상처벌기준 하한, 측정치 낮음), 운전거리 약 120m(매우 단거리, 주차장 내부), 범행연도 2019년(당시 벌칙 체계상 낮은 수치·단거리 시 벌금 가능), 차종 승용차"
5409,gpt,zero_shot_closed_book,2,1,"혈중알코올농도 0.189%(고도), 운전거리 약 2.5km(단거리), 2021년 범행, 차종 승용차, 전과 및 사고 언급 없음"
5410,gpt,zero_shot_closed_book,1,1,"혈중알코올농도 0.078%(초범 수준), 운전거리 약 90km(장거리·위험성 가중), 차종 대형 화물 픽업트럭(위험성 가중), 범행연도 2021년(윤창호법 이후 엄격)"
5411,gpt,zero_shot_closed_book,2,1,"재범(음주 전과 1회로 2회 이상 위반), 혈중알콜농도 0.154%(고도 취기), 운전거리 약 5km, 차종 승용차, 범행연도 2020 (윤창호법 적용기)"
5412,gpt,zero_shot_closed_book,2,2,"음주 전과 2회(동종), 혈중알코올농도 0.137%, 운전거리 약 10km, 차종 대형SUV, 범행연도 2019"
5413,gpt,zero_shot_closed_book,2,1,"음주 전과 2회(동종 재범), 혈중알코올농도 0.058%(면허정지 수치, 비교적 낮음), 운전거리 약 8km(상당), 차종 승용차, 범행연도 2021년(개정법 후)"
5414,gpt,zero_shot_closed_book,0,1,"음주 전과(2011 약식명령), 혈중알코올농도 0.128%(면허취소수준), 운전거리 매우 짧음(약 5m), 차량 종류 화물차, 범행연도 2020"
5416,gpt,zero_shot_closed_book,2,1,"음주 전과 2회, 혈중알코올농도 0.157%, 운전거리 약 500m, 범행연도 2020년(윤창호법 시행기), 차종 승용차"
5417,gpt,zero_shot_closed_book,2,1,"재범(2회 이상), 혈중알코올농도 0.085%, 비교적 장거리 운전(약 23km), 차종 승용차, 범행연도 2020"
5418,gpt,zero_shot_closed_book,2,3,"다수 음주 전과(벌금2회, 집행유예, 실형 8월), 재범(2회 이상 위반 명시), 혈중알코올농도 0.093%, 승용차, 운전거리 약 1km, 범행연도 2021"
5420,gpt,zero_shot_closed_book,1,0,"혈중알코올농도 0.035%(측정거부·대폭음주 아님), 운전거리 약 500m로 단거리, 대물·인명 피해 없음, 2019년 범행(개정 전 기준), 승합차 운전이나 가중요소 부재(음주 전과 불명)"
5421,gpt,zero_shot_closed_book,2,1,"혈중알코올농도 0.180%, 음주 전과 1회(2008, 경과 오래됨), 운전거리 약 150m, 2021년 범행, 승용차(K3)"
5422,gpt,zero_shot_closed_book,2,1,"음주 전과(동종 전과 1회), 혈중알코올농도 0.077%(정지수준), 운전거리 약 1km, 범행연도 2020, 차종 승용차"
5423,gpt,zero_shot_closed_book,2,1,"혈중알코올농도 매우 높음(0.224%), 운전거리 매우 단거리(약 120m), 2022년 범행, 승용차, 음주 전과 불명(기재 없음)"
5424,gpt,zero_shot_closed_book,2,1,"음주 전과(동종 전력 1회, 재범), 혈중알코올농도 0.096%(측정 불응 아님, 중간 수치), 운전거리 약 600m(짧음), 범행연도 2021년(윤창호법 적용기), 차종 승용차(통상)"
5425,gpt,zero_shot_closed_book,2,1,"음주 전과(재범), 혈중알코올농도(0.121%), 운전거리(약 1.5km), 범행연도(2020), 차종(카니발 승용차)"
5426,gpt,zero_shot_closed_book,2,1,"음주 전과 2회(동종), 혈중알코올농도 0.154%, 운전거리 약 3km, 범행연도 2019년, 차종 화물차"
5427,gpt,zero_shot_closed_book,3,2,"음주 전과 2회(동종), 혈중알코올농도 0.187%(고도), 운전거리 약 10km(장거리), 차종 화물차, 범행연도 2019(구 도로교통법 기준)"
5428,gpt,zero_shot_closed_book,2,1,"음주 전과(동종 1회), 혈중알코올농도 0.097%, 운전거리 매우 짧음(약 1m), 2019년 범행, 승용차"
5429,gpt,zero_shot_closed_book,2,1,"음주 전과(1회), 혈중알코올농도 0.045%(면허정지 수준, 낮음), 운전거리 약 20km(장거리), 차종 화물차(위험성 가중), 범행연도 2019년(개정 후 처벌 강화 시기)"
5430,gpt,zero_shot_closed_book,2,1,"음주 전과(재범), 혈중알코올농도 0.155%(상당히 높음), 운전거리 짧음(약 10m), 범행연도 2020년(개정 후 가중), 차종 승용차"
5431,gpt,zero_shot_closed_book,2,1,"음주 전과(2014 벌금 전력), 혈중알코올농도 0.108%, 운전거리 약 10km, 2019년 범행, 승용차(쏘나타) 운전"
5432,gpt,zero_shot_closed_book,2,1,"음주 전과 1회(재범), 혈중알코올농도 0.116%, 운전거리 약 70km의 장거리, 범행연도 2021년, 차종 승용차"
5433,gpt,zero_shot_closed_book,1,1,"다회 음주 전과(2회 이상), 혈중알코올농도 0.125%, 운전거리 약 920m, 차종 화물차, 범행연도 2015 (당시 법제 기준)"
5434,gpt,zero_shot_closed_book,2,1,"재범(2회 이상), 혈중알코올농도 0.167%(상당히 높음), 운전거리 약 20km(장거리), 전과 시기 오래됨(2009년, 경과기간 김), 2021년 범행, 승용차 운전"
5435,gpt,zero_shot_closed_book,2,0,"음주 전과 1회(재범), 혈중알코올농도 0.056%(낮음), 운전거리 약 1km(단거리), 2019년 범행(구 도로교통법 적용 시기), 차종 승합차(일반)"
5436,gpt,zero_shot_closed_book,1,1,"혈중알코올농도 0.114%, 주행거리 약 2km, 2021년 범행, 승용차, 음주 전과 기재 없음"
5437,gpt,zero_shot_closed_book,2,1,"음주 전과(1회), 혈중알코올농도 0.131%(상당히 높음), 운전거리 약 300m(짧음), 범행연도 2020(시행령 강화 시기), 차종 승합차(중형)"
5438,gpt,zero_shot_closed_book,2,1,"음주 전과 2회(동종), 혈중알코올농도 0.140%, 운전거리 약 30m(단거리), 2021년도 범행, 승용차(제네시스)"
5439,gpt,zero_shot_closed_book,3,1,"음주 전과 2회(집행유예 포함), 혈중알코올농도 0.100%, 운전거리 약 100m의 극히 단거리, 2019년 범행, 승용차 운전"
5440,gpt,zero_shot_closed_book,2,1,"음주 전과(2016 약식명령), 혈중알코올농도 0.076%(면허정지 수준, 비교적 낮음), 운전거리 약 10km(상당), 범행연도 2019년(윤창호법 이후 가중 경향), 차종 승용차"
5441,gpt,zero_shot_closed_book,2,1,"음주 전과 1회(재범), 혈중알코올농도 0.119%, 운전거리 약 3km, 차종 승용차, 범행연도 2019"
5444,gpt,zero_shot_closed_book,2,0,"음주 전과(1회, 2009년, 장기간 경과), 혈중알코올농도 0.056%(낮음), 운전거리 약 1.5km(짧음), 차종 화물차(가중 가능), 범행연도 2021년(윤창호법 적용기), 동종 재범이지만 경미 수치 및 장기 공백으로 벌금형 가능"
5445,gpt,zero_shot_closed_book,2,1,"음주 전과 2회(상습), 혈중알코올농도 0.181%(고도취), 운전거리 약 2km(단거리), 범행연도 2020년(윤창호법 적용기), 차종 승용차"
5446,gpt,zero_shot_closed_book,2,1,"혈중알코올농도(0.261% 매우 높음), 운전거리(약 100m로 매우 짧음), 차종(승합차), 범행연도(2019년, 시행규칙 개정 직후), 음주 전과 기재 없음"
5447,gpt,zero_shot_closed_book,2,1,"음주 전과 2회(재범), 혈중알코올농도 0.057%(상대적으로 낮음), 운전거리 약 3km, 2021년 범행, 승용차(아반떼)"
5448,gpt,zero_shot_closed_book,2,1,"음주 전과 2회(동종), 혈중알코올농도 0.112%, 운전거리 약 2km, 최근 범행연도 2020, 차종 승용차"
5449,gpt,zero_shot_closed_book,2,0,"혈중알코올농도 0.137%(면허취소 수치), 운전거리 약 5km, 2021년 범행, 승용차, 음주 전과 기재 없음"
5450,gpt,zero_shot_closed_book,3,2,"음주 전과 2회(음주운전·측정거부), 혈중알코올농도 0.227%의 고도취중, 운전거리 약 3km 왕복, 2020년 범행, 승용차(SM7) 운전"
5453,gpt,zero_shot_closed_book,2,1,"재범(음주 전과 1회), 높은 혈중알코올농도(0.150%), 짧은 운전거리(약 100m), 최근 범행연도(2021), 승용차 운전"
5454,gpt,zero_shot_closed_book,0,1,"음주 전과(1회, 재범), 혈중알코올농도 0.043%(상대적 저도), 운전거리 약 500m(단거리), 차종 승용차, 범행연도 2021년(윤창호법 적용기), 사고‧무면허 등 가중사유 불명"
5455,gpt,zero_shot_closed_book,0,1,"음주 전과(재범), 혈중알코올농도 0.119%, 운전거리 약 4km, 범행연도 2021년, 차종 승용차"
5456,gpt,zero_shot_closed_book,3,1,"혈중알코올농도 0.197%(상당히 높음), 장거리 운전(약 50km), 2022년 범행시기(윤창호법 적용기), 화물차(차량 중량·위험성)"
5457,gpt,zero_shot_closed_book,2,2,"과거 음주운전 전력(재범), 혈중알코올농도 0.221%(고도취), 운전거리 약 4km, 2020년 범행, 승용차 운전"
5459,gpt,zero_shot_closed_book,0,0,"음주 전과 1회(2014, 벌금), 혈중알코올농도 0.047%(면허정지 수치, 낮음), 운전거리 약 1km(짧음), 차종 승용차, 범행연도 2019년(윤창호법 시행기 but 수치 낮고 전력 경미)"
5460,gpt,zero_shot_closed_book,2,1,"음주 전과(동종 전과 1회), 혈중알코올농도 0.182%(고도), 운전거리 매우 짧음(약 2m), 범행연도 2021년, 차종 화물차"
5461,gpt,zero_shot_closed_book,1,1,"혈중알코올농도 0.092%(면허정지 수치), 운전거리 약 12km로 장거리, 2021년 범행연도(윤창호법 적용기), 승용차 카니발, 음주 전과 불명(가중 사유 부재)"
5462,gpt,zero_shot_closed_book,2,0,"음주 전과(1회), 혈중알코올농도 0.049%(면허정지 하한대비 낮음), 운전거리 약 1.5km(단거리), 범행연도 2019년(윤창호법 시행 초기 전후), 차종 승용차"
5463,gpt,zero_shot_closed_book,3,2,"다수 음주운전 전과 및 집행유예 전력, 고도취기(혈중알코올농도 0.238%), 운전거리 약 3km, 2021년 범행, 승용차 운전"
5464,gpt,zero_shot_closed_book,2,1,"혈중알코올농도 0.155%(고도), 운전거리 약 1km(단거리), 2021년 범행, 승용차 운전, 음주 전과 언급 없음(초범 추정)"
5465,gpt,zero_shot_closed_book,2,1,"음주 전과(동종 전력 1회, 재범), 혈중알코올농도(0.043%로 낮음), 운전거리(약 8km로 비교적 장거리), 범행연도(2020년, 윤창호법 적용기), 차종(승용차)"
5466,gpt,zero_shot_closed_book,2,3,"다수 음주운전 전과(벌금 2회, 집행유예 후 실형 1회), 재범 간격 단기, 혈중알코올농도 0.106%, 반복 위반(2회 이상), 2021년 범행, 승용차, 운전거리 약 100m"
5467,gpt,zero_shot_closed_book,2,1,"혈중알코올농도 0.238%(고도 취기), 운전거리 매우 짧음(약 2m), 2021년 범행, 승용차, 음주 전과 기재 없음"
5468,gpt,zero_shot_closed_book,3,1,"음주 전과(재범), 혈중알코올농도 0.074%, 운전거리 약 800m, 차종 승용차, 범행연도 2021"
5470,gpt,zero_shot_closed_book,2,1,"음주 전과(재범), 혈중알코올농도 0.186%(높음), 운전거리 약 2km(단거리), 범행연도 2021년(윤창호법 적용기), 차종 화물차(봉고Ⅲ)"
5471,gpt,zero_shot_closed_book,0,0,"혈중알코올농도 0.042%(초범 수준의 낮은 수치), 운전거리 약 3km, 전력은 소년보호사건(성인 전과 아님)으로 사실상 초범 취급 가능, 2019년 범행, 승합차 운전"
5473,gpt,zero_shot_closed_book,3,1,"높은 혈중알코올농도(0.192%), 음주운전 전과 및 집행유예 전력, 재범(2회 이상 위반), 매우 짧은 운전거리(약 50m), 최근 범행연도(2021), 승용차 운전"
5474,gpt,zero_shot_closed_book,1,1,"혈중알코올농도 0.108%, 운전거리 약 31km, 2021년 범행, 초범 여부 불명, 승용차 운전"
5475,gpt,zero_shot_closed_book,1,0,"음주 전과 2회(벌금), 혈중알코올농도 0.030%(측정치 매우 낮음·면허정지 기준 미만 가능성), 운전거리 약 100m로 매우 짧음, 2021년 범행, 화물차량 운전"
5476,gpt,zero_shot_closed_book,2,2,"음주 전과(2회 이상), 혈중알코올농도 0.188%, 차량 승용차, 운전거리 약 600m, 범행연도 2021"
5477,gpt,zero_shot_closed_book,1,0,"혈중알코올농도 0.079%(면허정지 수치, 비교적 낮음), 운전거리 약 500m로 단거리, 2021년 범행연도(윤창호법 적용기), 차종 승용차, 음주운전 전과 언급 없음(초범 추정)"
5478,gpt,zero_shot_closed_book,2,1,"혈중알코올농도 매우 높음(0.211%), 운전거리 짧음(약 500m), 2021년 범행시기, 차종(BMW), 음주 전과 불특정(기재 없음)"
5479,gpt,zero_shot_closed_book,1,1,"혈중알코올농도 0.132%, 운전거리 약 200m, 2021년 범행, 차종(승용차), 음주 전과 기재 없음"
5480,gpt,zero_shot_closed_book,1,1,"집행유예 기간 중 재범, 혈중알코올농도 0.082%(면허정지수준), 운전거리 약 2km, 2020년 범행, 이륜차 운전"
5481,gpt,zero_shot_closed_book,0,1,"음주 전과 1회(재범), 혈중알코올농도 0.119%, 짧은 운전거리 약 300m, 차종 승용차, 2019년 사건(개정 전후 고려)"
5482,gpt,zero_shot_closed_book,2,2,"음주 전과(재범), 혈중알코올농도 0.195% (매우 높음), 운전거리 약 3km, 차종 승용차, 범행연도 2021"
5483,gpt,zero_shot_closed_book,2,1,"혈중알코올농도 매우 높음(0.244%), 운전거리 매우 짧음(약 200m), 초범 추정(전과 기재 없음), 2021년 범행, 승용차 이용"
5484,gpt,zero_shot_closed_book,2,1,"음주운전 전과(2회), 혈중알코올농도 0.134%, 운전거리 약 500m, 범행연도 2019, 차종 승용차"
5485,gpt,zero_shot_closed_book,2,1,"재범(음주 전과 1회), 혈중알코올농도 0.102%(면허취소수준), 운전거리 약 500m(짧음), 차종 승용차, 범행연도 2021년(개정법 적용 시 일반적 실형 하한이나 전과 1회·사고없음·거리짧음으로 단기 실형 수준)"
5486,gpt,zero_shot_closed_book,2,1,"음주 전과(2016 벌금), 혈중알코올농도 0.142%(높음), 운전거리 약 2m(매우 단거리), 2021년 범행, 차종 화물차(상대적 위험성)"
5487,gpt,zero_shot_closed_book,2,2,"음주 전과(동종 전과 2회, 1회는 실형), 혈중알코올농도 0.128%, 장거리 운전 약 68km, 차종 승용차, 범행연도 2021년"
5488,gpt,zero_shot_closed_book,0,1,"음주 전과(재범), 혈중알코올농도 0.157%(상당히 높음), 운전거리 약 500m(짧음), 범행연도 2020년(윤창호법 시행기), 차종 승용차"
5489,gpt,zero_shot_closed_book,0,1,"음주 전과 2회(재범·동종), 혈중알코올농도 0.102%(취소수준), 운전거리 약 500m(짧음), 이륜차 운전, 범행연도 2020년(윤창호법 영향)"
5490,gpt,zero_shot_closed_book,2,0,"혈중알코올농도 0.089%(면허정지 수치, 비교적 낮음), 운전거리 약 1.5km(단거리), 2021년 사건(윤창호법 이후), 차종 승용차, 음주 전과 언급 없음(초범 추정)"
5491,gpt,zero_shot_closed_book,0,0,"음주 전과(과거 1회, 오래됨), 혈중알코올농도 0.069%(정지수준, 낮음), 운전거리 약 1.5km(짧음), 범행연도 2021년(개정 후 초범·경미), 차종 승용차(K5)"
5492,gpt,zero_shot_closed_book,0,1,"혈중알코올농도 0.147%, 운전거리 약 11km, 차종(승용차), 범행연도 2020, 음주 전과 언급 없음"
5493,gpt,zero_shot_closed_book,2,1,"재범(음주 전과 1회), 높은 혈중알코올농도(0.190%), 단거리 운전(약 1km), 2020년 범행, 승용차(BMW 528i)"
5495,gpt,zero_shot_closed_book,2,1,"음주 전과 2회(재범), 혈중알코올농도 0.141%(상당히 높음), 운전거리 약 100m(매우 짧음), 2021년 범행, 승용차 운전"
5496,gpt,zero_shot_closed_book,1,0,"초범 추정, 혈중알코올농도 0.064%(면허정지 수치의 하한대), 운전거리 약 5km로 비교적 단거리, 2021년 범행연도, 대형 승합차(유니버스) 운전"
5497,gpt,zero_shot_closed_book,2,0,"혈중알코올농도 0.098%(단일 측정치), 운전거리 약 2km의 비교적 단거리, 2021년 범행, 승용차, 전과·사고·무면허 등 가중요소 언급 없음"
5498,gpt,zero_shot_closed_book,2,0,"혈중알코올농도 0.106%, 운전거리 약 3.3km, 2021년 범행, 승용차, 음주 전과 기재 없음"
5499,gpt,zero_shot_closed_book,0,1,"음주 전과(재범·2회 이상), 혈중알코올농도 0.120%(상당히 높음), 운전거리 약 400m(짧음), 2019년 사건(윤창호법 시행기), 차종 승용차"
5501,gpt,zero_shot_closed_book,2,1,"음주 전과(2017 벌금), 혈중알코올농도 0.142%, 운전거리 약 2.7km, 승용차, 범행연도 2021"
5502,gpt,zero_shot_closed_book,2,0,"음주 전과(2011 약식 벌금), 혈중알코올농도 0.079%(면허정지 수치, 반복범이지만 비교적 낮음), 운전거리 약 500m로 단거리, 2020년 범행연도(당시 기준 양형), 차종 벤츠 S500(영향 미미)"
5503,gpt,zero_shot_closed_book,1,1,"혈중알코올농도 0.151%, 운전거리 약 15km, 2021년 범행, 승용차 이용, 음주 전과 기재 없음"
5504,gpt,zero_shot_closed_book,2,1,"혈중알코올농도 0.147%, 2회 이상 음주운전 전력(2007 벌금), 운전거리 약 600m, 승용차, 범행연도 2021"
5506,gpt,zero_shot_closed_book,2,2,"음주 전과 다수(3회, 집행유예 전력 포함), 혈중알코올농도 0.082%, 운전거리 약 100m, 2020년 범행, 승용차(G80)"
5507,gpt,zero_shot_closed_book,2,1,"음주 전과(1회), 혈중알코올농도 0.200%(고도취), 운전거리 매우 짧음(약 5m), 차종 승용차, 범행연도 2021"
5508,gpt,zero_shot_closed_book,2,1,"혈중알코올농도 0.108%, 운전거리 약 7km, 차종 승용차, 2021년 범행, 음주 전과 불명"
5509,gpt,zero_shot_closed_book,2,1,"음주 전과(재범), 혈중알코올농도 0.099%, 운전거리 약 4km, 차종 승용차, 범행연도 2020"
5510,gpt,zero_shot_closed_book,2,1,"재범(음주 전과 1회), 혈중알코올농도 0.156%(상당히 높음), 운전거리 약 500m(단거리), 차종 승용차, 범행연도 2021년(윤창호법 적용기), 사고 없음"
5511,gpt,zero_shot_closed_book,0,1,"음주 전과(재범), 혈중알코올농도 0.270%(매우 높음), 운전거리 약 5m(극히 단거리), 차종 승용차, 범행연도 2020"
5512,gpt,zero_shot_closed_book,2,1,"음주 전과(동종 전력 1회, 집행유예), 혈중알코올농도 0.190%(고도취), 운전거리 약 50m(단거리), 범행연도 2019년, 차종 승용차"
5513,gpt,zero_shot_closed_book,1,1,"혈중알코올농도 0.099%, 운전거리 약 1km, 2021년 범행, 승용차, 별도 사고·도주·무면허 기재 없음 (전과 불명)"
5514,gpt,zero_shot_closed_book,2,1,"음주 전과 2회(동종), 혈중알코올농도 0.081%(면허정지 수치), 운전거리 약 500m(단거리), 2021년 범행시점(윤창호법 적용기), 승용차 운전"
5515,gpt,zero_shot_closed_book,2,1,"음주 전과(동종 1회), 혈중알코올농도 0.110%, 운전거리 약 1km, 범행연도 2020년(윤창호법 적용기), 차종 승용차"
5516,gpt,zero_shot_closed_book,2,2,"다회 음주운전 전력(2회), 고도 음주(혈중알코올농도 0.245%), 승용차, 최근 범행연도(2020), 운전거리 매우 짧음"
5518,gpt,zero_shot_closed_book,2,1,"혈중알코올농도 0.187% 고도취중, 운전거리 약 1km 단거리, 2021년 범행시기(윤창호법 적용기), 승용차, 음주 전과 불명(기재 없음)"
5519,gpt,zero_shot_closed_book,2,0,"음주 전과 2회(모두 벌금), 혈중알코올농도 0.041%(면허정지 수치의 하한), 운전거리 매우 짧음(약 10m), 2021년 범행, 화물차(1톤 트럭) 운전"
5520,gpt,zero_shot_closed_book,2,1,"혈중알코올농도 매우 높음(0.232%), 운전거리 짧음(약 1km), 승용차, 2020년 범행, 별도 사고·무면허·음주 전과 언급 없음"
5522,gpt,zero_shot_closed_book,2,1,"음주 전과(동종 1회), 혈중알코올농도 0.114%, 운전거리 약 500m, 차종 승용차, 범행연도 2019"
5523,gpt,zero_shot_closed_book,2,1,"음주 전과(동종 전력 및 집행유예 전력), 혈중알코올농도(0.132%), 운전거리(약 50m의 극히 단거리), 차종(화물차), 범행연도(2021년)"
5525,gpt,zero_shot_closed_book,0,1,"음주 전과(재범), 혈중알코올농도 0.099%, 운전거리 약 5km, 차종 이륜자동차, 범행연도 2020"
5526,gpt,zero_shot_closed_book,2,1,"음주 전과 2회(동종), 혈중알코올농도 0.186%로 높음, 운전거리 약 100m로 매우 짧음, 2019년 범행, 승용차 운전"
5527,gpt,zero_shot_closed_book,2,0,"혈중알코올농도 0.140%, 운전거리 매우 짧음(약 2m), 화물차, 2021년 범행, 전과 기재 없음"
5528,gpt,zero_shot_closed_book,2,1,"재범(과거 음주운전 벌금 전력), 혈중알코올농도 0.169%(고도 취기), 운전거리 약 2km, 차종 오토바이, 2020년 범행(윤창호법 시행기)"
5529,gpt,zero_shot_closed_book,2,3,"재범(동종 집행유예 전력), 높은 혈중알코올농도(0.196%), 장거리 운전(약 50km), 화물차 운전, 범행연도(윤창호법 적용기)"
5530,gpt,zero_shot_closed_book,2,1,"음주 전과(재범), 혈중알코올농도 0.107%, 운전거리 약 1.5km, 2020년 범행, 승용차(그랜저)"
5531,gpt,zero_shot_closed_book,3,3,"다수의 음주운전 전과 및 집행유예·실형 전력, 높은 혈중알코올농도(0.165%), 화물차 운전, 운전거리 약 3km, 2020년 범행"
5532,gpt,zero_shot_closed_book,2,1,"혈중알코올농도 0.194%(고도취), 음주운전 전과 1회(재범), 운전거리 약 300m(단거리), 2021년 범행연도, 승용차 운전"
5533,gpt,zero_shot_closed_book,2,1,"음주 전과(2014 벌금), 혈중알코올농도 0.178%(고도취), 운전거리 약 400m(단거리), 범행연도 2020, 차종 승용차"
5535,gpt,zero_shot_closed_book,2,1,"음주 전과(재범), 혈중알코올농도 0.099%, 운전거리 약 1km, 범행연도 2020년, 차종 승용차"
5536,gpt,zero_shot_closed_book,2,1,"음주 전과 2회(동종), 혈중알코올농도 0.082%, 운전거리 약 200m의 단거리, 2020년 범행, 승용차 운전"
5537,gpt,zero_shot_closed_book,2,1,"음주 전과(동종 전과 1회), 혈중알코올농도 0.146%(상대적으로 높음), 운전거리 약 30m(매우 짧음), 범행연도 2020년(윤창호법 적용기), 차종 승용차"
5538,gpt,zero_shot_closed_book,2,1,"재범(음주운전 전과 1회), 혈중알코올농도 0.104%(면허취소수준), 운전거리 약 5km, 이륜자동차, 범행연도 2020"
5540,gpt,zero_shot_closed_book,3,2,"음주 전과(3회, 누범적), 혈중알코올농도 0.130%, 장거리 운전 약 60km, 2020년 범행, 승용차(카니발) 운전"
5541,gpt,zero_shot_closed_book,1,0,"혈중알코올농도 0.047%(면허정지 수치의 하한), 운전거리 약 2km, 화물차(상대적 위험요소), 범행연도 2021년(윤창호법 이후)"
5542,gpt,zero_shot_closed_book,2,1,"재범(음주 전과 1회), 혈중알코올농도 0.095%(윤창호법 기준 취소수준), 운전거리 약 4km, 2021년 범행(가중처벌기준 적용 시기), 승용차 운전"
5544,gpt,zero_shot_closed_book,2,2,"상습 음주운전(과거 3회, 그중 징역 6월 전력), 혈중알코올농도 0.107%, 화물차 운전, 운전거리 약 4.3km, 범행연도 2021"
5545,gpt,zero_shot_closed_book,3,1,"음주 전과(재범), 혈중알코올농도 0.156%, 운전거리 700m, 범행연도 2020, 차종 승용차"
5546,gpt,zero_shot_closed_book,2,1,"음주 전과 2회(상습), 혈중알코올농도 0.126%(면허취소수준), 운전거리 약 2km(단거리), 차량 승용차, 범행연도 2020년(윤창호법 적용기), 인적피해 없음"
5547,gpt,zero_shot_closed_book,2,1,"음주 전과(재범), 혈중알코올농도 0.208%(고도취), 운전거리 1.8km(단거리), 범행연도 2021년(윤창호법 적용기), 차종 승용차(스팅어)"
5548,gpt,zero_shot_closed_book,2,0,"과거 음주운전 벌금 전과(1회, 2011년), 혈중알코올농도 0.064%(면허정지 수치, 비교적 낮음), 운전거리 약 300m로 단거리, 2019년 범행, 승용차(아반떼) 운전"
5549,gpt,zero_shot_closed_book,3,1,"재범(1회 음주 전과로 2회 위반), 혈중알코올농도 0.213%로 매우 높음, 운전거리 약 1km로 비교적 짧음, 2021년 범행, 승용차 운전"
5550,gpt,zero_shot_closed_book,2,2,"음주 전과 2회(누범), 혈중알코올농도 0.196%로 매우 높음, 운전거리 150m로 짧음, 2021년 범행(윤창호법 적용 시기), 차종 오토바이"
5551,gpt,zero_shot_closed_book,2,1,"음주 전과 2회(동종), 혈중알코올농도 0.143%, 운전거리 약 200m의 단거리, 2020년 범행(윤창호법 적용기), 차종 BMW X5(사고 없음)"
5552,gpt,zero_shot_closed_book,2,1,"재범(음주 전과 1회), 혈중알코올농도 0.111%(면허취소 수치), 짧은 운전거리(약 1km), 범행연도 2021년(윤창호법 적용기), 차종 승용차"
5553,gpt,zero_shot_closed_book,2,1,"혈중알코올농도 0.141%(높음), 운전거리 약 300m(짧음), 2021년 범행(최근 법정형 상향기 적용 시기), 차종 승용차(일반), 음주전과 언급 없음(초범 추정)"
5554,gpt,zero_shot_closed_book,2,1,"음주 전과(재범, 2010 약식명령), 혈중알코올농도 0.132%, 운전거리 약 10km, 고급차량 운전, 동종 전과로 인한 가중, 범행연도 2020(윤창호법 시행기)"
5555,gpt,zero_shot_closed_book,2,1,"음주 전과(동종 1회), 혈중알코올농도 0.174%(상당히 높음), 운전거리 약 450m(단거리), 차종 승용차, 범행연도 2019년(개정 전후 기준 고려)"
5556,gpt,zero_shot_closed_book,2,0,"혈중알코올농도 0.144%, 운전거리 1.4km, 1회 적발 사실만 기재(전과 불명), 2021년 범행, 화물차(포터Ⅱ) 운전"
5559,gpt,zero_shot_closed_book,3,1,"혈중알코올농도 0.131%, 운전거리 약 10m의 극히 단거리, 2020년 범행, 승용차(카니발), 음주 전과 기재 없음"
5560,gpt,zero_shot_closed_book,0,0,"혈중알코올농도 0.054%(측정 불응·고도 취기 아님), 운전거리 약 3km로 장거리 아님, 사고·인명피해 없음, 2021년 범행, 초범 가정(전과 기재 없음), 일반 승용차 운전"
5561,gpt,zero_shot_closed_book,0,1,"혈중알코올농도 0.179%(상당히 높음), 운전거리 50m로 매우 짧음, 2019년 범행(윤창호법 시행 직후), 차종 승용차, 전과 기재 없음"
5562,gpt,zero_shot_closed_book,2,2,"음주 전과(2회, 실형 전력 포함), 혈중알코올농도 0.118%, 운전거리 약 1km, 범행연도 2020, 차종 승용차"
5563,gpt,zero_shot_closed_book,2,1,"혈중알코올농도 0.117%, 운전거리 약 1.1km, 2021년 범행, 승용차, 동종전과 언급 없음"
5564,gpt,zero_shot_closed_book,2,1,"혈중알코올농도 0.208%(고도취), 운전거리 약 24km(장거리), 2019년 범행시기(처벌 강화 전후 과도기), 차종 승용차, 음주 전과 특정되지 않음(초범 추정)"
5565,gpt,zero_shot_closed_book,0,2,"높은 혈중알코올농도(0.185%), 음주운전 전과 및 집행유예 전력, 재범 시기(전력 이후 재범), 운전거리(약 2km), 범행연도(2020), 차종(승용차)"
5566,gpt,zero_shot_closed_book,2,0,"음주 전과(2008년 1회, 오래 경과), 혈중알코올농도 0.045%(저도), 운전거리 약 700m(단거리), 차종 오토바이(이륜), 범행연도 2020년(윤창호법 이후이나 수치 낮음)"
5568,gpt,zero_shot_closed_book,0,1,"음주 전과(재범), 혈중알코올농도 0.123%, 운전거리 약 4km, 차종 승용차, 범행연도 2020"
5569,gpt,zero_shot_closed_book,2,2,"재범(음주 전과 1회), 높은 혈중알코올농도(0.265%), 운전거리 약 5km, 2021년 범행, 승용차 운전"
5570,gpt,zero_shot_closed_book,2,1,"음주 전과(재범), 혈중알코올농도 0.159%(상당히 높음), 운전거리 약 3km(단거리), 차종 승용차, 범행연도 2021년(윤창호법 적용기), 전과는 벌금형 1회(동종)"
5571,gpt,zero_shot_closed_book,2,0,"재범(1회 전력), 혈중알코올농도 매우 낮음(0.034%), 운전거리 단거리(약 100m), 최신 범행연도(2020), 차종 보통 승용차"
5572,gpt,zero_shot_closed_book,0,1,"재범(음주운전 2회), 혈중알코올농도 0.093%(측정거부 아님·사고 없음), 운전거리 약 1km의 단거리, 차종 승용차, 범행연도 2021년(윤창호법 적용기), 전력은 전과 1회·벌금형 수준"
5573,gpt,zero_shot_closed_book,0,1,"혈중알코올농도 0.133%, 운전거리 약 1km, 2021년 범행, 승용차, 음주 전과 언급 없음"
5574,gpt,zero_shot_closed_book,0,1,"혈중알코올농도 0.128%(상당히 높음), 고속도로 포함 장거리 운전, 2020년 범행시점, 차종(승용차), 전과기재 없음(가정)"
5575,gpt,zero_shot_closed_book,2,1,"음주 전과(2017 벌금 전력으로 재범), 혈중알코올농도(0.102% 중상 수준), 운전거리(약 3km), 범행연도(2021년, 윤창호법 시행기), 차종(아우디 승용차)"
5576,gpt,zero_shot_closed_book,2,1,"음주 전과(재범, 1회), 혈중알코올농도 0.076%(면허정지 수치), 운전거리 매우 짧음(약 30m), 차종 승용차, 범행연도 2021년(윤창호법 시기)"
5578,gpt,zero_shot_closed_book,2,1,"혈중알코올농도(0.193%), 운전거리(약 8km), 차종(승합차), 범행연도(2021), 음주 전과 기재 부재"
5580,gpt,zero_shot_closed_book,0,1,"음주 전과(재범), 혈중알코올농도 0.186%(고도취), 운전거리 약 500m(단거리), 범행연도 2020년(윤창호법 적용기), 차량 종류 승합차(상대적 위험성)"
5581,gpt,zero_shot_closed_book,2,1,"혈중알코올농도 0.201%(고도취), 운전거리 약 500m(단거리), 차종 승용차, 2021년 범행, 음주 전과 불명(기재 없음)"
5582,gpt,zero_shot_closed_book,0,1,"음주 전과(2회), 혈중알코올농도 0.063%, 운전거리 약 5km, 범행연도 2021년, 차종 승용차"
5583,gpt,zero_shot_closed_book,2,1,"음주 전과(재범), 혈중알코올농도 0.102%, 운전거리 약 5km, 범행연도 2021년, 차종 승용차"
5584,gpt,zero_shot_closed_book,0,1,"음주 전과 1회(2017 벌금), 혈중알코올농도 0.199%(높음), 운전거리 약 1km(짧음), 차종 승용차, 범행연도 2020"
5585,gpt,zero_shot_closed_book,3,1,"음주 전과(동종집유 전력), 혈중알코올농도 0.154%, 운전거리 약 900m, 차종 승용차, 범행연도 2021"
5586,gpt,zero_shot_closed_book,0,1,"혈중알코올농도 0.187%(고도취중), 운전거리 약 1km(단거리), 2021년 범행, 차종 승용차, 음주운전 전과 기재 없음"
5587,gpt,zero_shot_closed_book,2,1,"음주 전과 2회(재범·동종), 혈중알코올농도 0.094%(면허정지수준 상단), 운전거리 약 2km(단거리), 2020년 범행(윤창호법 적용기), 승용차(일반)"
5588,gpt,zero_shot_closed_book,1,0,"혈중알코올농도 0.050%(하한선), 운전거리 약 4km(단거리), 2022년 범행(윤창호법 이후), 승용차, 음주운전 전과 불명(기재 없음)"
5589,gpt,zero_shot_closed_book,2,1,"혈중알코올농도 0.169%(고도), 운전거리 약 15km(상당), 2021년 범행시기(윤창호법 적용기), 차종 승용차(BMW 520d), 음주 전과 기재 없음(불명)"
5590,gpt,zero_shot_closed_book,2,1,"과거 음주운전 전과(2011 벌금), 혈중알코올농도 0.108%(상당히 높음), 운전거리 약 300m(짧음), 2019년 범행, 승용차(지프 레니게이드)"
5591,gpt,zero_shot_closed_book,2,1,"혈중알코올농도 0.218%(매우 높은 수치), 운전거리 약 1km(단거리), 2021년 범행, 승용차(그랜저), 음주 전과 기재 없음"
5592,gpt,zero_shot_closed_book,2,2,"음주 전과 2회(동종), 혈중알코올농도 0.115%, 운전거리 약 15km, 2020년 범행, 승용차"
5593,gpt,zero_shot_closed_book,2,2,"다회 음주운전 전과(동종 3회, 실형 전력), 높은 혈중알코올농도(0.138%), 운전거리 단거리(약 500m), 최근 범행연도(2021), 차종 오토바이"
5594,gpt,zero_shot_closed_book,2,1,"음주 전과(2회), 혈중알코올농도(0.093%), 운전거리(약 100m 단거리), 범행연도(2020년, 이중처벌규정 강화 이후), 차량종류(승용차)"
5595,gpt,zero_shot_closed_book,2,1,"음주 전과(재범), 혈중알코올농도 0.065%(면허정지 수치의 하한대), 운전거리 약 300m(단거리), 범행연도 2021년(윤창호법 적용기), 차종 승용차"
5596,gpt,zero_shot_closed_book,2,1,"음주 전과 2회(동종 전력), 혈중알코올농도 0.106%(면허취소 수치, 0.1%대 초반), 운전거리 약 50m로 단거리, 2021년 범행, 승용차(싼타페)"
5597,gpt,zero_shot_closed_book,2,1,"음주 전과 2회(동종), 혈중알코올농도 0.094%, 운전거리 약 2km, 2020년 범행, 승용차 운전"
5598,gpt,zero_shot_closed_book,2,2,"음주 전과 다수(동종 3회, 집행유예 전력), 혈중알코올농도 0.137%, 운전거리 약 1km, 2019년 범행, 승용차량 운전"
5599,gpt,zero_shot_closed_book,2,1,"재범(과거 1회 음주운전 벌금 전력), 혈중알코올농도 0.128%(상당히 높음), 운전거리 약 1km(짧음), 차종 승용차, 범행연도 2021(윤창호법 적용기)"
5600,gpt,zero_shot_closed_book,1,0,"혈중알코올농도 0.057%(면허정지 수치, 비교적 낮음), 운전거리 약 2km(단거리), 2021년 범행(최근 경향 반영), 차종 승용차, 음주 전과 기재 없음(초범 추정)"
5601,gpt,zero_shot_closed_book,0,0,"과거 음주운전 전력(2009, 벌금형), 낮은 혈중알코올농도(0.039%), 장거리 운전(약 40km), 차량종류(승용차), 최근 범행연도(2020)"
5602,gpt,zero_shot_closed_book,1,0,"혈중알코올농도 0.051%(낮음, 면허정지 수치), 초범 추정(전과 기재 없음), 단거리 약 1km, 2021년 범행, 일반 승용차 운전"
5603,gpt,zero_shot_closed_book,2,1,"음주 전과(재범), 혈중알코올농도 0.172%(높음), 운전거리 약 800m(단거리), 범행연도 2020년(윤창호법 적용기), 차종 승용차"
5604,gpt,zero_shot_closed_book,0,1,"혈중알코올농도 0.163%(면허취소 수치·상당히 높음), 운전거리 약 1km(단거리), 2021년 범행(최근 법정형 상향기조), 승용차 에쿠스, 사고·무면허·도주 등 가중사유 없음, 음주 전과 기재 없음"
5605,gpt,zero_shot_closed_book,2,2,"음주 전과 2회(동종), 혈중알코올농도 0.159%, 운전거리 약 3km, 차종 승용차, 범행연도 2021"
5606,gpt,zero_shot_closed_book,3,2,"동종 전과(2008, 누범적 재범), 단기간 내 2회 연속 음주운전, 높은 혈중알코올농도(0.188%, 0.208%), 화물차 운전, 운전거리(3km·4km), 범행연도(윤창호법 이후)"
5607,gpt,zero_shot_closed_book,2,1,"음주 전과(측정거부 벌금 전력으로 재범), 혈중알코올농도 0.047%(상대적으로 낮음), 운전거리 약 10km(상당), 범행연도 2020년(개정법 적용 시상), 차종 화물 봉고(영향 제한적)"
5608,gpt,zero_shot_closed_book,2,1,"다회 음주전과(3회 벌금 전력), 혈중알코올농도 0.128%(상당히 높음), 운전거리 약 10km(장거리), 2021년 범행시기, 고급 승용차 벤츠 운전"
5609,gpt,zero_shot_closed_book,2,1,"음주 전과 2회(재범), 혈중알코올농도 0.117%, 운전거리 15km, 범행연도 2021년, 차종 승용차"
5610,gpt,zero_shot_closed_book,2,1,"음주 전과(2017 벌금 전력, 재범), 혈중알코올농도 0.098%(면허정지 수치대), 운전거리 약 750m(단거리), 차종 승용차, 범행연도 2020(윤창호법 시행 이후)"
5613,gpt,zero_shot_closed_book,3,1,"음주 전과 2회(동종), 혈중알코올농도 0.082%, 운전거리 약 500m 단거리, 차종 화물차, 범행연도 2021(윤창호법 적용기), 재범 임에도 인적·물적 피해 없음"
5614,gpt,zero_shot_closed_book,0,0,"혈중알코올농도 0.106%(면허취소 수준이나 매우 높지 않음), 운전거리 약 3m로 극히 단거리·주차장 내, 2021년 단일 사건·사고 및 인적피해 불명확(없음으로 추정), 음주 전과 기재 없음"
5615,gpt,zero_shot_closed_book,2,1,"음주 전과(2회), 혈중알코올농도 0.169%, 운전거리 1.4km, 범행연도 2020년, 차종 승용차, 일반 교통사고 미발생 및 단순 적발"
5616,gpt,zero_shot_closed_book,2,1,"재범(음주운전 전과 1회), 혈중알코올농도 0.151%, 운전거리 약 3km, 2021년 범행, 승용차 운전"
5617,gpt,zero_shot_closed_book,2,1,"혈중알코올농도 0.132%(상당히 높음), 운전거리 약 16.9km(장거리), 음주운전 전력 1회(2010년 벌금형), 최근 범행연도 2021년, 차종 승용차(스파크)"
5618,gpt,zero_shot_closed_book,0,1,"음주 전과 2회(동종 재범), 혈중알코올농도 0.056%(면허정지 수치의 하한대), 운전거리 약 2km, 2021년 범행(개정법 적용 시기), 승용차(제네시스) 운전"
5619,gpt,zero_shot_closed_book,2,1,"음주 전과(2007 벌금 전력으로 재범), 혈중알코올농도 0.104%(면허취소 수치), 운전거리 약 10m(매우 단거리), 차종(승용차), 범행연도 2020"
5620,gpt,zero_shot_closed_book,2,1,"음주 전과(재범), 혈중알코올농도 0.135%(상당히 높음), 운전거리 약 500m(짧음), 차종 승용차, 범행연도 2021년(윤창호법 적용기), 전력은 벌금 1회(징역 전력 없음)"
5621,gpt,zero_shot_closed_book,0,1,"음주 전과(재범), 혈중알코올농도 0.074%(비교적 낮음), 운전거리 약 100m(매우 짧음), 차종 승용차, 범행연도 2019년(윤창호법 시행기)"
5622,gpt,zero_shot_closed_book,2,1,"재범(과거 음주운전 1회), 혈중알코올농도 0.082%, 운전거리 약 4km, 차종 승용차, 범행연도 2020"
5624,gpt,zero_shot_closed_book,1,1,"혈중알코올농도 0.164%, 운전거리 약 2km, 차종 승용차, 2021년 범행, 음주 전과 불명 (기재 없음)"
5625,gpt,zero_shot_closed_book,2,2,"음주 전과(재범), 혈중알코올농도 0.187%(고도취), 운전거리 약 3km, 차종 화물차, 범행연도 2020"
5627,gpt,zero_shot_closed_book,2,0,"다수 음주운전 전력(3회), 혈중알코올농도 매우 낮음(0.003%), 단거리 운전(약 1km), 이륜차, 2020년 범행"
5628,gpt,zero_shot_closed_book,3,1,"다회 음주 전과(집행유예 전과 및 벌금 전과), 혈중알코올농도 0.097%(면허취소 수준이지만 중간대), 운전거리 매우 짧음(약 10m), 2021년 범행, 화물차(다마스) 운전"
5629,gpt,zero_shot_closed_book,3,1,"음주 전과(재범), 혈중알코올농도 0.164%(상당히 높음), 운전거리 약 3km, 차종 승합차, 범행연도 2020년(윤창호법 적용기), 전과 시기 오래됨(2011, 장기 경과)"
5630,gpt,zero_shot_closed_book,2,1,"음주 전과 2회(재범·상습성), 혈중알코올농도 0.123%(상당히 높음), 운전거리 약 300m(매우 짧음), 차종 승용차, 범행연도 2021(윤창호법 적용기), 인적·물적 피해 없음"
5631,gpt,zero_shot_closed_book,2,1,"음주 전과(재범), 혈중알코올농도 0.092%(면허정지 수치 상단), 운전거리 1km로 단거리, 차종 화물차(상대적 위험성), 범행연도 2019년(윤창호법 이후 초범이라도 실형 가능성이나 전과는 2016년 벌금형)"
5632,gpt,zero_shot_closed_book,2,1,"음주 전과(2회, 동종), 혈중알코올농도 0.110%, 운전거리 약 1km, 차종 승용, 범행연도 2021"
5633,gpt,zero_shot_closed_book,3,1,"혈중알코올농도 0.185%(고도), 운전거리 약 7km(상당), 차량 승용차, 범행연도 2021년(윤창호법 시행기), 음주 전과 불명(가중 사유 없음)"
5634,gpt,zero_shot_closed_book,0,1,"재범(과거 음주운전 벌금 전력), 혈중알코올농도 0.085%(면허정지 수치, 중간), 운전거리 약 200m로 단거리, 2020년 범행, 소형 승용차 운전"
5635,gpt,zero_shot_closed_book,2,1,"혈중알코올농도 0.163%, 운전거리 약 5km, 음주운전 전과 2회(상당히 경과), 2021년 범행, 승용차 운전"
5636,gpt,zero_shot_closed_book,2,1,"혈중알코올농도 0.104%, 운전거리 약 22km, 2021년 범행, 차종(승용차), 음주 전과 언급 없음"
5637,gpt,zero_shot_closed_book,2,1,"음주 전과 2회(동종), 혈중알코올농도 0.162%, 운전거리 약 10m, 2020년 범행, 승용차"
5638,gpt,zero_shot_closed_book,2,1,"재범(음주 전과 1회), 혈중알코올농도 0.151%(상당히 높음), 운전거리 약 2.8km(짧은 편), 2021년 범행, 승용차 운전"
5640,gpt,zero_shot_closed_book,2,1,"음주 전과(측정거부 1회), 혈중알코올농도 0.194%(높음), 운전거리 약 5km, 차종 승용차, 범행연도 2020"
5641,gpt,zero_shot_closed_book,2,1,"음주 전과(1회, 재범), 혈중알코올농도 0.093%, 운전거리 약 1m(매우 단거리), 차종(승용차), 범행연도 2020년"
5642,gpt,zero_shot_closed_book,2,1,"음주 전과(동종 1회), 혈중알코올농도 0.107%, 운전거리 매우 짧음(약 10m), 차량 차종(제네시스), 범행연도 2021"
5643,gpt,zero_shot_closed_book,2,1,"음주 전과(2회), 혈중알코올농도(0.104%), 운전거리(약 6km), 범행연도(2021), 차종(SUV)"
5644,gpt,zero_shot_closed_book,2,1,"혈중알코올농도 0.197%(고도취), 운전거리 약 3.6km(단거리), 2021년 범행, 승용차, 음주 전과 언급 없음(초범 추정)"
5645,gpt,zero_shot_closed_book,2,2,"혈중알코올농도 0.166%(상당히 높음), 음주운전 전과 2회로 동종 누범, 운전거리 약 7km로 장거리, 2020년 범행시점(구 도로교통법상 가중처벌 경향), 승용차 일반 차량 운전"
5646,gpt,zero_shot_closed_book,2,1,"혈중알코올농도 0.110%, 운전거리 약 15km, 2021년 범행, 승용차, 음주운전 전과 기재 없음"
5647,gpt,zero_shot_closed_book,2,1,"음주 전과(재범), 혈중알코올농도 0.111%, 운전거리 약 500m, 차종 화물차, 범행연도 2021"
5648,gpt,zero_shot_closed_book,2,2,"음주 전과 2회(재범 위험), 혈중알코올농도 0.184%(매우 높음), 운전거리 약 3km, 2021년 범행(개정법 적용 시 가중 경향), 승용차 운전"
5649,gpt,zero_shot_closed_book,2,1,"음주 전과(동종 1회), 혈중알코올농도 0.094%, 운전거리 약 10m의 극히 단거리, 범행연도 2019년(특가법상 가중 전), 차종 승용차"
5650,gpt,zero_shot_closed_book,2,1,"음주 전과 2회(누범 아님, 최종 2018년 벌금), 혈중알코올농도 0.138%(상당히 높음), 운전거리 약 2km(단거리), 2020년 사건(처벌기준 개정 이후), 화물차량 운전"
5651,gpt,zero_shot_closed_book,2,1,"재범(음주 전과 1회), 혈중알코올농도 0.116%, 운전거리 약 2.5km, 범행연도 2021년, 승용차(그랜저)"
5652,gpt,zero_shot_closed_book,2,1,"음주 전과(재범), 혈중알코올농도(0.184% 고도취), 운전거리(약 1km 단거리), 차종(승용차), 범행연도(2020년)"
5653,gpt,zero_shot_closed_book,2,1,"혈중알코올농도 0.121%(상당히 높음), 운전거리 약 500m(단거리), 2021년 범행(윤창호법 적용기), 승용차 오피러스, 음주 전과 기재 없음"
5654,gpt,zero_shot_closed_book,1,1,"음주 전과 2회(동종), 혈중알코올농도 0.119%, 운전거리 약 1km, 차종 승용차, 범행연도 2019"
5655,gpt,zero_shot_closed_book,2,1,"음주 전과(재범), 혈중알코올농도 0.124%, 운전거리 약 500m, 범행연도 2021, 차종 승용차"
5657,gpt,zero_shot_closed_book,2,1,"음주 전과(동종 전과 1회), 혈중알코올농도 0.088%, 운전거리 약 1.2km, 범행연도 2020년, 차종 승용차"
5658,gpt,zero_shot_closed_book,0,0,"혈중알코올농도 0.136%, 운전거리 약 100m의 매우 단거리, 2015년 범행연도(구 도로교통법 체계), 차종(승용차), 전과 언급 없음"
5659,gpt,zero_shot_closed_book,2,1,"재범(음주전과 1회), 혈중알코올농도 0.121%(상당히 높음), 운전거리 약 400m(단거리), 차종 승용차, 범행연도 2021년(윤창호법 적용기), 사고 없음"
5660,gpt,zero_shot_closed_book,2,1,"음주 전과(측정거부 벌금), 혈중알코올농도 0.136%, 운전거리 약 20m 단거리, 차종 승용차, 범행연도 2021"
5661,gpt,zero_shot_closed_book,2,1,"음주 전과(재범), 혈중알코올농도 0.132%, 운전거리 약 15km, 차종 1톤 화물차, 범행연도 2021"
5662,gpt,zero_shot_closed_book,2,1,"음주 전과(2회), 혈중알코올농도 0.156%, 운전거리 약 50m, 차종 승용차, 범행연도 2019"
5663,gpt,zero_shot_closed_book,1,0,"혈중알코올농도 0.043%(상대적으로 낮음), 운전거리 약 70km(장거리·가중요소), 화물차 대형차종(가중요소), 2021년 범행시기(윤창호법 이후), 음주 전과 불명(없다고 가정 시)"
5664,gpt,zero_shot_closed_book,0,2,"음주 전과(재범), 혈중알코올농도 0.196%(상당히 높음), 운전거리 약 500m(짧음), 범행연도 2021년(개정법 적용 시기), 차종 승용차"
5665,gpt,zero_shot_closed_book,2,1,"과거 음주운전 전력 2회(오래전), 혈중알코올농도 0.113%, 운전거리 매우 짧음(약 20m), 2021년 범행, 승용차 운전"
5666,gpt,zero_shot_closed_book,2,1,"혈중알코올농도 0.124%(상당히 높음), 운전거리 약 50m(매우 단거리), 차종 봉고3(영향 제한적), 2021년 범행(윤창호법 적용기), 음주 전과 기재 없음"
5667,gpt,zero_shot_closed_book,3,1,"음주 전과(재범), 혈중알코올농도 0.131%, 화물차, 운전거리 약 50m, 2019년 범행"
5668,gpt,zero_shot_closed_book,1,1,"혈중알코올농도 0.136%(상당히 높은 편), 운전거리 약 500m(단거리), 2021년 범행, 차종 승용차, 음주 전과 언급 없음(초범 추정)"
5669,gpt,zero_shot_closed_book,2,1,"혈중알코올농도 매우 높음(0.213%), 운전거리 단거리(약 50m), 2020년 범행, 차종 승용차, 음주 전과 기재 없음"
5670,gpt,zero_shot_closed_book,2,2,"혈중알코올농도 0.229%(상당히 높음), 음주운전 전과 여부 불명이나 다수 형사전과 및 집행유예 실효/가석방 전력으로 높은 비난가능성, 운전거리 약 350m(단거리), 범행연도 2021년, 차종 승용차(K5)"
5671,gpt,zero_shot_closed_book,2,1,"재범(과거 1회 음주전과), 혈중알코올농도 0.080%, 운전거리 약 8km, 화물차 운전, 2021년 범행"
5672,gpt,zero_shot_closed_book,2,2,"음주 전과(재범), 매우 높은 혈중알코올농도(0.237%), 운전거리(약 1.3km), 범행연도(2020), 차종(승용차)"
5673,gpt,zero_shot_closed_book,2,0,"음주 전과(1회, 2015, 벌금), 혈중알코올농도(0.063% 낮은 편), 운전거리(약 20m 극히 짧음), 차종(승용차), 범행연도(2019, 개정 전후 경계이나 수치 낮음)"
5674,gpt,zero_shot_closed_book,2,1,"재범(과거 음주운전 전과 1회), 혈중알코올농도 0.08%, 운전거리 약 7km, 2020년 범행, 승용차 운전"
5675,gpt,zero_shot_closed_book,0,1,"음주 전과(동종 1회), 혈중알코올농도 0.083%, 운전거리 매우 짧음(약 20m), 차종 승용차, 범행연도 2020"
5676,gpt,zero_shot_closed_book,2,1,"음주 전과(동종 전과 1회), 혈중알코올농도 0.114%, 운전거리 약 560m(단거리), 차종 승용차, 범행연도 2021년(윤창호법 적용기), 재범(2회 이상)"
5677,gpt,zero_shot_closed_book,2,0,"음주 전과 2회(2013, 2017), 혈중알코올농도 0.035%(측정거부 아님, 낮음), 운전거리 약 400m(단거리), 차종 승용차, 범행연도 2021(윤창호법 기수범 적용기), 동종전력 오래됨·무사고/무피해 추정"
5678,gpt,zero_shot_closed_book,2,1,"혈중알코올농도 0.190%(고도), 운전거리 약 20km(상당), 차종 승합자동차, 범행연도 2021년(윤창호법 적용 시기), 음주 전과 불명(가중 사유 부재)"
5679,gpt,zero_shot_closed_book,2,1,"동종 전과 2회(재범·누범 위험), 혈중알코올농도 0.062%(상대적으로 낮음), 운전거리 약 500m(단거리), 2021년 범행시기(윤창호법 적용기), 승용차 운전"
5680,gpt,zero_shot_closed_book,2,1,"재범(동종 전과 1회), 혈중알코올농도 0.098%, 운전거리 약 500m의 단거리, 수입차량(아우디) 운전, 범행연도 2021"
5681,gpt,zero_shot_closed_book,0,0,"혈중알코올농도 0.088%(면허정지 수치, 상대적으로 낮음), 운전거리 약 1km(단거리), 2021년 범행(최근이지만 단일범행), 차종 승용차, 음주 전과 기재 없음"
5682,gpt,zero_shot_closed_book,2,1,"음주 전과(재범), 혈중알코올농도 0.093%, 운전거리 약 1km, 차종 오토바이, 범행연도 2019"
5683,gpt,zero_shot_closed_book,0,0,"혈중알코올농도 0.104%(면허정지수준), 운전거리 약 35km(비교적 장거리), 2020년 범행, 차종 승용차, 음주전과 기재 없음"
5684,gpt,zero_shot_closed_book,0,1,"재범(과거 음주운전 1회), 혈중알코올농도 0.065%(상대적 저도), 운전거리 약 8km(장거리), 승용차, 범행연도 2020년(윤창호법 적용기), 전과 후 장기간 공백(9년)"
5686,gpt,zero_shot_closed_book,2,1,"재범(동종 전과 1회), 혈중알코올농도 0.124%, 운전거리 약 2km, 2021년 범행, 승용차(BMW)"
5687,gpt,zero_shot_closed_book,0,0,"혈중알코올농도 0.125%, 운전거리 약 100m의 단거리, 2021년 범행, 승용차, 음주운전 전과 기재 없음"
5688,gpt,zero_shot_closed_book,2,1,"혈중알코올농도 0.124%, 운전거리 약 8km, 승용차, 2021년 범행, 음주 전과 기재 없음"
5689,gpt,zero_shot_closed_book,2,1,"음주 전과(동종 1회), 혈중알코올농도 0.103%, 운전거리 약 5km, 차종 승용차, 범행연도 2021"
5692,gpt,zero_shot_closed_book,0,0,"혈중알코올농도 0.092%(면허정지 수치, 비교적 낮음), 운전거리 약 800m로 단거리, 49cc 오토바이(소형 이륜차), 2021년 범행, 음주 전과나 사고·무면허 등 가중사실 기재 없음"
5693,gpt,zero_shot_closed_book,2,1,"음주 전과 다수(동종 3회, 집행유예 전력), 혈중알코올농도 0.069%, 운전거리 약 10km, 2020년 범행, 승용차(일반)"
5694,gpt,zero_shot_closed_book,0,0,"혈중알코올농도 0.047%(면허정지 수치, 비교적 낮음), 운전거리 약 2km(단거리), 2021년 범행, 승용차(대형 화물 아님), 기타 가중 사정(사고·도주·전과) 기재 없음"
5696,gpt,zero_shot_closed_book,2,1,"반복 음주운전(동종 전력 1회, 동일 연도 재범), 혈중알코올농도 0.07%(면허정지 수치), 운전거리 약 200m(단거리), 범행연도 2020년, 차종 승용차"
5697,gpt,zero_shot_closed_book,1,0,"혈중알코올농도 0.090%, 초범 추정(전과 언급 없음), 운전거리 약 500m의 단거리, 2021년 범행, 승용차 K5 운전"
5698,gpt,zero_shot_closed_book,2,1,"음주 전과(동종 1회), 혈중알코올농도 0.157%, 운전거리 약 2km, 범행연도 2020년, 차종 승용차"
5699,gpt,zero_shot_closed_book,2,1,"혈중알코올농도(0.216%), 음주 전과(동종 전과 1회), 운전거리(약 20km), 차종(승용차), 범행연도(2021)"
5700,gpt,zero_shot_closed_book,2,1,"음주 전과 2회(동종), 혈중알코올농도 0.166%, 운전거리 약 140m로 매우 짧음, 차량 승용차, 범행연도 2021년(윤창호법 적용기), 재범이지만 장기간 공백 존재(2008, 2015)"
5701,gpt,zero_shot_closed_book,2,1,"음주 전과 2회(동종), 혈중알코올농도 0.075%, 운전거리 약 1km, 2021년 범행, 승용차(카니발)"
5702,gpt,zero_shot_closed_book,2,1,"음주 전과(재범), 혈중알코올농도 0.185%(고도취), 짧은 운전거리(약 10m), 차종(벤츠 E300), 범행연도 2020"
5703,gpt,zero_shot_closed_book,2,0,"혈중알코올농도 0.090%(면허정지 수치, 비교적 낮음), 운전거리 약 3km(단거리), 2021년 범행(윤창호법 시행기), 승용차 운전, 음주 전과 기재 없음(초범 추정)"
5704,gpt,zero_shot_closed_book,1,1,"혈중알코올농도 매우 높음(0.191%), 운전거리 극히 짧음(약 1m), 2021년 범행시기, 차종(승용차)"
5705,gpt,zero_shot_closed_book,2,1,"음주 전과 2회(상습), 높은 혈중알코올농도(0.224%), 비교적 짧은 운전거리(약 1km), 범행연도 2019년(윤창호법 시행기), 화물차 운전"
5706,gpt,zero_shot_closed_book,2,1,"음주 전과(재범), 혈중알코올농도 0.151%(상당히 높음), 운전거리 매우 짧음(약 5m, 주차장 내), 장기간 경과 전력(2008년 1회), 차종 승용차, 2021년 범행연도"
5707,gpt,zero_shot_closed_book,3,1,"음주 전과 다수(동종 3회), 혈중알코올농도 0.084%, 운전거리 약 50m(매우 짧음), 2021년 범행, 승용차(BMW)"
5709,gpt,zero_shot_closed_book,2,1,"음주 전과(재범), 혈중알코올농도 0.140%(상당히 높음), 운전거리 약 28km(장거리), 범행연도 2020년(개정법 이후), 차종 승용차"
5710,gpt,zero_shot_closed_book,2,1,"재범(음주 전과 1회), 높은 혈중알코올농도(0.191%), 운전거리 약 3km, 2020년 범행, 일반 승용차"
5711,gpt,zero_shot_closed_book,0,1,"재범(과거 음주운전 전력 1회), 혈중알코올농도 0.139%(상당히 높음), 운전거리 매우 짧음(약 50m), 범행연도 2021년(윤창호법 적용기), 차종 화물차(상대적 위험성)"
5712,gpt,zero_shot_closed_book,2,0,"혈중알코올농도 0.100%, 운전거리 약 5km, 2021년 범행, 승용차, 음주 전과 불명"
5714,gpt,zero_shot_closed_book,0,1,"혈중알코올농도 0.172%, 운전거리 약 150m(매우 단거리), 차종 승용차, 범행연도 2021년(윤창호법 시행기), 음주 전과 언급 없음(초범 추정)"
5715,gpt,zero_shot_closed_book,1,0,"혈중알코올농도 0.078%(면허정지 수치), 운전거리 약 2km(짧음), 2021년 범행, 차종 승용차, 음주 전과 기재 없음"
5717,gpt,zero_shot_closed_book,2,2,"혈중알코올농도 매우 높음(0.205%), 운전거리 중간~장거리(약 5km), 차량종류(승용차), 범행연도(2021년, 윤창호법 시행 이후), 음주 전과 언급 없음(초범 추정)"
5718,gpt,zero_shot_closed_book,2,1,"혈중알코올농도 0.154%, 운전거리 약 8km, 승용차, 범행연도 2021, 음주 전과 기재 없음"
5719,gpt,zero_shot_closed_book,2,1,"혈중알코올농도 0.166%(고도 취중), 운전거리 약 7km, 2021년 범행, 승용차, 사고·무면허·음주 전과 기재 없음"
5720,gpt,zero_shot_closed_book,1,1,"혈중알코올농도 0.152%(면허취소 수치, 0.2 미만), 운전거리 약 7.9km(중간), 2021년 범행, 승용차, 음주 전과 기재 없음"
5721,gpt,zero_shot_closed_book,2,2,"재범(음주운전 전과 1회), 혈중알코올농도 0.171%(고도취), 운전거리 약 1.5km, 범행연도 2020년, 승용차 운전"
5722,gpt,zero_shot_closed_book,2,0,"음주 전과(1회, 2012년, 벌금), 혈중알코올농도(0.058%, 낮음), 운전거리(약 500m, 매우 짧음), 재범 간 경과기간(약 9년), 차종(승용차), 범행연도(2021년, 윤창호법기 적용기)"
5723,gpt,zero_shot_closed_book,3,1,"음주 전과(재범), 혈중알코올농도 0.189%(상당히 높음), 운전거리 약 1km(짧음), 차종 승용차, 범행연도 2021 (윤창호법 시행기)"
5724,gpt,zero_shot_closed_book,2,1,"다회 음주운전 전력(3회 벌금 전과), 혈중알코올농도 0.102%(윤창호법 기준 징역·벌금 대상), 운전거리 약 10km, 2020년 범행, 승용차(BMW) 운전"
5725,gpt,zero_shot_closed_book,1,1,"혈중알코올농도 0.191%(고도취중), 운전거리 약 500m(단거리), 2021년 범행, 승용차, 음주 전과 기재 없음(초범 추정)"
5726,gpt,zero_shot_closed_book,2,1,"혈중알코올농도 매우 높음(0.233%), 운전거리 약 2km, 2020년 범행, 승용차, 음주 전과 불상(기재 없음)"
5728,gpt,zero_shot_closed_book,2,1,"혈중알코올농도(0.207% 고도), 운전거리(약 800m 단거리), 차종(승용차), 범행연도(2021, 윤창호법 적용 시기), 음주 전과 기재 없음"
5729,gpt,zero_shot_closed_book,1,1,"혈중알코올농도 0.139%(상당히 높음), 운전거리 극히 짧음(약 1m), 2021년 범행, 승용차, 음주운전 전과 기재 없음"
5730,gpt,zero_shot_closed_book,2,2,"다수의 음주운전 전과(4회, 최근 집행유예 포함), 재범시기(집유 경과 후 재범), 혈중알코올농도 0.158%의 고도취약, 이륜차 운전, 운전거리 짧음(약 150m), 범행연도 2020"
5731,gpt,zero_shot_closed_book,2,1,"음주 전과 2회(동종), 혈중알코올농도 0.171%, 운전거리 약 800m, 범행연도 2019년, 차종 승용차"
5733,gpt,zero_shot_closed_book,2,2,"음주 전과(3회), 혈중알코올농도(0.197% 고도), 운전거리(약 50m 짧음), 차종(승용차), 범행연도(2021년, 윤창호법 적용 시기)"
5734,gpt,zero_shot_closed_book,0,1,"음주 전과 2회(동종), 혈중알코올농도 0.054%(초범치 저농도), 운전거리 약 500m(단거리), 범행연도 2020년(개정법 적용 시기), 차종 승용차"
5735,gpt,zero_shot_closed_book,0,1,"재범(동종 1회), 혈중알코올농도 0.188%의 고도취중, 짧은 운전거리(약 100m), 2020년 범행, 이륜차 운전"
5736,gpt,zero_shot_closed_book,3,1,"음주 전과(재범·동종 전력), 혈중알코올농도(0.078%), 운전거리(약 1km), 차종(승용차), 범행연도(2020년·윤창호법 이후)"
5737,gpt,zero_shot_closed_book,2,1,"음주 전과(2018 벌금), 혈중알코올농도 0.170% 고도, 운전거리 약 1.5km, 범행연도 2020, 차종 승용차"
5740,gpt,zero_shot_closed_book,2,1,"음주 전과(1회), 혈중알코올농도 0.115%(상당히 높음), 운전거리 약 2km(단거리), 차종 화물차(중대성 가중 가능), 범행연도 2020년(개정 후 가중 경향)"
5741,gpt,zero_shot_closed_book,0,1,"음주 전과(2015 벌금), 혈중알코올농도 0.095%(면허정지 상한 근접), 운전거리 약 50m로 매우 짧음, 2021년 범행, 차종 경형 승용차"
5742,gpt,zero_shot_closed_book,2,1,"재범(음주전과 1회), 높은 혈중알코올농도(0.166%), 비교적 짧지 않은 운전거리(약 4km), 2021년 범행, 승용차 운전"
5743,gpt,zero_shot_closed_book,2,1,"재범(과거 음주운전 벌금 전력), 혈중알코올농도 0.108%(면허취소 수치), 운전거리 약 3km, 2020년 사건, 승용차 운전"
5746,gpt,zero_shot_closed_book,2,1,"재범(음주 전과 1회), 혈중알코올농도 0.119%, 운전거리 약 2km, 차종 승용차, 범행연도 2020년"
5747,gpt,zero_shot_closed_book,2,1,"음주 전과(2013 음주운전 벌금 전력 있는 재범), 혈중알코올농도 0.195%(고도 취기), 운전거리 매우 짧음(약 5m), 범행연도 2019, 차종 소형 승용차"
5748,gpt,zero_shot_closed_book,2,0,"음주 전과(1회, 10년 이상 경과), 혈중알코올농도(0.078%로 낮은 편), 운전거리(약 4km로 짧지 않으나 사고 없음), 차종(승용차), 범행연도(2021년, 윤창호법 시기이나 전력 경미)"
5750,gpt,zero_shot_closed_book,2,1,"음주 전과(재범), 혈중알코올농도 0.106%(면허취소 수치), 운전거리 약 500m(단거리), 차종 승용차, 범행연도 2021년"
5751,gpt,zero_shot_closed_book,2,1,"혈중알코올농도 0.186%(높음), 음주 전과 1회(재범), 운전거리 약 500m(단거리), 차종 승용차, 범행연도 2021년(윤창호법 적용기), 사고없음"
5752,gpt,zero_shot_closed_book,2,2,"음주 전과(동종 벌금 전력), 높은 혈중알코올농도(0.225%), 운전거리 약 600m, 범행연도 2021년, 차종 화물차(포터II)"
5754,gpt,zero_shot_closed_book,2,1,"재범(음주 전과 1회), 혈중알코올농도 0.124%, 운전거리 약 6km, 차종 승용차, 2019년 범행"
5755,gpt,zero_shot_closed_book,2,1,"음주 전과(2회), 혈중알코올농도 0.075%, 운전거리 약 500m, 차종 SUV, 범행연도 2021"
5756,gpt,zero_shot_closed_book,2,1,"음주 전과(동종 1회), 혈중알코올농도 0.073%, 운전거리 약 800m, 범행연도 2020년, 차종 코란도스포츠"
5757,gpt,zero_shot_closed_book,3,2,"음주 전과(재범), 혈중알코올농도 0.191%의 고도취, 운전거리 짧음(약 30m), 차종 승용차, 범행연도 2021"
5759,gpt,zero_shot_closed_book,2,1,"혈중알코올농도 0.211%(고도음주), 운전거리 약 4km, 2020년 범행연도(윤창호법 시행 후), 승용차(대형 SUV) 운전, 별도 사고·부상 언급 없음(초범 추정)"
5760,gpt,zero_shot_closed_book,2,1,"음주 전과 2회(동종), 혈중알코올농도 0.092%, 운전거리 약 20m로 매우 단거리, 2020년 범행, 승용차(벤츠) 운전"
5761,gpt,zero_shot_closed_book,2,1,"과거 음주운전 벌금 전력(2008), 혈중알코올농도 0.150%, 운전거리 약 3km, 차종 승용차, 범행연도 2020"
5762,gpt,zero_shot_closed_book,1,0,"혈중알코올농도 0.053%(면허정지 수치, 낮음), 운전거리 약 3km(단거리), 2021년 범행, 화물차종(상대적 위험성 있으나 단순 운전), 음주 전과 기재 없음"
5763,gpt,zero_shot_closed_book,2,1,"재범(음주 전과 1회), 혈중알코올농도 0.165%(높음), 운전거리 약 500m(짧음), 차량 승용차, 범행시기 2021년(윤창호법 적용기), 인적피해 없음"
5764,gpt,zero_shot_closed_book,2,1,"음주 전과 다수(3회째, 집행유예 전력), 혈중알코올농도 0.064%(상대적으로 낮음), 운전거리 약 1km(단거리), 차종 화물차, 범행연도 2019"
5765,gpt,zero_shot_closed_book,2,1,"음주 전과 2회(동종 전력), 혈중알코올농도 0.067%(면허정지 수치, 비교적 낮음), 운전거리 약 1.5km(단거리), 차종 승용차, 범행연도 2020년(윤창호법 시행기)"
5766,gpt,zero_shot_closed_book,2,1,"음주 전과(재범, 2012 벌금 전력), 혈중알코올농도 0.136%(상당히 높음), 운전거리 약 150m(매우 짧음), 범행연도 2021(윤창호법기한 내), 차종 승용차(특이사유 없음)"
5767,gpt,zero_shot_closed_book,3,2,"음주 전과 다수(3회), 혈중알코올농도 0.172%의 고도음주, 운전거리 약 2km, 범행연도 2021년(윤창호법 적용기), 차종 승용차"
5768,gpt,zero_shot_closed_book,2,1,"음주 전과(재범), 혈중알코올농도 0.128%, 운전거리 약 1.5km, 차종 승합차, 범행연도 2020"
5769,gpt,zero_shot_closed_book,2,2,"음주 전과(재범), 혈중알코올농도 0.196%(고도 취기), 운전거리 약 10km(상당), 범행연도 2021년, 차종 승용차"
5770,gpt,zero_shot_closed_book,2,2,"음주 전과(재범), 혈중알코올농도 0.214%(고도취), 운전거리 약 200m(단거리), 범행연도 2021(윤창호법 적용기), 차종 승용차"
5771,gpt,zero_shot_closed_book,2,1,"음주 전과 2회(삼진), 혈중알코올농도 0.120%, 운전거리 약 7km, 2020년 범행, 승용차 운전"
5772,gpt,zero_shot_closed_book,2,1,"다수 음주운전 전과(3회 벌금), 재범(특가법상 2회 이상 위반), 혈중알코올농도 0.085%, 운전거리 약 4km, 2020년 범행, 차종(대형 아님)"
5773,gpt,zero_shot_closed_book,1,1,"혈중알코올농도 0.164%(고도취), 운전거리 약 200m(매우 단거리), 2021년 범행, 차종 승용차(모닝), 전과 언급 없음"
5774,gpt,zero_shot_closed_book,0,0,"음주 전과 1회(재범이지만 약식 벌금 전력), 혈중알코올농도 0.077%(상대적으로 낮음, 측정치 존재), 운전거리 약 5.9km(중간), 차종 승용, 범행시기 2020년(윤창호법 이후 가중 가능성 있으나 수치·전력 경미)"
5775,gpt,zero_shot_closed_book,2,1,"음주 전과(2회, 오래전이지만 누범 해당), 혈중알코올농도 0.084%(면허취소 수치), 운전거리 약 1km(짧음), 차종 화물차(상대적 위험성), 범행연도 2021(윤창호법 이후 가중 분위기)"
5776,gpt,zero_shot_closed_book,3,2,"음주 전과 3회(누범성), 혈중알코올농도 0.223%(만취), 화물차 운전, 운전거리 짧음(약 100m), 범행연도 2019년"
5777,gpt,zero_shot_closed_book,2,1,"재범(1회 전력), 혈중알코올농도 0.163%(고도취), 운전거리 매우 짧음(약 50m), 범행연도 2021년, 차종 승용차"
5778,gpt,zero_shot_closed_book,1,0,"혈중알코올농도 0.124%, 운전거리 약 5km, 2021년 범행, 초범 추정(전과 언급 없음), 차종 승용차"
5779,gpt,zero_shot_closed_book,2,2,"음주 전과(2회, 측정거부 포함), 혈중알코올농도 0.131%, 운전거리 약 2km, 차종 화물차, 범행연도 2020"
5780,gpt,zero_shot_closed_book,1,0,"초범 추정, 혈중알코올농도 0.036%(측정치 낮음), 운전거리 약 200m로 단거리, 2021년 범행, 승용차 운전"
5781,gpt,zero_shot_closed_book,0,1,"혈중알코올농도 0.175%(고도 취기), 초범 추정(전과 기재 없음), 운전거리 약 370m(단거리), 2021년 범행, 승용차 운전"
5782,gpt,zero_shot_closed_book,2,1,"음주 전과(2회, 다소 경과), 혈중알코올농도 0.104%, 운전거리 약 1km, 차종 승용차, 범행연도 2021"
5784,gpt,zero_shot_closed_book,1,0,"혈중알코올농도 0.083%(면허정지 수치, 비교적 낮음), 운전거리 약 300m로 단거리, 2021년 범행(최근 법정형 강화 이후이나 초범 가정 시 실형 가능성 낮음), 고급 승용차이나 차종 자체는 큰 가중요소 아님"
5785,gpt,zero_shot_closed_book,2,1,"혈중알코올농도 0.192%(고도 취음), 주취운전 인정거리 약 5m(극히 단거리·이동주차), 2021년 범행연도(윤창호법 시행기), 차종 승용차, 음주운전 전과 기재 없음"
5786,gpt,zero_shot_closed_book,0,1,"음주 전과(재범, 과거 징역형 전력), 혈중알코올농도 0.144%(상당히 높음), 운전거리 약 200m(짧음), 차종 고급 승용차, 범행연도 2020년(윤창호법 적용기), 인적·물적 피해 없음"
5788,gpt,zero_shot_closed_book,2,1,"음주 전과 2회(재범·동종 전력), 혈중알코올농도 0.104%(면허취소 수치 초과), 운전거리 약 2km(단거리), 차종 승용차, 범행연도 2019년(윤창호법 적용 시기)"
5789,gpt,zero_shot_closed_book,0,1,"음주 전과(동종 1회), 혈중알코올농도 0.141%(상당히 높음), 운전거리 약 500m(짧음), 차량 승용차, 범행연도 2020(개정법 후 가중)"
5790,gpt,zero_shot_closed_book,2,3,"음주 전과(동종 2회 이상), 매우 높은 혈중알코올농도(0.235%), 집행유예 기간 중 범행, 운전거리 약 1km, 승용차, 2021년 범행"
5791,gpt,zero_shot_closed_book,2,1,"음주 전과(재범), 혈중알코올농도 0.140%, 운전거리 약 7km, 범행연도 2021년, 차종 승용차 QM5"
5792,gpt,zero_shot_closed_book,2,2,"높은 혈중알코올농도(0.244%), 운전거리(약 10km), 승합차(대형에 준하는 위험성), 음주 전과 존재(재범), 범행연도(2021년, 윤창호법 적용 시기)"
5796,gpt,zero_shot_closed_book,2,1,"음주 전과 2회(동종), 혈중알코올농도 0.127%, 운전거리 약 9km, 2021년 범행, 승용차(모하비)"
5797,gpt,zero_shot_closed_book,3,2,"혈중알코올농도 매우 높음(0.249%), 운전거리 김(약 15km), 차량종류 승용차, 범행연도 2021년(윤창호법 시행기), 음주 전과 기재 없음"
5799,gpt,zero_shot_closed_book,2,1,"재범(동종전과 1회 이상), 혈중알코올농도 0.153%(상당히 높음), 운전거리 약 6.8km(상당), 범행연도 2020년(윤창호법 적용 시기)"
5800,gpt,zero_shot_closed_book,0,0,"혈중알코올농도 0.051%(경계 수치, 위험도 낮음), 운전거리 약 500m(매우 짧음), 동종 전력 1회(2013년 벌금·장기간 경과), 2020년 범행시점(개정법상 2회 이상 가중이나 비해당 수치·사실관계)"
5801,gpt,zero_shot_closed_book,2,1,"음주 전과(2009 약식명령), 혈중알코올농도 0.096%, 운전거리 약 2.4km, 차종 승용차, 범행연도 2020"
5803,gpt,zero_shot_closed_book,2,1,"혈중알코올농도 0.131%(면허취소 수치, 중등도), 운전거리 약 20km(장거리), 2021년 범행시점(윤창호법 시행기), 승용차(아우디), 전과 기재 없음(가정)"
5805,gpt,zero_shot_closed_book,2,1,"혈중알코올농도 0.214%의 고도취, 음주운전 전과 다수(재범·동종 전력), 운전거리 짧음(약 300m), 2020년 범행, 승용차(K5) 운전"
5806,gpt,zero_shot_closed_book,2,1,"재범(과거 음주운전 벌금 전과), 혈중알코올농도 0.125%(상당히 높음), 운전거리 약 10km(장거리), 차종 대형고급 승용차, 범행연도 2020(윤창호법 시행 이후)"
5807,gpt,zero_shot_closed_book,2,2,"음주 전과(재범), BAC 0.242% 고도, 운전거리 약 2km, 범행연도 2021, 차종 화물(포터 II)"
5808,gpt,zero_shot_closed_book,2,1,"음주 전과(2회, 재범), 혈중알코올농도 0.114%, 운전거리 약 200m(단거리), 범행연도 2020년(윤창호법 적용기), 차종 승용차"
5809,gpt,zero_shot_closed_book,2,0,"재범(과거 1회 음주 전과), 낮은 혈중알코올농도(0.039%), 극히 짧은 운전거리(약 5m, 주차장 내), 오래된 전과(2010년), 차종(보통 승용차), 범행연도(2019년)"
5810,gpt,zero_shot_closed_book,2,1,"음주 전과(재범), 혈중알코올농도 0.099%, 운전거리 약 2km, 차종 승용차, 범행연도 2020"
5811,gpt,zero_shot_closed_book,2,1,"음주 전과(동종 전력 1회로 재범), 혈중알코올농도 0.150%, 운전거리 약 50m로 매우 짧음, 차종 승용차, 범행연도 2019년"
5812,gpt,zero_shot_closed_book,2,1,"음주 전과 2회(동종), 혈중알코올농도 0.097%, 운전거리 약 1.5km, 2021년 범행, 대형 세단(G90) 운전"
5813,gpt,zero_shot_closed_book,2,1,"재범(음주 전과 1회, 2017 약식명령), 혈중알코올농도 0.097%(면허정지 수치 상단), 운전거리 약 500m로 단거리, 2021년 범행, 승용차(렉서스) 운전"
5814,gpt,zero_shot_closed_book,2,2,"음주 전과 2회(재범, 집행유예 전력), 혈중알코올농도 0.159% (고도취), 운전거리 약 50m(단거리), 범행연도 2020년, 차종 승용차"
5815,gpt,zero_shot_closed_book,2,0,"낮은 혈중알코올농도(0.035%), 매우 짧은 운전거리(약 5m), 재범이나 전력 있음(과거 2013년 1회 벌금형), 최근 범행연도(2019), 일반 승용차 운전"
5816,gpt,zero_shot_closed_book,2,1,"음주 전과(동종 벌금 전력 1회), 혈중알코올농도 0.153%(상당히 높음), 운전거리 약 4km, 차량종류 승용차, 범행연도 2021"
5817,gpt,zero_shot_closed_book,2,2,"음주 전과 2회(재범·상습성), 혈중알코올농도 0.211%(고도취), 운전거리 짧음(약 50m), 2020년 범행, 승용차(쏘렌토)"
5818,gpt,zero_shot_closed_book,2,1,"음주 전과(동종 1회), 혈중알코올농도 0.229%(매우 높음), 운전거리 약 500m(짧음), 범행연도 2019년(윤창호법 적용 전후 과도기), 차종 승용차"
5819,gpt,zero_shot_closed_book,0,0,"음주 전과(동종 1회, 집행유예 전력), 혈중알코올농도 0.034%(최저 수준, 측정방식 개정 후면 기소유예·약식 가능 범위), 운전거리 150m(매우 단거리), 차종 승용차, 범행연도 2020년(개정법 이후이나 수치 매우 낮음)"
5820,gpt,zero_shot_closed_book,1,0,"혈중알코올농도 0.155%, 운전거리 약 2km, 차종 승용차, 범행연도 2021"
5821,gpt,zero_shot_closed_book,2,1,"혈중알코올농도 매우 높음(0.235%), 운전거리 매우 짧음(약 100m), 2019년 범행, 차종 화물차, 음주 전과 불명(기재 없음)"
5822,gpt,zero_shot_closed_book,2,2,"재범(음주운전 전과 1회 이상), 높은 혈중알코올농도(0.141%), 매우 긴 운전거리(약 99km), 범행연도(2020년, 개정법 시행 후), 승용차 운전"
5823,gpt,zero_shot_closed_book,2,2,"음주 전과 3회, 혈중알코올농도 0.149%, 운전거리 약 1km, 범행연도 2019, 차종 승용차"
5824,gpt,zero_shot_closed_book,2,1,"음주 전과(재범), 혈중알코올농도 0.087%(면허취소수준이지만 중간 정도), 운전거리 약 50m로 매우 짧음, 2019년 범행, 차량종류 승용차(벤츠 S500)"
5825,gpt,zero_shot_closed_book,3,1,"음주 전과(2012년 1회), 혈중알코올농도 0.135%(고도취), 운전거리 약 500m(단거리), 차종(카니발 승용차), 범행연도 2021년"
5826,gpt,zero_shot_closed_book,2,1,"재범(음주 전과 1회), 높은 혈중알코올농도(0.173%), 운전거리 매우 짧음(약 20m), 차종 승용차, 범행연도 2021"
5827,gpt,zero_shot_closed_book,2,1,"재범(2회 이상 위반), 혈중알코올농도 0.117%, 운전거리 약 10m의 극히 단거리, 2021년 범행, 승용차"
5828,gpt,zero_shot_closed_book,3,1,"음주 전과 2회(동종), 혈중알코올농도 0.179%, 운전거리 약 800m, 차종 승용차, 범행연도 2021"
5829,gpt,zero_shot_closed_book,0,1,"음주 전과(재범), 혈중알코올농도 0.116%(상당히 높음), 운전거리 약 2km(짧음), 범행연도 2020(윤창호법 시행기), 차종 승용차(K3)"
5830,gpt,zero_shot_closed_book,2,1,"음주 전과 2회(동종), 혈중알코올농도 0.062%(면허정지 수치), 운전거리 약 2km, 2020년 범행, 승용차"
5831,gpt,zero_shot_closed_book,2,1,"음주 전과 2회(재범·상습성), 혈중알코올농도 0.127%(상당히 높음), 운전거리 약 1.7km, 2021년도 범행, 경차(마티즈) 운전"
5832,gpt,zero_shot_closed_book,3,1,"음주 전과(재범), 혈중알코올농도 0.140%, 운전거리 약 100m, 차종 화물차, 범행연도 2020"
5833,gpt,zero_shot_closed_book,2,1,"재음주(동종전력 1회), 혈중알코올농도 0.069%(측정거부·고도취 아님), 운전거리 약 500m(단거리), 차종 승용차, 2021년 범행(윤창호법 적용기)"
5834,gpt,zero_shot_closed_book,2,1,"음주 전과 2회(동종), 혈중알코올농도 0.169%, 짧은 운전거리(약 5m), 2021년 범행, 승용차 운전"
5835,gpt,zero_shot_closed_book,2,1,"과거 음주운전 관련 전력(측정거부 1회), 혈중알코올농도 0.145%의 고도취, 운전거리 단거리(약 190m), 차종 승용차, 범행연도 2021년"
5836,gpt,zero_shot_closed_book,1,1,"혈중알코올농도 0.167%(상당히 높음), 운전거리 약 150m(매우 단거리), 2021년 범행(윤창호법 시행기), 차종 승용차(보통), 전과 불명(가중 사유 불명)"
5837,gpt,zero_shot_closed_book,2,1,"음주 전과(재범), 혈중알코올농도 0.057%(상대적으로 낮음), 운전거리 약 1.6km(단거리), 범행연도 2020년(윤창호법 이후), 차종 승용차"
5838,gpt,zero_shot_closed_book,3,1,"다수 음주운전 전과(집유 2회+실형 1회), 혈중알코올농도 0.145%, 운전거리 약 1.5km, 원동기장치자전거, 범행연도 2020"
5839,gpt,zero_shot_closed_book,2,1,"음주 전과(재범), 혈중알코올농도 0.156%(높음), 운전거리 약 18km(장거리), 범행연도 2021(윤창호법 적용기), 차종 승용차"
5840,gpt,zero_shot_closed_book,2,2,"음주 전과 2회(재범·동종), 혈중알코올농도 0.164% 고도취, 운전거리 약 1km, 2020년 범행, 승용차(BMW 520i)"
5841,gpt,zero_shot_closed_book,2,2,"혈중알코올농도 매우 높음(0.263%), 차량종류(승용차), 운전거리 짧음(약 50m), 범행연도(2021, 윤창호법 적용기), 음주 전과 기재 없음"
5843,gpt,zero_shot_closed_book,2,1,"음주운전 전과(2013 벌금), 재범 동일기간 내 2회 적발, 혈중알코올농도(0.117% 및 0.053%), 운전거리(약 2m 및 약 3km), 차종(화물차), 범행연도(윤창호법 시행기)"
5844,gpt,zero_shot_closed_book,3,1,"재범(음주전과 1회), 혈중알코올농도 0.116%(상당히 높음), 운전거리 약 1km(단거리), 2021년 범행시점, 승용차 운전"
5845,gpt,zero_shot_closed_book,2,1,"음주 전과 1회(재범), 혈중알코올농도 0.089%(면허정지 수준), 매우 짧은 운전거리(약 10m), 2020년 범행, 승용차 운전"
5846,gpt,zero_shot_closed_book,2,1,"음주 전과(2006, 1회), 혈중알코올농도 0.167%(고도), 운전거리 약 3km(단거리), 범행연도 2020, 차종 승용차(아우디 A6)"
5847,gpt,zero_shot_closed_book,3,1,"다수의 음주운전 전과(반복 위반), 혈중알코올농도 0.075%(면허정지 수치), 운전거리 약 500m(단거리), 2020년 범행시기, 승용차(쏘나타) 운전"
5848,gpt,zero_shot_closed_book,3,2,"다수 음주 전과 및 집행유예 전력, 재범(상습성), 혈중알코올농도 0.106%(면허취소 수치), 고가 스포츠카 운전, 운전거리 약 2km, 범행연도 2020"
5849,gpt,zero_shot_closed_book,2,0,"과거 음주운전 벌금 전력(2008, 2009·고전력·최근성 낮음), 혈중알코올농도 0.078%(상대적으로 낮음), 운전거리 약 7km(중등), 범행연도 2020년(윤창호법 시행기), 차종 승용차(K5)"
5850,gpt,zero_shot_closed_book,0,1,"음주 전과 2회(재범), 혈중알코올농도 0.095%(측정불응 아님), 운전거리 약 25km(장거리), 범행연도 2020년, 차종 승용차"
5851,gpt,zero_shot_closed_book,2,2,"다회 음주운전 전력(벌금 2회+집행유예 1회), 누범적 재범(집행유예 후 재범), 혈중알코올농도 0.086%(면허정지 수치), 운전거리 약 700m, 2021년 범행, 승용차 운전"
5852,gpt,zero_shot_closed_book,2,2,"음주 전과(재범), 혈중알코올농도 0.172%(고도취), 운전거리 약 7km(장거리), 오토바이(이륜차), 범행연도 2020"
5853,gpt,zero_shot_closed_book,2,1,"다회 음주운전 전력(벌금 2회+집행유예 전력), 혈중알코올농도 0.110%, 운전거리 약 5km, 2020년 범행, 일반 승용차 운전"
5854,gpt,zero_shot_closed_book,2,1,"음주 전과 2회(상습), 혈중알코올농도 0.188%(고도), 운전거리 매우 단거리(20m), 2020년 범행, 승용차(그랜저) 운전"
5855,gpt,zero_shot_closed_book,2,1,"음주 전과(동종 1회), 혈중알코올농도 0.144%, 운전거리 약 12km, 차종 승용차, 범행연도 2019"
5856,gpt,zero_shot_closed_book,2,1,"음주 전과(재범), 혈중알코올농도 0.150%, 운전거리 약 300m, 범행연도 2021년(윤창호법 적용기), 차종 벤츠GLE350"
5857,gpt,zero_shot_closed_book,2,1,"음주 전과 2회(동종), 혈중알코올농도 0.105%, 운전거리 약 200m, 2020년 범행, 승용차(모하비)"
5858,gpt,zero_shot_closed_book,2,1,"음주 전과 2회(동종), 혈중알코올농도 0.161%, 운전거리 약 500m, 차종 승용차, 범행연도 2020년"
5859,gpt,zero_shot_closed_book,1,1,"혈중알코올농도 0.175%(고도), 운전거리 약 2km(단거리), 차종 승용차, 2022년 범행연도(윤창호법 적용기), 음주 전과 기재 없음"
5861,gpt,zero_shot_closed_book,2,2,"음주 전과 2회(집행유예 전력 포함), 혈중알코올농도 0.114%, 화물차량 운전, 운전거리 약 1km, 범행연도 2020"
5864,gpt,zero_shot_closed_book,2,1,"음주 전과(1회), 혈중알코올농도 0.152%, 운전거리 약 8km, 차종 승용차, 범행연도 2021"
5865,gpt,zero_shot_closed_book,2,1,"음주 전과(동종 전력 1회), 혈중알코올농도 0.134%, 운전거리 약 20km, 차종 승용차, 범행연도 2020"
5866,gpt,zero_shot_closed_book,1,1,"혈중알코올농도 0.120%, 초범 추정(전과 언급 없음), 운전거리 약 800m, 2021년 범행, 승용차(모하비) 운전"
5867,gpt,zero_shot_closed_book,0,0,"혈중알코올농도 0.111%(면허정지 수준), 초범 추정(전과 불언급), 단순 음주운전·무사고·무단속, 운전거리 약 6km, 2021년 범행, 승용차(카니발)"
5868,gpt,zero_shot_closed_book,2,1,"재범(음주 전과 1회), 혈중알코올농도 0.197%(고도취), 운전거리 약 4km, 차량 승용차, 범행연도 2020"
5869,gpt,zero_shot_closed_book,2,1,"음주 전과(1회), 혈중알코올농도 0.143%, 운전거리 약 1km, 차종 승용차, 범행연도 2021"
5870,gpt,zero_shot_closed_book,2,1,"음주 전과(동종 1회), 혈중알코올농도 0.100%, 운전거리 약 3km, 차종 승용차, 범행연도 2021"
5871,gpt,zero_shot_closed_book,2,1,"혈중알코올농도 매우 높음(0.222%), 운전거리 단거리(약 200m), 차종 승용차, 2020년 범행, 음주운전 전과 언급 없음"
5872,gpt,zero_shot_closed_book,3,2,"음주 전과 2회(재범·삼범), 혈중알코올농도 0.160%(고도), 운전거리 약 10km(상당), 차종 승용차, 범행연도 2020(윤창호법 시행 이후 가중 분위기)"
5874,gpt,zero_shot_closed_book,2,1,"음주 전과 2회(재범·상습성), 혈중알코올농도 0.107%(면허취소수준), 운전거리 약 300m(단거리), 범행연도 2020년(윤창호법 적용 시기), 차종 승용차"
5875,gpt,zero_shot_closed_book,2,2,"혈중알코올농도 0.205%(고도취), 운전거리 약 7km(상당), 범행연도 2020(윤창호법 적용기), 차종 승용차, 음주 전과 불명(가중·감경요소 없음으로 가정)"
5876,gpt,zero_shot_closed_book,0,1,"혈중알코올농도 0.191%(고도), 운전거리 약 4km, 초범 추정(음주 전과 기재 없음), 2013년 범행, 승용차(아반떼) 운전"
5877,gpt,zero_shot_closed_book,2,1,"음주 전과(동종 전력 1회), 혈중알코올농도 0.131%(상대적으로 높은 수치), 운전거리 약 1.5km(단거리), 차종 승용차, 범행연도 2020년(윤창호법 시행 후, 재범)"
5878,gpt,zero_shot_closed_book,2,1,"음주 전과(2013년 1회), 혈중알코올농도 0.177%(고도취), 운전거리 매우 짧음(약 50m), 차종 승용차, 범행연도 2021년(윤창호법 기산 전후 고려)"
5879,gpt,zero_shot_closed_book,2,1,"음주 전과(동종 전력 1회, 경과 오래됨), 혈중알코올농도 0.112%(면허취소 수치, 중등도), 운전거리 매우 짧음(약 1m), 차종 승용차, 범행연도 2021년"
5881,gpt,zero_shot_closed_book,2,0,"재범(2회째), 혈중알코올농도 0.036%(낮음, 측정거부·사고 없음), 운전거리 약 500m(단거리), 2020년 범행, 승용차 K7"
5882,gpt,zero_shot_closed_book,0,1,"음주 전과(재범), 혈중알코올농도 0.120%, 운전거리 약 2km, 차종 승용차, 범행연도 2020"
5883,gpt,zero_shot_closed_book,0,1,"과거 음주운전 2회 전력(재범), 혈중알코올농도 0.144%(상당히 높음), 운전거리 약 200m(단거리), 2021년 범행시점(최근 법정형 상향 이후), 승용차 K5 운전"
5884,gpt,zero_shot_closed_book,1,0,"혈중알코올농도 0.094%(면허취소 수준이지만 0.1% 미만), 운전거리 약 3km로 단거리, 2020년 범행시점(윤창호법 적용기), 전과 기재 없음, 사고·개호 피해 없음, 승용차 운전"
5885,gpt,zero_shot_closed_book,2,1,"재범(음주운전 전과 1회), 혈중알코올농도 0.078%(면허정지 수치, 비교적 낮음), 운전거리 약 300m로 단거리, 승용차, 범행연도 2021년(윤창호법 적용기), 인적·물적 피해 기재 없음"
5886,gpt,zero_shot_closed_book,2,1,"음주 전과 2회(누범), 혈중알코올농도 0.075%(상대적으로 낮음), 운전거리 약 200m(매우 짧음), 차종 승용차, 범행연도 2020(윤창호법 적용 시기)"
5887,gpt,zero_shot_closed_book,0,1,"혈중알코올농도 0.133%, 운전거리 약 500m, 차종 승용차, 2021년 범행, 음주 전과 기재 없음"
5888,gpt,zero_shot_closed_book,3,1,"음주 전과(동종 1회), 혈중알코올농도 0.125%, 운전거리 약 23km, 차종 승용차, 범행연도 2020"
5889,gpt,zero_shot_closed_book,3,1,"음주 전과(재범), 혈중알코올농도 0.171%, 운전거리 약 10km, 차종 승용차, 범행연도 2020"
5890,gpt,zero_shot_closed_book,2,0,"혈중알코올농도 0.120%, 운전거리 약 1m(매우 단거리·사고·인명피해 없음), 차종 승용차, 범행연도 2021년(윤창호법 이후)"
5891,gpt,zero_shot_closed_book,2,1,"혈중알코올농도 0.155%(고도취), 운전거리 약 1km(단거리), 2021년 범행(윤창호법 시행기), 차종 승용차, 음주 전과 불명(초범 가정)"
5892,gpt,zero_shot_closed_book,2,1,"음주 전과(1회), 혈중알코올농도 0.089%(면허정지수준), 운전거리 약 100m(매우 짧음), 범행연도 2020년(윤창호법 이후), 차종 승용차"
5893,gpt,zero_shot_closed_book,2,0,"음주 전과 2회(2011, 2013), 혈중알코올농도 0.047%(면허정지 수치, 비교적 낮음), 운전거리 약 5km, 2021년 범행, 승용차 운전"
5894,gpt,zero_shot_closed_book,3,1,"음주 전과(동종 전력 1회), 혈중알코올농도 0.142%, 운전거리 약 9km, 범행연도 2020년, 차종 승용차"
5895,gpt,zero_shot_closed_book,2,1,"음주 전과 2회(재범), 혈중알코올농도 0.131%(고도취), 운전거리 약 2km(단거리), 차종 화물차, 범행연도 2021년(개정법 적용 시기)"
5896,gpt,zero_shot_closed_book,2,2,"음주 전과 다수(측정거부 2회, 집행유예 전력), 혈중알코올농도 0.130%, 운전거리 200m(단거리), 범행연도 2021년, 승용차 운전"
5897,gpt,zero_shot_closed_book,2,2,"상습 음주운전 전과 다수(벌금 2회+집행유예 전력), 집행유예 이후 재범, 혈중알코올농도 0.098%, 운전거리 약 10km, 2020년 범행, 승용차 운전"
5898,gpt,zero_shot_closed_book,2,1,"음주 전과(재범), 혈중알코올농도 0.117%, 운전거리 약 5km, 차종 승합차, 범행연도 2020"
5899,gpt,zero_shot_closed_book,3,1,"음주 전과 2회(재범·상습성), 혈중알코올농도 0.113%, 운전거리 약 1km, 차종 승용차, 범행연도 2020"
5900,gpt,zero_shot_closed_book,2,0,"혈중알코올농도 0.144%(윤창호법 시행 후 면허취소 수준), 운전거리 약 2km로 비교적 단거리, 사고·인명피해·도주 없음, 음주 전과 기재 없음, 2021년 범행, 승용차(아반떼) 운전"
5901,gpt,zero_shot_closed_book,2,1,"음주 전과(2회), 혈중알코올농도 0.070%, 운전거리 약 500m, 범행연도 2019년, 차종 승용차"
5902,gpt,zero_shot_closed_book,2,1,"음주 전과(동종 1회), 혈중알코올농도 0.172%(높음), 운전거리 200m(매우 단거리), 차종 승용차, 범행연도 2020"
5903,gpt,zero_shot_closed_book,2,0,"재범(과거 벌금 전력 2회, 모두 오래된 2008년), 혈중알코올농도 0.049%(측정치 낮음, 당시 기준 하한선 근접), 운전거리 약 800m로 단거리, 2019년 범행, 승용차(베라크루즈)"
5904,gpt,zero_shot_closed_book,3,1,"음주 전과(동종 전력 1회, 재범), 혈중알코올농도 0.152%, 운전거리 약 5km, 범행연도 2021년, 차종 승용차"
5906,gpt,zero_shot_closed_book,2,1,"혈중알코올농도 0.126%(면허정지 상한 초과·취소수준 낮은 편), 운전거리 약 100m로 매우 짧음, 2021년 범행(윤창호법 시행기), 차종 승용차, 음주 전과 기재 없음"
5907,gpt,zero_shot_closed_book,2,1,"음주 전과(2018 벌금 전력), 혈중알코올농도 0.116%(면허취소 수치, 중간~상당), 운전거리 약 20m(극히 단거리), 범행연도 2021년, 차종 승용차"
5908,gpt,zero_shot_closed_book,0,1,"음주 전과(2016 벌금 약식명령), 혈중알코올농도 0.128%(상당히 높음), 운전거리 약 4km(상당), 재범 시점 2020년, 차종 승용차(아우디)"
5909,gpt,zero_shot_closed_book,2,1,"다수 음주 전과(벌금 3회+집행유예 전력), 재범(누범 아님), 혈중알코올농도 0.067%, 운전거리 약 5km, 2020년 범행, 승용차 운전"
5910,gpt,zero_shot_closed_book,3,1,"혈중알코올농도(0.225% 매우 높음), 운전거리(약 2.2km), 차종(승용차), 범행연도(2021년, 윤창호법 적용기), 음주 전과 기재 없음"
5911,gpt,zero_shot_closed_book,2,0,"음주 전과(2회), 측정치 0.031%(저농도), 운전거리 약 1km, 차종 승용차, 범행연도 2019년(당시 처벌기준)"
5912,gpt,zero_shot_closed_book,2,1,"재범(과거 1회 음주 벌금), 혈중알코올농도 0.199% 고도, 운전거리 약 1km 단거리, 화물차, 2020년 범행 (윤창호법 적용기), 인적·물적 피해 없음"
5913,gpt,zero_shot_closed_book,2,2,"음주 전과 2회(재범·누범적 경향), 집행유예 전력 후 재범, 혈중알코올농도 0.126%(상당히 높음), 운전거리 약 100m(단거리이나 위험성 존재), 차종 승용차, 범행시기 2020년(개정법 이후)"
5914,gpt,zero_shot_closed_book,0,0,"음주 전과(동종 1회), 혈중알코올농도 0.056%(상대적으로 낮음), 운전거리 약 150m(매우 짧음), 차종 승용차, 범행연도 2020년(윤창호법 이후)"
5915,gpt,zero_shot_closed_book,2,1,"음주 전과 2회(재범·삼범), 혈중알코올농도 0.105%, 운전거리 약 200m, 차종 승용차, 범행연도 2021년"
5916,gpt,zero_shot_closed_book,2,1,"누범 아님(동종 전력 2회 있지만 장기간 경과), 혈중알코올농도 0.144%(고도 취소수준), 운전거리 약 8km, 사고 없음, 2020년 범행, 승용차"
5917,gpt,zero_shot_closed_book,1,1,"혈중알코올농도 0.186%(고도), 운전거리 약 8km(상당), 2019년 범행시기(개정 전 구간), 차종 승용차, 음주 전과 언급 없음"
5918,gpt,zero_shot_closed_book,2,0,"혈중알코올농도 0.092%(면허정지 수치), 운전거리 약 200m(매우 짧음), 2021년 범행연도, 화물차(갤로퍼), 음주 전과 기재 없음"
5919,gpt,zero_shot_closed_book,2,1,"음주 전과 2회(반복범), 혈중알코올농도 0.102%(면허취소 수치), 운전거리 약 1km, 2020년 범행, 승용차(K7) 운전"
5920,gpt,zero_shot_closed_book,2,1,"혈중알코올농도 0.146%(높음), 운전거리 약 300m(매우 짧음), 2021년 범행시기(윤창호법 적용기), 차종 승용차(K5), 음주 전과 불명(가중 사유 부재)"
5921,gpt,zero_shot_closed_book,2,1,"음주 전과 1회(동종), 혈중알코올농도 0.145%, 운전거리 약 3km, 2021년 범행, 승용차 운전"
5923,gpt,zero_shot_closed_book,2,1,"음주 전과 2회(재범 이상), 혈중알코올농도 0.126%, 운전거리 약 700m, 2021년 범행, 승용차"
5924,gpt,zero_shot_closed_book,2,1,"음주 전과 2회(동종), 혈중알코올농도 0.120%, 운전거리 약 2km, 범행연도 2020년(윤창호법 적용기), 차종 승용차"
5925,gpt,zero_shot_closed_book,2,1,"재범(과거 음주운전 약식 벌금), 혈중알코올농도 0.069%(측정거부·고도아님), 운전거리 약 2.8km(짧은 편), 범행연도 2020년(윤창호법 이후 가중), 차종 승용차(특이사정 없음)"
5926,gpt,zero_shot_closed_book,2,1,"음주 전과(재범, 2018 약식명령), 혈중알코올농도 0.111%(면허정지 수치 상회), 운전거리 약 4.7km, 차종 승용차, 범행연도 2021"
5928,gpt,zero_shot_closed_book,2,1,"음주 전과 2회(동종), 혈중알코올농도 0.104%, 운전거리 약 500m, 2021년 범행, 승용차(BMW)"
5929,gpt,zero_shot_closed_book,2,1,"음주 전과(재범), 혈중알코올농도 0.103%, 운전거리 약 800m, 차종 승용차, 범행연도 2020"
5930,gpt,zero_shot_closed_book,2,1,"음주 전과 2회(동종), 혈중알코올농도 0.096%, 운전거리 약 100m로 매우 짧음, 2019년 사건, 승용차 운전"
5931,gpt,zero_shot_closed_book,2,1,"음주 전과(2회), 혈중알코올농도 0.129%, 운전거리 약 6km, 차종 승용차, 범행연도 2019"
5932,gpt,zero_shot_closed_book,0,0,"혈중알코올농도 0.095%(면허정지 수치, 비교적 낮음), 운전거리 2~3m로 극히 단거리, 2021년 사건(윤창호법 시기이나 거리·농도 경미), 차종 승용차, 음주 전과 기재 없음"
5933,gpt,zero_shot_closed_book,2,1,"누범적 음주 전과 다수(음주운전 2회+측정거부 1회), 재범으로서 취소수준 이상 위반(2회 이상 위반 규정), 혈중알코올농도 0.066%(상대적으로 낮음), 운전거리 약 500m로 단거리, 2019년 범행, 승용차(K5) 운전"
5934,gpt,zero_shot_closed_book,0,1,"혈중알코올농도 0.108%(면허취소 수치, 0.1%대 초반), 운전거리 약 10km(비교적 장거리), 음주 전과 기재 없음, 2021년 범행연도, 승용차 운전"
5935,gpt,zero_shot_closed_book,2,1,"음주 전과 2회(재범·셋째 적발), 혈중알코올농도 0.103%, 매우 짧은 운전거리(약 1m 전후진), 2020년 범행, 승용차(그랜저)"
5936,gpt,zero_shot_closed_book,0,1,"혈중알코올농도 0.187%(고도), 운전거리 약 50m(매우 단거리), 2020년 범행(윤창호법 시행 이후), 차종 승용차(특이사유 없음), 음주 전과 기재 없음"
5937,gpt,zero_shot_closed_book,3,2,"음주 전과 2회(측정거부 포함), 혈중알코올농도 0.212%의 고도취, 운전거리 약 3km, 2021년 범행, 승용차 운전"
5938,gpt,zero_shot_closed_book,2,1,"재범(음주운전 2회), 혈중알코올농도 0.165%(상당히 높음), 운전거리 약 1km(단거리), 차종 승용차, 범행연도 2020년(윤창호법 적용 시기)"
5939,gpt,zero_shot_closed_book,3,3,"음주 전과(2008년 전력으로 재범), 혈중알코올농도 0.270%의 고도취중, 운전거리 약 2km, 차종 승용차, 범행연도 2020년(윤창호법 시기)"
5940,gpt,zero_shot_closed_book,2,1,"음주 전과(재범), 혈중알코올농도 0.095%(면허정지수준), 운전거리 약 100m(매우 짧음), 차종 승용차, 범행연도 2020"
5941,gpt,zero_shot_closed_book,2,2,"과거 음주측정거부 전력(상습성), 매우 높은 혈중알코올농도(0.296%), 고급 승용차 운전, 운전거리 약 1km, 2020년 범행"
5943,gpt,zero_shot_closed_book,3,1,"음주 전과 2회(오래된 전력), 혈중알코올농도 0.103%, 짧은 운전거리 약 850m, 2021년 범행, 승용차(마티즈) 운전"
5944,gpt,zero_shot_closed_book,2,1,"재범(3회차), 혈중알코올농도 0.131%, 운전거리 약 5km, 동종전과 벌금형(2009·2015), 범행연도 2021, 승용차(그랜저)"
5945,gpt,zero_shot_closed_book,2,1,"혈중알코올농도 0.212%(고도취), 운전거리 약 15km(상당), 2020년 범행, 차종 소형 승용차, 음주 전과 불명(기재 없음)"
5946,gpt,zero_shot_closed_book,2,1,"음주 전과(3회 전력으로 재범), 혈중알코올농도 0.067%(면허정지 수치, 비교적 낮음), 운전거리 약 30m(매우 짧음), 차종 승용차, 범행연도 2020년(윤창호법 시행기), 인적·물적 피해 없음"
5947,gpt,zero_shot_closed_book,2,1,"혈중알코올농도 0.181%(고도), 운전거리 약 300m(매우 짧음), 2021년 범행연도(윤창호법기 적용기), 차종 승용차, 음주 전과 기재 없음"
5948,gpt,zero_shot_closed_book,2,1,"혈중알코올농도 0.162%, 운전거리 약 3.5km, 2021년 범행, 차종(승용차), 음주 전과 불명"
5949,gpt,zero_shot_closed_book,3,2,"다수 음주운전 전과(동종 3회, 실형 포함), 혈중알코올농도 0.241%의 고도취, 운전거리 약 2km, 2021년 범행, 승용차 이용"
5950,gpt,zero_shot_closed_book,2,2,"음주 전과 다수 및 집행유예 전력, 재범(2회 이상 위반), 혈중알코올농도 0.131%, 운전거리 약 2.5km, 2019년 범행, 승용차 이용"
5951,gpt,zero_shot_closed_book,2,1,"음주 전과 2회(동종), 혈중알코올농도 0.098%, 운전거리 약 1km, 2019년 범행, 승용차"
5952,gpt,zero_shot_closed_book,0,1,"음주 전과(동종 1회, 2010년, 상당히 경과), 혈중알코올농도 0.095%(면허정지 수준 상위), 운전거리 약 1km(단거리), 차종 승용차, 범행연도 2021년(개정법 이후)"
5953,gpt,zero_shot_closed_book,2,1,"음주 전과 2회(상당히 경과된 시기), 혈중알코올농도 0.069%(비교적 낮음), 운전거리 약 100m(매우 짧음), 차종 승합차, 범행연도 2019년(윤창호법 시행기)"
5954,gpt,zero_shot_closed_book,2,1,"재범(음주운전 전과 1회), 혈중알코올농도 0.130%, 운전거리 약 10km, 2021년 범행, 승용차 K5 운전"
5955,gpt,zero_shot_closed_book,2,2,"재범(음주 전과 1회), 높은 혈중알코올농도(0.252%), 비교적 긴 운전거리(약 4km), 2021년 범행, 승용차 운전"
5956,gpt,zero_shot_closed_book,2,1,"음주 전과 2회(동종), 혈중알코올농도 0.167%, 운전거리 약 1km, 차종 화물차, 범행연도 2020"
5957,gpt,zero_shot_closed_book,1,2,"음주운전 전과 2회(동종재범), 혈중알코올농도 0.104%(면허취소수준), 운전거리 약 20km(장거리), 범행연도 2019년, 승용차(K7) 운전"
5958,gpt,zero_shot_closed_book,2,1,"음주 전과(2011 벌금 약식명령), 혈중알코올농도 0.080%, 운전거리 약 1km, 차종 화물차(포터), 범행연도 2019"
5959,gpt,zero_shot_closed_book,2,1,"음주 전과 2회(재범·상습성), 혈중알코올농도 0.068% 및 0.115%(두 차례), 운전거리 각 3km·1.5km(단거리), 2019년 범행, 승용차(쏘렌토) 운전"
5960,gpt,zero_shot_closed_book,2,1,"혈중알코올농도 0.109%, 운전거리 약 1km, 2019년 범행, 차종 승합차, 음주 전과 불명(기재 없음)"
5961,gpt,zero_shot_closed_book,2,1,"혈중알코올농도 0.155%(상당히 높음), 운전거리 약 500m로 단거리, 2021년 범행시기(윤창호법 시행기), 승용차(싼타페), 음주 전과 불명(가중요소 부재)"
5962,gpt,zero_shot_closed_book,2,1,"음주 전과 2회(동종), 혈중알코올농도 0.098%, 운전거리 약 1km, 2021년 범행, 승용차 운전"
5963,gpt,zero_shot_closed_book,2,0,"혈중알코올농도 0.145%(면허취소 수치), 운전거리 1.5km로 비교적 단거리, 2021년 범행연도(윤창호법 적용기), 차종 승용차, 음주 전과 불명(기재 없음)"
5964,gpt,zero_shot_closed_book,1,0,"혈중알코올농도 0.103%(면허정지 수준, 비교적 낮음), 운전거리 약 5km(장거리 아님), 화물차(가중요소 가능), 2021년 범행(윤창호법 시기이나 사고·무면허·도주·전과 언급 없음), 음주 전과 불명(없다고 가정)"
5965,gpt,zero_shot_closed_book,2,2,"음주 전과 2회(동종), 혈중알코올농도 0.241% 매우 높음, 재범 시점(장기간 경과 후 재범), 운전거리 약 300m로 단거리, 차종 승용차"
5966,gpt,zero_shot_closed_book,2,1,"재범(음주운전 전과 1회), 혈중알코올농도 0.098%, 운전거리 약 300m, 2019년 범행, 승용차 운전"
5967,gpt,zero_shot_closed_book,0,1,"혈중알코올농도 0.126%(면허취소수준), 운전거리 약 300m(단거리), 2021년 범행연도, 차종 승용차(사고·인명피해 언급 없음), 음주 전과 불명(초범 가정 가능)"
5968,gpt,zero_shot_closed_book,3,2,"다회 음주운전 전과(징역 실형 전력), 높은 혈중알코올농도(0.210%), 재범 시기(출소 후 약 1년 반 경과), 운전거리 짧음(약 60m), 차종 승용차"
5969,gpt,zero_shot_closed_book,2,2,"음주 전과(2007년 1회), 혈중알코올농도 0.142%, 운전거리 약 12km, 차종(승용차), 2020년 범행년도"
5970,gpt,zero_shot_closed_book,3,2,"매우 높은 혈중알코올농도(0.209%), 다수의 음주운전 전과 및 집행유예 전력, 재범 시점(2021년), 짧은 운전거리(약 100m), 승용차 운전"
5971,gpt,zero_shot_closed_book,2,2,"음주 전과 다수(동종 3회, 그중 2회 집행유예), 재범(2회 이상 위반 명시), 혈중알코올농도 0.092%, 짧은 운전거리(약 50m), 2021년 범행, 승용차 운전"
5972,gpt,zero_shot_closed_book,2,1,"음주 전과(재범), 혈중알코올농도 0.089%, 운전거리 약 4km, 범행연도 2019년, 차종 승용차"
5973,gpt,zero_shot_closed_book,2,1,"음주 전과(동종 전력 1회로 재범), 혈중알코올농도(0.093%), 운전거리(약 1km), 범행연도(2021년, 윤창호법 적용기), 차종(승용차)"
5975,gpt,zero_shot_closed_book,2,1,"혈중알코올농도 0.150%, 운전거리 약 5km, 차종 화물차, 2021년 범행, 음주 전과 기재 없음"
5976,gpt,zero_shot_closed_book,2,1,"음주 전과(2010년 1회), 혈중알코올농도 0.099%(측정불응 아님·면허정지수준 상단), 운전거리 약 2.7km, 2021년 범행연도, 승용차 운전"
5978,gpt,zero_shot_closed_book,3,1,"음주 전과 2회(동종), 혈중알코올농도 0.114%, 운전거리 약 1km, 차종 화물차, 범행연도 2021"
5979,gpt,zero_shot_closed_book,2,0,"음주 전과(1회, 오래전 2013), 혈중알코올농도 0.051%(초범기준 면허정지 하한 근접, 낮음), 운전거리 약 1km(단거리), 차종 화물차, 범행연도 2020(개정 후이지만 수치 낮음)"
5980,gpt,zero_shot_closed_book,3,1,"음주 전과(동종 전력 1회), 혈중알코올농도 0.172%(상당히 높음), 운전거리 약 1km(단거리), 범행연도 2019년(윤창호법 시행기), 차종 승용차"
5981,gpt,zero_shot_closed_book,2,1,"음주 전과(재범), 혈중알코올농도 0.166%(고도), 운전거리 매우 짧음(약 50m), 차종 승용차, 범행연도 2021"
5982,gpt,zero_shot_closed_book,2,1,"음주 전과(2회), 혈중알코올농도 0.141%, 운전거리 약 200m, 범행연도 2020년(윤창호법 적용기), 차종 승용차"
5983,gpt,zero_shot_closed_book,0,0,"혈중알코올농도 0.040%(측정치 매우 낮음), 운전거리 약 1km(단거리), 2021년 범행(윤창호법 개정기), 차종 승용차, 음주 전과 기재 없음"
5984,gpt,zero_shot_closed_book,2,0,"혈중알코올농도 0.080%(하한선 근접), 운전거리 약 2km, 2019년 범행(윤창호법 시행기), 차종 렉카 화물차(업무용 대형), 음주 전과 불명(명시 없음)"
5985,gpt,zero_shot_closed_book,2,1,"음주 전과(2015 벌금 전력), 혈중알코올농도 0.139%(상당히 높음), 운전거리 약 7km(장거리), 범행연도 2021, 차종 승용차(QM6)"
5986,gpt,zero_shot_closed_book,2,3,"집행유예기간 중 재범, 음주운전 전과(2회 이상), 혈중알코올농도 0.071%, 상용 화물차(봉고Ⅲ 1톤), 운전거리 약 1km, 범행연도 2021"
5987,gpt,zero_shot_closed_book,2,1,"음주 전과(동종 1회), 혈중알코올농도 0.175%로 고도, 운전거리 약 2km로 단거리, 차종 승용차, 범행연도 2021년(윤창호법 적용 시기)"
5990,gpt,zero_shot_closed_book,2,1,"음주 전과 2회(동종), 혈중알코올농도 0.153%, 운전거리 약 8km, 2020년 범행, 승용차(아우디) 운전"
5991,gpt,zero_shot_closed_book,1,1,"음주 전과(2회), 혈중알코올농도 0.151%, 운전거리 약 40m, 범행연도 2018년(개정 전 도로교통법), 차종 승용차"
5992,gpt,zero_shot_closed_book,0,1,"음주 전과(동종 1회), 혈중알코올농도 0.130%, 운전거리 매우 짧음(약 20m), 차종 승용차, 범행연도 2020"
5993,gpt,zero_shot_closed_book,3,1,"다수 음주운전 전과 및 집행유예 전력, 혈중알코올농도 0.047%로 낮음(면허정지 수준), 운전거리 매우 짧음(약 3m 주차장 후진), 2020년 사건, 승용차"
5995,gpt,zero_shot_closed_book,2,1,"음주 전과 2회(동종), 혈중알코올농도 0.085%, 운전거리 약 10km, 차종 승용차, 범행연도 2020"
5996,gpt,zero_shot_closed_book,3,1,"음주 전과 2회(동종), 혈중알코올농도 0.125%, 운전거리 약 100m로 단거리, 2021년 범행, 경차(마티즈)"
5997,gpt,zero_shot_closed_book,2,1,"혈중알코올농도 0.204%, 음주운전 전과 2회(재범), 운전거리 약 100m, 2020년 범행, 승용차(쏘렌토)"
5998,gpt,zero_shot_closed_book,2,1,"음주 전과(측정거부 전력으로 재범), 혈중알코올농도 0.077% (상대적으로 낮음), 운전거리 약 1km (단거리), 차종 승용차, 범행연도 2021 (윤창호법 적용기), 동종 누범으로 실형 가능성 있으나 수치·거리 경미"
5999,gpt,zero_shot_closed_book,3,1,"혈중알코올농도 0.182%(고도), 운전거리 약 500m(단거리), 차종 승용차, 범행연도 2021(윤창호법 적용기), 음주 전과 기재 없음"
4525,gpt,few_shot_open_book,2,2,"음주 전과 1회, 혈중알코올농도 0.252%, 운전거리 6km, 범행연도 2020, 2회 이상 위반(재범)"
4531,gpt,few_shot_open_book,2,1,"음주 전과 불명(기재 없음), 혈중알코올농도 0.211%, 운전거리 0.03km, 범행연도 2021, 차종(고급 외제차)"
4573,gpt,few_shot_open_book,2,2,"음주 전과 1회(징역형), 혈중알코올농도 0.136%, 운전거리 3.6km, 범행연도 2021, 재범(2회 이상 위반)"
4575,gpt,few_shot_open_book,3,2,"음주 전과 1회, 혈중알코올농도 0.106%, 운전거리 2km, 범행연도 2020, 재범(10년 내 동종)"
4607,gpt,few_shot_open_book,2,1,"음주 전과 불명(기재 없음), 혈중알코올농도 0.117%, 운전거리 5km, 범행연도 2021, 차종 승용차"
4635,gpt,few_shot_open_book,2,2,"음주 전과 1회, 혈중알코올농도 0.133%, 운전거리 1.7km, 범행연도 2021, 재범(2회 이상 위반)"
4654,gpt,few_shot_open_book,2,2,"음주 전과 1회, 혈중알코올농도 0.130%, 운전거리 3.8km, 범행연도 2020"
4674,gpt,few_shot_open_book,2,2,"음주 전과 2회, 혈중알코올농도 0.103%, 운전거리 20km, 범행연도 2021, 동종 누범(재범)"
4678,gpt,few_shot_open_book,2,2,"음주 전과 다수, 혈중알코올농도 0.188%, 운전거리 3km, 범행연도 2021, 재범(2회 이상 위반)"
4682,gpt,few_shot_open_book,2,2,"음주 전과 2회, 혈중알코올농도 0.234%, 운전거리 0.005km, 범행연도 2021, 차종 승용차"
4691,gpt,few_shot_open_book,2,1,"음주 전과 1회(오래된 전과), 혈중알코올농도 0.133%, 운전거리 5km, 범행연도 2020, 차종(아이오닉)"
4700,gpt,few_shot_open_book,2,2,"음주 전과 불명, 혈중알코올농도 0.255%, 운전거리 1.5km, 범행연도 2021, 차종 SUV"
4712,gpt,few_shot_open_book,2,3,"음주 전과 1회, 집행유예 기간 중, 혈중알코올농도 0.160%, 운전거리 9km, 범행연도 2021, 차종(카니발)"
4719,gpt,few_shot_open_book,2,1,"음주 전과 1회, 혈중알코올농도 0.125%, 운전거리 0.2km, 범행연도 2019"
4744,gpt,few_shot_open_book,2,1,"음주 전과 2회, 혈중알코올농도 0.062%, 운전거리 0.5km, 범행연도 2020, 차종 원동기장치자전거"
4752,gpt,few_shot_open_book,2,2,"음주 전과 1회(재범), 혈중알코올농도 0.124%, 운전거리 8km, 범행연도 2019, 차종 불상"
4777,gpt,few_shot_open_book,2,1,"음주 전과 2회(2012년 이후 장기 경과), 혈중알코올농도 0.114%, 운전거리 3km, 범행연도 2021, 승합차(스타렉스) 운전"
4781,gpt,few_shot_open_book,1,1,"음주 전과 불상(기재 없음), 혈중알코올농도 0.145%, 운전거리 1km, 범행연도 2021, 차종 승용차"
4818,gpt,few_shot_open_book,3,2,"음주 전과 1회, 혈중알코올농도 0.173%, 운전거리 3km, 범행연도 2021"
4844,gpt,few_shot_open_book,2,2,"음주 전과 1회, 혈중알코올농도 0.112%, 운전거리 16km, 범행연도 2020, 장거리 운전"
4845,gpt,few_shot_open_book,1,1,"음주 전과 불명, 혈중알코올농도 0.107%, 운전거리 2.0km, 범행연도 2021, 차종 SUV"
4848,gpt,few_shot_open_book,2,2,"음주 전과 1회, 혈중알코올농도 0.189%, 운전거리 0.01km(주차장 내), 범행연도 2021, 운전위험도 낮음"
4857,gpt,few_shot_open_book,3,2,"음주 전과 3회 이상, 혈중알코올농도 0.142%, 운전거리 3km, 범행연도 2021, 동종 누범(재범)"
4867,gpt,few_shot_open_book,0,0,"음주 전과 불명(기재 없음), 혈중알코올농도 0.048%, 운전거리 10km, 범행연도 2020, 차종 소형(모닝)"
4889,gpt,few_shot_open_book,3,1,"음주 전과 1회(2006, 장기 경과), 혈중알코올농도 0.165%, 운전거리 4km, 범행연도 2021, 차종 승용차"
4987,gpt,few_shot_open_book,2,1,"음주 전과 2회(오래된), 혈중알코올농도 0.093%, 운전거리 3km, 범행연도 2021, 차종 SUV"
4996,gpt,few_shot_open_book,2,3,"음주 전과 3회(집행유예 포함), 혈중알코올농도 0.114%, 운전거리 1.0km, 범행연도 2021, 동종 누범 및 다수 전과"
5006,gpt,few_shot_open_book,2,2,"음주 전과 3회, 혈중알코올농도 0.171%, 운전거리 8.0km, 범행연도 2021, 동종 누범(재범)"
5008,gpt,few_shot_open_book,2,2,"음주 전과 2회, 혈중알코올농도 0.142%, 운전거리 2km, 범행연도 2021, 재범(2회 이상 위반)"
5019,gpt,few_shot_open_book,2,3,"음주 전과 2회(1회 집행유예 포함), 혈중알코올농도 0.130%, 운전거리 0.5km, 범행연도 2021, 동종 누범(10년 내 재범)"
5063,gpt,few_shot_open_book,2,1,"음주 전과 2회(10년 초과된 구형 전력), 혈중알코올농도 0.074%, 운전거리 2.0km, 범행연도 2021, 차종 승용차"
5084,gpt,few_shot_open_book,0,1,"음주 전과 1회, 혈중알코올농도 0.116%, 운전거리 0.03km, 범행연도 2019, 차종 픽업형 SUV"
5105,gpt,few_shot_open_book,0,2,"음주 전과 불명, 혈중알코올농도 0.206%, 운전거리 0.7km, 범행연도 2021, 차종 SUV"
5108,gpt,few_shot_open_book,2,2,"음주 전과 2회, 혈중알코올농도 0.116%, 운전거리 30km, 범행연도 2020, 재범(10년 내 1회 포함)"
5122,gpt,few_shot_open_book,2,2,"음주 전과 1회, 혈중알코올농도 0.109%, 운전거리 4km, 범행연도 2021, 재범(2회 이상 위반)"
5137,gpt,few_shot_open_book,2,1,"음주 전과 1회(2011, 장기간 경과), 혈중알코올농도 0.090%, 운전거리 0.15km, 범행연도 2020, 초범에 준하는 장기 공백기간"
5175,gpt,few_shot_open_book,2,2,"음주 전과 1회, 혈중알코올농도 0.122%, 운전거리 0.7km, 범행연도 2020, 재범(2회 이상 위반)"
5217,gpt,few_shot_open_book,0,0,"음주 전과 불명, 혈중알코올농도 0.050%(위드마크 적용), 운전거리 2km, 범행연도 2019, 차종 픽업(SUV)"
5219,gpt,few_shot_open_book,1,1,"음주 전과 불명, 혈중알코올농도 0.095%, 운전거리 1.0km, 범행연도 2021, 차종 SUV"
5237,gpt,few_shot_open_book,2,2,"음주 전과 1회, 혈중알코올농도 0.138%, 운전거리 10km, 범행연도 2021, 동종 재범(2회 이상)"
5244,gpt,few_shot_open_book,2,2,"음주 전과 다수(벌금 2회·집유 1회), 혈중알코올농도 0.112%, 운전거리 24km, 범행연도 2020, 누범적 재범(2회 이상 위반)"
5249,gpt,few_shot_open_book,1,0,"음주 전과 불명(기재 없음), 혈중알코올농도 0.037%, 운전거리 0.5km, 범행연도 2021, 차종 SUV"
5251,gpt,few_shot_open_book,3,1,"음주 전과 2회(재범), 혈중알코올농도 0.074%, 운전거리 1km, 범행연도 2021, 차종 SUV/무쏘"
5253,gpt,few_shot_open_book,2,1,"음주 전과 1회(재범), 혈중알코올농도 0.094%, 운전거리 매우 짧음(약 5m), 범행연도 2019, 차종 승용차(G70)"
5293,gpt,few_shot_open_book,1,1,"음주 전과 불명(기재 없음), 혈중알코올농도 0.156%, 운전거리 2.0km, 범행연도 2021, 차종 승용차 (BMW)"
5310,gpt,few_shot_open_book,0,2,"음주 전과 1회, 혈중알코올농도 0.141%, 운전거리 5.0km, 범행연도 2021, 재범(2회 이상 위반)"
5318,gpt,few_shot_open_book,3,3,"음주 전과 다수(실형 포함), 혈중알코올농도 0.145%, 운전거리 0.5km, 범행연도 2020, 누범 경향(2회 이상 위반)"
5334,gpt,few_shot_open_book,2,0,"음주 전과 1회(장기간 경과), 혈중알코올농도 0.036%, 운전거리 10m, 범행연도 2021, 택시 운전(직업상 불이익 가능)"
5362,gpt,few_shot_open_book,3,2,"음주 전과 1회, 혈중알코올농도 0.137%, 운전거리 0.3km, 범행연도 2020, 재범(2회 이상 위반)"
5365,gpt,few_shot_open_book,1,2,"음주 전과 1회(2019 벌금 600만 원), 혈중알코올농도 0.107%, 운전거리 0.1km, 범행연도 2021, 차종 승용차(K8)"
5372,gpt,few_shot_open_book,2,2,"음주 전과 다수(2002년 3회, 2012년 1회), 혈중알코올농도 0.143%, 운전거리 0.34km, 범행연도 2020, 차종(택시)"
5386,gpt,few_shot_open_book,2,2,"음주 전과 1회, 혈중알코올농도 0.133%, 운전거리 8.0km, 범행연도 2020, 택시 영업차량 운전"
5397,gpt,few_shot_open_book,2,2,"음주 전과 2회, 혈중알코올농도 0.120%, 운전거리 0.5km, 범행연도 2020, 동종 누범(집행유예 전력)"
5415,gpt,few_shot_open_book,0,1,"음주 전과 불명(기재 없음), 혈중알코올농도 0.131%, 운전거리 1.5km, 범행연도 2020, 차종(승용)"
5419,gpt,few_shot_open_book,1,1,"음주 전과 불명, 혈중알코올농도 0.105%, 운전거리 0.03km, 범행연도 2021, 차종 BMW 630d"
5442,gpt,few_shot_open_book,2,0,"음주 전과 불명(기재 없음), 혈중알코올농도 0.058%, 운전거리 0.5km, 범행연도 2021, 차종 승용차"
5451,gpt,few_shot_open_book,0,1,"음주 전과 2회, 혈중알코올농도 0.068%, 운전거리 6km, 범행연도 2015, 차종 택시"
5452,gpt,few_shot_open_book,2,2,"음주 전과 2회, 혈중알코올농도 0.091%, 운전거리 0.003km, 범행연도 2021, 차종 SUV"
5469,gpt,few_shot_open_book,2,1,"음주 전과 2회, 혈중알코올농도 0.073%, 운전거리 1.0km, 범행연도 2021, 재범(동종 누범)"
5472,gpt,few_shot_open_book,2,2,"음주 전과 1회(재범), 혈중알코올농도 0.173%, 운전거리 0.1km, 범행연도 2021, 차종 승용차"
5500,gpt,few_shot_open_book,2,2,"음주 전과 1회, 혈중알코올농도 0.125%, 운전거리 0.5km, 범행연도 2020, 차종 승용차"
5521,gpt,few_shot_open_book,0,0,"음주 전과 불명(기재 없음), 혈중알코올농도 0.060%, 운전거리 15km, 범행연도 2020, 차종 소형(레이)"
5524,gpt,few_shot_open_book,0,1,"음주 전과 불명(기재 없음), 혈중알코올농도 0.142%, 운전거리 0.05km, 범행연도 2021, 차종 BMW 320d"
5543,gpt,few_shot_open_book,2,1,"음주 전과 불명(기재 없음), 혈중알코올농도 0.110%, 운전거리 1.0km, 범행연도 2021, 차종 SUV"
5558,gpt,few_shot_open_book,2,1,"음주 전과 1회(오래전), 혈중알코올농도 0.130%, 운전거리 7km, 범행연도 2020, 차종 LESTAR"
5567,gpt,few_shot_open_book,2,1,"음주 전과 2회, 혈중알코올농도 0.063%, 운전거리 10km, 범행연도 2020, 재범(2회 이상)"
5611,gpt,few_shot_open_book,0,1,"음주 전과 불명, 혈중알코올농도 0.152%, 운전거리 0.001km, 범행연도 2021, 차종(택시)"
5612,gpt,few_shot_open_book,2,1,"음주 전과 2회(재범), 혈중알코올농도 0.082%, 운전거리 1.0km, 범행연도 2021, 10년 내 전과 아님(가중 완화)"
5639,gpt,few_shot_open_book,2,2,"음주 전과 1회, 혈중알코올농도 0.120%, 운전거리 0.15km, 범행연도 2020"
5685,gpt,few_shot_open_book,2,3,"음주 전과 2회 이상 및 동종 재판 중 재범, 혈중알코올농도 0.230~0.233%, 운전거리 각 300~400m로 짧음, 범행연도 2021"
5695,gpt,few_shot_open_book,0,1,"음주 전과 2회, 혈중알코올농도 0.054%, 운전거리 1km, 범행연도 2020, 재범(10년 내 2회 이상)"
5713,gpt,few_shot_open_book,2,3,"음주 전과 2회, 혈중알코올농도 0.249%, 운전거리 2.5km, 범행연도 2020, 차종(화물 1톤탑차)"
5744,gpt,few_shot_open_book,2,2,"음주 전과 다수(징역 전력 포함), 혈중알코올농도 0.186%, 운전거리 0.5km, 범행연도 2019, 차종(승합·밴)"
5749,gpt,few_shot_open_book,3,1,"음주 전과 1회, 혈중알코올농도 0.086%, 운전거리 0.3km, 범행연도 2020, 차종 SUV"
5753,gpt,few_shot_open_book,2,1,"음주 전과 불명, 혈중알코올농도 0.177%, 운전거리 0.3km, 범행연도 2021, 차종 불상"
5783,gpt,few_shot_open_book,1,1,"음주 전과 불명, 혈중알코올농도 0.152%, 운전거리 0.5km, 범행연도 2021, 차종(BMW)"
5787,gpt,few_shot_open_book,2,2,"음주 전과 불명, 혈중알코올농도 0.208%, 운전거리 2.0km, 범행연도 2020, 차종 SUV"
5793,gpt,few_shot_open_book,2,1,"음주 전과 1회, 혈중알코올농도 0.169%, 운전거리 1.0km, 범행연도 2019, 차종 승합(스타렉스)"
5798,gpt,few_shot_open_book,2,0,"음주 전과 1회(오래전), 혈중알코올농도 0.078%, 운전거리 0.4km, 범행연도 2020, 재범이지만 수치 낮음 및 거리 짧음"
5802,gpt,few_shot_open_book,2,2,"음주 전과 1회(측정거부), 혈중알코올농도 0.157%, 운전거리 0.07km, 범행연도 2020, 차종 이륜차"
5804,gpt,few_shot_open_book,2,2,"음주 전과 2회, 혈중알코올농도 0.153%, 운전거리 0.1km, 범행연도 2021, 동종 누범(재범)"
5862,gpt,few_shot_open_book,2,2,"음주 전과 1회, 혈중알코올농도 0.162%, 운전거리 0.002km, 범행연도 2021, 재범(10년 내)"
5863,gpt,few_shot_open_book,2,2,"음주 전과 1회, 혈중알코올농도 0.270%, 운전거리 0.3km, 범행연도 2021, 재범(2회 이상)"
5873,gpt,few_shot_open_book,3,2,"음주 전과 불명(없음 추정), 혈중알코올농도 0.323%, 운전거리 10km, 범행연도 2021, 차종 승용차"
5905,gpt,few_shot_open_book,1,1,"음주 전과 0회, 혈중알코올농도 0.135%, 운전거리 11km, 범행연도 2021, 차종 승용 픽업(SUV)"
5942,gpt,few_shot_open_book,3,2,"음주 전과 1회, 혈중알코올농도 0.109%, 운전거리 0.4km, 범행연도 2020, 차종 SUV"
5977,gpt,few_shot_open_book,2,2,"음주 전과 불명, 혈중알코올농도 0.202%, 운전거리 60km, 범행연도 2021, 차종 SUV"
5988,gpt,few_shot_open_book,0,2,"음주 전과 2회, 혈중알코올농도 0.087%, 운전거리 3km, 범행연도 2020, 동종 재범(10년 내 2회 이상)"
5989,gpt,few_shot_open_book,2,1,"음주 전과 1회, 혈중알코올농도 0.068%, 운전거리 0.8km, 범행연도 2020"
5994,gpt,few_shot_open_book,3,2,"음주 전과(동일 기간 내 2회), 혈중알코올농도 0.152% 및 0.143%, 운전거리 각 20m·4km, 범행연도 2020, 연속 재범(단기간 2회)"
4551,gpt,few_shot_open_book,2,0,"음주 전과 1회(2013 약식 벌금), 혈중알코올농도 0.036%, 운전거리 약 3m, 범행연도 2019, 차종 승용차"
4686,gpt,few_shot_open_book,2,2,"음주 전과 1회, 혈중알코올농도 0.174%, 운전거리 0.5km, 범행연도 2019, 차종 BMW 523i"
4856,gpt,few_shot_open_book,2,0,"음주 전과 1회(2014, 10년 경과), 혈중알코올농도 0.079%, 운전거리 1.0km, 범행연도 2020, 초범 수준 경합없음"
4969,gpt,few_shot_open_book,2,2,"음주 전과 1회, 혈중알코올농도 0.196%, 운전거리 0.02km, 차종 화물차, 범행연도 2020"
5009,gpt,few_shot_open_book,2,2,"음주 전과 1회, 혈중알코올농도 0.147%, 운전거리 1km, 범행연도 2019, 차종 승합차"
5116,gpt,few_shot_open_book,2,2,"음주 전과 2회, 혈중알코올농도 0.082%, 운전거리 23km, 범행연도 2021, 장거리 운전"
5178,gpt,few_shot_open_book,2,2,"음주 전과 1회(집행유예 포함), 혈중알코올농도 0.229%, 운전거리 0.9km, 범행연도 2020, 차량 대형 세단"
5192,gpt,few_shot_open_book,2,1,"음주 전과 2회, 혈중알코올농도 0.103%, 운전거리 0.05km(주차장 내), 범행연도 2020, 차종 대형 세단"
5292,gpt,few_shot_open_book,2,2,"음주 전과 2회(동종 누범 해당 가능성), 혈중알코올농도 0.168%, 운전거리 0.2km, 범행연도 2020, 차종 SUV"
5296,gpt,few_shot_open_book,2,1,"음주 전과 1회, 혈중알코올농도 0.084%, 운전거리 0.2km, 범행연도 2020, 차종 승용차"
5577,gpt,few_shot_open_book,2,2,"음주 전과 2회, 혈중알코올농도 0.172%, 운전거리 2.6km, 차종 화물차, 범행연도 2020"
5690,gpt,few_shot_open_book,2,1,"음주 전과 2회, 혈중알코올농도 0.067%, 운전거리 3km, 범행연도 2020, 재범(2회 이상)"
5927,gpt,few_shot_open_book,2,2,"음주 전과 1회, 혈중알코올농도 0.126%, 운전거리 0.5km, 범행연도 2019"
4664,gpt,few_shot_open_book,3,3,"다수 동종 전과(8회), 혈중알코올농도 0.073%, 운전거리 약 60km, 범행연도 2020, 재범(동종 누범)"
4658,gpt,few_shot_open_book,2,3,"다수 동종 전과(징역 전력 포함), 혈중알코올농도 0.156%, 운전거리 1.5km, 범행연도 2021, 재범 간격 3년 미만 아님(가석방 후 재범)"
4878,gpt,few_shot_open_book,3,3,"음주 전과 다수(누범, 집행유예 전력), 혈중알코올농도 0.135%, 운전거리 6.0km, 범행연도 2020, 재범(2회 이상 위반)"
5128,gpt,few_shot_open_book,0,3,"동종 전과 다수(5회), 혈중알코올농도 0.217%, 운전거리 0.5km, 범행연도 2020, 재범(2회 이상 위반)"
5208,gpt,few_shot_open_book,3,3,"음주 전과 다수(집행유예 및 실형 전력, 집행 종료 2019.12.1), 혈중알코올농도 0.184%, 운전거리 10km, 범행연도 2020, 동종 누범(재범 간격 1년 미만)"
5494,gpt,few_shot_open_book,2,3,"동종 전과 다수(집행유예 포함), 혈중알코올농도 0.183%, 운전거리 3.2km, 화물차, 범행연도 2020"
5517,gpt,few_shot_open_book,3,2,"다수의 음주 전과(동종 누범), 혈중알코올농도 0.094%, 운전거리 0.1km, 범행연도 2021, 차종 승용차"
5623,gpt,few_shot_open_book,3,3,"다회 음주 전과(8회, 최근 징역 및 집행종료 후 3년 내 재범), 혈중알코올농도 0.271%, 운전거리 2km, 범행연도 2021, 차종 화물차(포터)"
4680,gpt,few_shot_open_book,2,2,"음주 전과 1회(징역 전력), 혈중알코올농도 0.179%, 운전거리 불상, 범행연도 2021"
4958,gpt,few_shot_open_book,2,2,"음주 전과 3회 이상, 혈중알코올농도 0.097%, 운전거리 불명, 범행연도 2021, 동종 누범(10년 내 재범 해당)"
5369,gpt,few_shot_open_book,2,1,"음주 전과 불상, 혈중알코올농도 0.179%, 운전거리 단거리, 범행연도 2021, 차종 승용차"
5539,gpt,few_shot_open_book,0,0,"음주 전과 불명, 혈중알코올농도 0.072%, 운전거리 불상, 범행연도 2019, 차종 카니발"
5458,gpt,few_shot_open_book,2,2,"음주 전과 2회, 혈중알코올농도 0.152%, 차종 이륜차, 운전거리 불상(동일 구 내 단거리), 범행연도 2019"
4549,gpt,few_shot_open_book,0,1,"음주 전과 1회, 혈중알코올농도 0.156%, 운전거리 불상(단거리 추정), 범행연도 2019, 차종 승용차(K7)"
4576,gpt,few_shot_open_book,2,1,"음주 전과 1회, 혈중알코올농도 0.122%, 운전거리 불상(단거리 추정), 범행연도 2019"
4601,gpt,few_shot_open_book,2,2,"음주 전과 1회, 혈중알코올농도 0.165%, 운전거리 불상, 범행연도 2019, 차종 승용차"
4692,gpt,few_shot_open_book,2,1,"음주 전과 1회, 혈중알코올농도 0.089%, 운전거리 불상, 범행연도 2019, 차종 승용차"
4723,gpt,few_shot_open_book,2,3,"음주 전과 3회 이상, 혈중알코올농도 0.167%, 운전거리 불명(시동·기어조작 포함), 범행연도 2020, 누범적 경향"
4896,gpt,few_shot_open_book,2,1,"음주 전과 불명(기재 없음), 혈중알코올농도 0.215%, 운전거리 불상(단거리로 보임), 범행연도 2019, 차종 승용차"
4922,gpt,few_shot_open_book,0,1,"음주 전과 1회, 혈중알코올농도 0.085%, 운전거리 불명, 범행연도 2021, 차종 승용차"
4960,gpt,few_shot_open_book,2,2,"음주 전과 2회, 혈중알코올농도 0.135%, 운전거리 불상, 범행연도 2021, 차종 화물(메가트럭)"
5028,gpt,few_shot_open_book,2,2,"음주 전과 1회(재범), 혈중알코올농도 0.160%, 운전거리 불상(단거리 추정), 범행연도 2021, 차종 SUV"
5085,gpt,few_shot_open_book,1,1,"음주 전과 불명, 혈중알코올농도 0.156%, 운전거리 불명, 범행연도 2019, 차종 화물차"
5091,gpt,few_shot_open_book,2,2,"음주 전과 2회, 혈중알코올농도 0.121%, 운전거리 불상, 범행연도 2021, 차종 화물차"
5115,gpt,few_shot_open_book,0,1,"음주 전과 정보 부재, 혈중알코올농도 0.146%, 운전거리 불상, 범행연도 2019, 차종 승용차"
5132,gpt,few_shot_open_book,2,2,"음주 전과 1회, 혈중알코올농도 0.183%, 운전거리 불상, 범행연도 2020, 동종 재범(10년 내)"
5267,gpt,few_shot_open_book,2,2,"음주 전과 1회, 혈중알코올농도 0.187%, 운전거리 불명, 범행연도 2021, 재범(2회 이상 위반)"
5312,gpt,few_shot_open_book,1,0,"음주 전과 정보 없음, 혈중알코올농도 0.058%, 운전거리 불상, 범행연도 2021, 차종 화물차"
5319,gpt,few_shot_open_book,2,2,"음주 전과 1회, 혈중알코올농도 0.092%, 운전거리 불명, 범행연도 2021"
5378,gpt,few_shot_open_book,3,1,"음주 전과 1회, 혈중알코올농도 0.080%, 운전거리 불상, 범행연도 2021, 차종 승용차"
5394,gpt,few_shot_open_book,2,1,"음주 전과 2회(고전력, 10년 초과), 혈중알코올농도 0.145%, 차종 오토바이, 범행연도 2019"
5534,gpt,few_shot_open_book,2,1,"음주 전과 1회(음주측정거부), 혈중알코올농도 0.145%, 운전거리 불명, 범행연도 2019, 차종 승용차"
5579,gpt,few_shot_open_book,2,1,"음주 전과 1회, 혈중알코올농도 0.059%, 운전거리 불특정(단거리 추정), 범행연도 2021, 동종 재범(10년 내)"
5626,gpt,few_shot_open_book,2,0,"음주 전과 1회(2007, 오래됨), 혈중알코올농도 0.047%, 운전거리 불상(단거리 정황), 범행연도 2020, 차종 승용차"
5708,gpt,few_shot_open_book,2,2,"음주 전과 1회(재범), 혈중알코올농도 0.103%, 운전거리 불상(도심 구간), 범행연도 2021"
5732,gpt,few_shot_open_book,2,2,"음주 전과 다수(3회, 2017 포함 10년 내 1회), 혈중알코올농도 0.202%, 운전거리 불명, 범행연도 2020, 재범(2회 이상 위반)"
5738,gpt,few_shot_open_book,3,1,"음주 전과 1회(동종), 혈중알코올농도 0.148%, 차종 원동기장치자전거, 범행연도 2020"
5739,gpt,few_shot_open_book,2,2,"음주 전과 1회, 혈중알코올농도 0.190%, 운전거리 불상(정차지점 인근), 범행연도 2021, 차종 화물차"
5745,gpt,few_shot_open_book,0,1,"음주 전과 불명(기재 없음), 혈중알코올농도 0.163%, 운전거리 불명(단거리 추정 불가), 범행연도 2019, 차종 승용차"
5794,gpt,few_shot_open_book,0,0,"음주 전과 불명, 혈중알코올농도 0.175%, 운전거리 불명, 범행연도 2020, 차종 원동기장치자전거"
5880,gpt,few_shot_open_book,2,0,"음주 전과 1회(2015, 5년 초과), 혈중알코올농도 0.046%, 운전거리 불상(단거리 추정), 범행연도 2019"
5974,gpt,few_shot_open_book,2,0,"음주 전과 2회(벌금형), 혈중알코올농도 0.049%, 운전거리 불명(단거리 가능성), 범행연도 2021, 차종 승용차"
4510,gpt,few_shot_open_book,3,2,"음주 전과 1회(집행유예 포함), 혈중알코올농도 0.095%, 운전거리 90km(매우 김), 범행연도 2021, 차종 SUV/고속도로 운행"
4511,gpt,few_shot_open_book,2,3,"음주 전과 3회 이상, 혈중알코올농도 0.145%, 운전거리 100km, 범행연도 2020, 차종 고급승용차"
4579,gpt,few_shot_open_book,2,1,"음주 전과 1회(재범), 혈중알코올농도 0.041%, 운전거리 100km, 범행연도 2019, 장거리 운전"
4634,gpt,few_shot_open_book,0,2,"음주 전과 불명, 혈중알코올농도 0.188%, 운전거리 123km, 범행연도 2021, 고속도로 장거리 운전"
4806,gpt,few_shot_open_book,2,2,"음주 전과 3회(재범), 혈중알코올농도 0.129%, 운전거리 60km, 범행연도 2020, 차종 승용차"
5086,gpt,few_shot_open_book,3,2,"음주 전과 2회(징역 집유 포함), 혈중알코올농도 0.066%, 운전거리 12km, 범행연도 2019, 고속도로 운전"
5382,gpt,few_shot_open_book,3,1,"음주 전과 불명, 혈중알코올농도 0.200%, 운전거리 7.0km, 범행연도 2020, 차종 소형 SUV"
5505,gpt,few_shot_open_book,2,2,"음주 전과 1회, 혈중알코올농도 0.111%, 운전거리 40km, 범행연도 2020, 고속도로 장거리 운전"
5656,gpt,few_shot_open_book,2,2,"음주 전과 1회, 혈중알코올농도 0.110%, 운전거리 121km, 차종 대형 화물, 범행연도 2021"
5691,gpt,few_shot_open_book,0,1,"음주 전과 1회, 혈중알코올농도 0.062%, 운전거리 10.0km, 범행연도 2019, 차종 승용차"
5842,gpt,few_shot_open_book,0,0,"음주 전과 불명(기재 없음), 혈중알코올농도 0.047%, 운전거리 130km, 범행연도 2020, 차종 승용차(K5)"
5248,gpt,few_shot_open_book,0,0,"음주 전과 불명(기재 없음), 혈중알코올농도 0.059%, 운전거리 약 10m, 범행연도 2013, 차종 불명"
5557,gpt,few_shot_open_book,3,2,"음주 전과 1회, 혈중알코올농도 0.162%, 운전거리 2.5km, 범행연도 2021, 차종 불명"
5860,gpt,few_shot_open_book,3,1,"음주 전과 2회, 혈중알코올농도 0.077%, 운전거리 0.2km, 범행연도 2021, 반복범죄(10년 내 전과 1회 포함)"
5922,gpt,few_shot_open_book,2,2,"음주 전과 2회, 혈중알코올농도 0.111%, 운전거리 0.015km, 범행연도 2020, 운전거리 매우 짧음(감경요소)와 2회 이상 적발(가중)"
5305,gpt,few_shot_open_book,2,3,"음주 전과 다수(4회 이상), 음주측정거부, 공무집행 지장, 범행연도 2020, 초기 신고 정황(신호대기 중 잠듦)"
5443,gpt,few_shot_open_book,3,2,"음주 전과 2회, 음주측정거부, 범행연도 2019, 운전행위 추정(112신고·현장정황)"
5727,gpt,few_shot_open_book,2,3,"음주 전과 다수(3회 이상, 측정거부 포함), 음주측정거부, 범행연도 2021, 차종 승용차"
5716,gpt,few_shot_open_book,0,0,"음주 전과 불명, 혈중알코올농도 0.107%, 운전거리 0.005km(주차장 내 단거리), 범행연도 2013, 운전장소(주차장 내·교통위험 매우 낮음)"
5758,gpt,few_shot_open_book,2,2,"음주 전과 3회(동종 누범 경합), 혈중알코올농도 0.152%, 운전거리 매우 짧음(약 3m), 범행연도 2020"
5795,gpt,few_shot_open_book,2,2,"음주 전과 1회, 혈중알코올농도 0.103%, 운전거리 1.0km, 차종 원동기장치자전거, 범행연도 2021"
4500,gpt,few_shot_open_book,2,2,"음주 전과 1회(측정거부 포함), 혈중알코올농도 0.126%, 운전거리 1.5km, 범행연도 2021"
4501,gpt,few_shot_open_book,3,2,"음주 전과 2회(재범), 혈중알코올농도 0.154%, 운전거리 2.2km, 범행연도 2021, 동종 누범(10년 내 전과 1회 포함)"
4502,gpt,few_shot_open_book,2,2,"음주 전과 2회 이상, 혈중알코올농도 0.185%, 운전거리 0.1km, 범행연도 2019, 차종 화물차"
4503,gpt,few_shot_open_book,0,1,"음주 전과 불명(기재 없음), 혈중알코올농도 0.117%, 운전거리 0.5km, 범행연도 2021, 차종 SUV"
4504,gpt,few_shot_open_book,2,2,"음주 전과 1회, 혈중알코올농도 0.112%, 운전거리 25km, 범행연도 2021, 승합차 운전"
4505,gpt,few_shot_open_book,3,2,"음주 전과 1회, 혈중알코올농도 0.179%, 운전거리 2km, 범행연도 2020, 동종 재범(2회 이상 위반)"
4506,gpt,few_shot_open_book,0,2,"동종 누범(징역 전과 포함), 혈중알코올농도 0.056%, 운전거리 13km, 범행연도 2020, 차량종류 승용차"
4507,gpt,few_shot_open_book,2,1,"음주 전과 불명, 혈중알코올농도 0.210%, 운전거리 2.0km, 범행연도 2020, 차종 SUV/승용차"
4508,gpt,few_shot_open_book,2,1,"음주 전과 1회(재범), 혈중알코올농도 0.049%, 운전거리 10km, 범행연도 2021, 차종 SUV"
4509,gpt,few_shot_open_book,2,2,"음주 전과 1회, 혈중알코올농도 0.128%, 운전거리 매우 짧음(약 10m), 범행연도 2020, 차종 화물차(포터Ⅱ)"
4512,gpt,few_shot_open_book,2,3,"음주 전과 다수(동종 누범 및 집행유예 전력), 혈중알코올농도 0.146%, 운전거리 3km, 범행연도 2020, 차종 SUV"
4513,gpt,few_shot_open_book,1,1,"음주 전과 불상, 혈중알코올농도 0.111%, 운전거리 0.2km, 범행연도 2019, 차종(승용차)"
4514,gpt,few_shot_open_book,0,1,"음주 전과 불명(기재 없음), 혈중알코올농도 0.106%, 운전거리 10km, 범행연도 2021, 차종 승용차"
4515,gpt,few_shot_open_book,2,2,"음주 전과 1회, 혈중알코올농도 0.160%, 운전거리 3km, 범행연도 2020, 재범(2회 이상 위반)"
4516,gpt,few_shot_open_book,2,1,"음주 전과 불상, 혈중알코올농도 0.221%, 운전거리 0.7km, 차종 화물차, 범행연도 2021"
4517,gpt,few_shot_open_book,2,2,"음주 전과 2회, 혈중알코올농도 0.157%, 운전거리 1.5km, 범행연도 2021, 동종 누범(재범)"
4518,gpt,few_shot_open_book,3,2,"음주 전과 1회, 혈중알코올농도 0.164%, 운전거리 0.05km, 범행연도 2021, 재범(2회 이상 위반)"
4519,gpt,few_shot_open_book,0,2,"음주 전과 2회, 혈중알코올농도 0.190%, 운전거리 0.05km, 범행연도 2020, 재범(10년 내 동종 전과 2회)"
4520,gpt,few_shot_open_book,2,1,"음주 전과 1회(10년 내 재범 아님), 혈중알코올농도 0.099%, 운전거리 매우 짧음(약 30m), 범행연도 2020, 차종 세단"
4521,gpt,few_shot_open_book,2,1,"음주 전과 불명(기재 없음), 혈중알코올농도 0.110%, 운전거리 7.0km, 범행연도 2021, 차종 승용차"
4522,gpt,few_shot_open_book,1,1,"음주 전과 불명(기재 없음), 혈중알코올농도 0.109%, 운전거리 1.0km, 범행연도 2019, 차종 승용차"
4523,gpt,few_shot_open_book,2,0,"음주 전과 불명(기재 없음), 혈중알코올농도 0.089%, 운전거리 0.163km, 범행연도 2021, 차종 승합차"
4524,gpt,few_shot_open_book,0,2,"음주 전과 1회, 혈중알코올농도 0.161%, 운전거리 0.55km, 범행연도 2020"
4526,gpt,few_shot_open_book,0,1,"음주 전과 1회, 혈중알코올농도 0.085%, 운전거리 0.1km, 범행연도 2020"
4527,gpt,few_shot_open_book,2,1,"음주 전과 2회, 혈중알코올농도 0.062%, 운전거리 0.4km, 범행연도 2021, 화물차 운전"
4528,gpt,few_shot_open_book,2,2,"음주 전과 1회, 혈중알코올농도 0.176%, 운전거리 0.25km, 범행연도 2021, 재범(2회 이상 위반)"
4529,gpt,few_shot_open_book,2,2,"음주 전과 1회(동종 재범), 혈중알코올농도 0.153%, 운전거리 1.0km, 범행연도 2020"
4530,gpt,few_shot_open_book,2,1,"음주 전과 불명(기재 없음), 혈중알코올농도 0.148%, 운전거리 0.35km, 범행연도 2021, 차종 승용차"
4532,gpt,few_shot_open_book,2,2,"음주 전과 2회, 혈중알코올농도 0.142%, 운전거리 19km, 범행연도 2020, 동일동종 누범(반복 범행)"
4533,gpt,few_shot_open_book,3,2,"음주 전과 2회(집유 포함), 혈중알코올농도 0.313%, 운전거리 약 5m, 범행연도 2020, 차종 화물차"
4534,gpt,few_shot_open_book,2,1,"음주 전과 불명, 혈중알코올농도 0.132%, 운전거리 0.3km, 범행연도 2021, 차종 경차"
4535,gpt,few_shot_open_book,0,2,"음주 전과 1회, 혈중알코올농도 0.167%, 운전거리 0.05km, 범행연도 2020, 주차장 내 운전"
4536,gpt,few_shot_open_book,3,2,"음주 전과 1회, 혈중알코올농도 0.189%, 운전거리 10km, 범행연도 2019, 차종 승용차"
4537,gpt,few_shot_open_book,0,2,"음주 전과 1회, 혈중알코올농도 0.135%, 운전거리 3.7km, 범행연도 2020, 차종 승용차"
4538,gpt,few_shot_open_book,3,3,"음주 전과 3회, 혈중알코올농도 0.153%, 운전거리 5km, 차종 화물차, 범행연도 2020"
4539,gpt,few_shot_open_book,2,2,"음주 전과 2회(동종 5년 이내), 혈중알코올농도 0.107%, 운전거리 0.3km, 범행연도 2020, 차종 승용차"
4540,gpt,few_shot_open_book,2,2,"음주 전과 1회, 혈중알코올농도 0.152%, 운전거리 0.5km, 범행연도 2021, 차종 화물차"
4541,gpt,few_shot_open_book,0,1,"음주 전과 불명, 혈중알코올농도 0.081%, 운전거리 3.0km, 범행연도 2021, 차종 SUV"
4542,gpt,few_shot_open_book,2,1,"음주 전과 1회, 혈중알코올농도 0.122%, 운전거리 0.15km, 범행연도 2020, 단거리·위험 낮음"
4543,gpt,few_shot_open_book,2,1,"음주 전과 2회(오래된 전과), 혈중알코올농도 0.077%, 운전거리 20km, 범행연도 2021"
4544,gpt,few_shot_open_book,1,1,"음주 전과 불명, 혈중알코올농도 0.082%, 운전거리 0.04km, 범행연도 2021, 차종 승용차"
4545,gpt,few_shot_open_book,0,3,"음주 전과 2회 이상, 혈중알코올농도 0.209%, 운전거리 3.0km, 범행연도 2021, 재범(2회 이상)"
4546,gpt,few_shot_open_book,2,1,"음주 전과 1회, 혈중알코올농도 0.086%, 운전거리 0.5km, 범행연도 2020, 차종 승용차"
4547,gpt,few_shot_open_book,2,1,"음주 전과 불명, 혈중알코올농도 0.093%, 운전거리 0.1km, 범행연도 2021, 차종 오토바이(이륜)"
4548,gpt,few_shot_open_book,2,3,"음주 전과 2회, 혈중알코올농도 0.166%, 운전거리 2.5km, 범행연도 2021, 동종 누범 가능성"
4550,gpt,few_shot_open_book,0,2,"음주 전과 불명, 혈중알코올농도 0.218%, 운전거리 10km, 범행연도 2021, 차종(벤츠)"
4552,gpt,few_shot_open_book,2,2,"음주 전과 2회(동종), 혈중알코올농도 0.122%, 운전거리 0.8km, 범행연도 2021, 재범 간격 짧음(2021.4→5)"
4553,gpt,few_shot_open_book,2,2,"음주 전과 1회, 혈중알코올농도 0.208%, 운전거리 1.3km, 범행연도 2021, 재범(2회 이상 위반)"
4554,gpt,few_shot_open_book,3,2,"동종 전과 3회, 혈중알코올농도 0.103%, 운전거리 4km, 재범(2회 이상 위반), 범행연도 2020"
4555,gpt,few_shot_open_book,0,2,"음주 전과 1회, 혈중알코올농도 0.133%, 운전거리 0.05km, 범행연도 2020"
4556,gpt,few_shot_open_book,2,2,"음주 전과 2회, 혈중알코올농도 0.081%, 운전거리 13km, 범행연도 2020, 재범(2회 이상 위반)"
4557,gpt,few_shot_open_book,2,1,"음주 전과 다수(집행유예 전력 포함), 혈중알코올농도 0.054%, 운전거리 0.7km, 차종 오토바이, 범행연도 2021"
4558,gpt,few_shot_open_book,2,2,"음주 전과 1회, 혈중알코올농도 0.097%, 운전거리 1.8km, 범행연도 2020, 재범(2회 이상 위반)"
4559,gpt,few_shot_open_book,3,2,"음주 전과 1회, 혈중알코올농도 0.188%, 운전거리 0.1km, 범행연도 2019"
4560,gpt,few_shot_open_book,0,0,"음주 전과 불명(기재 없음), 혈중알코올농도 0.076%, 운전거리 0.02km, 범행연도 2016, 차종 경차(모닝)"
4561,gpt,few_shot_open_book,2,1,"음주 전과 다수(3회 이상), 혈중알코올농도 0.037%, 운전거리 1.0km, 범행연도 2019, 동종 누범(10년 내 재범 해당)"
4562,gpt,few_shot_open_book,2,2,"음주 전과 1회, 혈중알코올농도 0.105%, 운전거리 8km, 범행연도 2020, 차종 승용차"
4563,gpt,few_shot_open_book,2,2,"음주 전과 1회(재범), 혈중알코올농도 0.166%, 운전거리 4km, 차종 화물차, 범행연도 2021"
4564,gpt,few_shot_open_book,2,1,"음주 전과 2회, 혈중알코올농도 0.077%, 운전거리 0.1km, 범행연도 2019, 단기간 내 재범 아님(전과와의 시간 간격 김)"
4565,gpt,few_shot_open_book,2,2,"음주 전과 3회(징유 1회 포함), 혈중알코올농도 0.119%, 운전거리 1km, 범행연도 2021, 누범적 경향(동종 누범에 준하는 반복)"
4566,gpt,few_shot_open_book,0,2,"음주 전과 1회, 혈중알코올농도 0.195%, 운전거리 2.0km, 범행연도 2021"
4567,gpt,few_shot_open_book,2,1,"음주 전과 2회, 혈중알코올농도 0.042%, 운전거리 0.05km, 범행연도 2021, 운전장소(공용주차장 포함)"
4568,gpt,few_shot_open_book,2,2,"음주 전과 불명(전과 기재 없음으로 0회 추정), 혈중알코올농도 0.235%, 운전거리 0.2km, 범행연도 2021, 차종 소형승용차"
4569,gpt,few_shot_open_book,2,1,"음주 전과 2회, 혈중알코올농도 0.085%, 운전거리 0.1km, 범행연도 2020, 재범(동종 다회)"
4570,gpt,few_shot_open_book,2,1,"음주 전과 1회, 혈중알코올농도 0.047%, 운전거리 2.5km, 범행연도 2021, 승합차 운전"
4571,gpt,few_shot_open_book,2,3,"다수 음주 전과(징역 전과 포함), 혈중알코올농도 0.104%, 운전거리 20km, 범행연도 2020, 동종 누범"
4572,gpt,few_shot_open_book,2,2,"음주 전과 1회, 혈중알코올농도 0.140%, 운전거리 6km, 범행연도 2020, 2회 이상 위반"
4574,gpt,few_shot_open_book,1,1,"음주 전과 불상, 혈중알코올농도 0.103%, 운전거리 0.05km, 범행연도 2021, 차종 화물차"
4577,gpt,few_shot_open_book,2,1,"음주 전과 불명, 혈중알코올농도 0.116%, 운전거리 0.6km, 범행연도 2020, 차종 승용차"
4578,gpt,few_shot_open_book,0,2,"음주 전과 1회(재범), 혈중알코올농도 0.141%, 운전거리 극히 짧음, 범행연도 2021"
4580,gpt,few_shot_open_book,2,1,"음주 전과 불명(기재 없음), 혈중알코올농도 0.119%, 운전거리 3km, 범행연도 2021, 차종 화물차"
4581,gpt,few_shot_open_book,2,0,"음주 전과(2007, 2008 구벌금), 혈중알코올농도 0.040%, 운전거리 0.3km, 범행연도 2021, 장기간 경과한 전과(10년 초과)"
4582,gpt,few_shot_open_book,2,1,"음주 전과 0회, 혈중알코올농도 0.092%, 운전거리 0.5km, 범행연도 2021, 차종 승용차"
4583,gpt,few_shot_open_book,2,1,"음주 전과 1회, 혈중알코올농도 0.063%, 운전거리 3km, 범행연도 2019, 차종 소형 승용차"
4584,gpt,few_shot_open_book,2,2,"음주 전과 1회, 혈중알코올농도 0.130%, 운전거리 3km, 범행연도 2020, 재범(2회 이상 위반)"
4585,gpt,few_shot_open_book,2,2,"음주 전과 1회(재범), 혈중알코올농도 0.138%, 운전거리 10km, 범행연도 2021, 차종 승용차"
4586,gpt,few_shot_open_book,2,2,"음주 전과 1회, 혈중알코올농도 0.143%, 운전거리 4.1km, 범행연도 2019, 재범(2회 이상 위반)"
4587,gpt,few_shot_open_book,2,2,"음주 전과 1회, 혈중알코올농도 0.179%, 운전거리 4km, 범행연도 2020, 차종 소형승용"
4588,gpt,few_shot_open_book,2,1,"음주 전과 1회, 혈중알코올농도 0.142%, 운전거리 3.0km, 범행연도 2019"
4589,gpt,few_shot_open_book,0,1,"음주 전과 불명, 혈중알코올농도 0.134%, 운전거리 4km, 범행연도 2017, 차종 화물차"
4590,gpt,few_shot_open_book,2,2,"음주 전과 불명, 혈중알코올농도 0.306%, 운전거리 1.0km, 범행연도 2021, 차종 승용차"
4591,gpt,few_shot_open_book,2,1,"음주 전과 2회, 혈중알코올농도 0.080%, 운전거리 0.2km, 범행연도 2021, 차종 화물차"
4592,gpt,few_shot_open_book,2,1,"음주 전과 1회, 혈중알코올농도 0.054%, 운전거리 0.005km, 범행연도 2020, 재범(2회 이상)"
4593,gpt,few_shot_open_book,2,0,"음주 전과 1회(2017, 5년 경과), 혈중알코올농도 0.039%, 운전거리 2km, 범행연도 2021, 재범 간격 장기(동종 누범 아님)"
4594,gpt,few_shot_open_book,2,1,"음주 전과 불명(기재 없음), 혈중알코올농도 0.180%, 운전거리 3km, 범행연도 2021, 차종 승용차"
4595,gpt,few_shot_open_book,2,3,"음주 전과 2회, 혈중알코올농도 0.195%, 운전거리 4km, 범행연도 2020, 재범(10년 내 동종 전과)"
4596,gpt,few_shot_open_book,1,2,"음주 전과 2회, 혈중알코올농도 0.153%, 운전거리 극히 단거리(약 4m), 범행연도 2017, 차종 소형승용차"
4597,gpt,few_shot_open_book,2,2,"음주 전과 1회, 혈중알코올농도 0.134%, 운전거리 3km, 범행연도 2019, 차종 승용차"
4598,gpt,few_shot_open_book,2,1,"음주 전과 불명, 혈중알코올농도 0.192%, 운전거리 1.0km, 범행연도 2020, 차종 경차"
4599,gpt,few_shot_open_book,2,1,"음주 전과 1회, 혈중알코올농도 0.041%, 운전거리 1km, 범행연도 2020, 재범(10년 내 동종 전과)"
4600,gpt,few_shot_open_book,2,1,"음주 전과 1회, 혈중알코올농도 0.062%, 운전거리 0.3km, 범행연도 2019, 2회 위반(재범)"
4602,gpt,few_shot_open_book,2,2,"음주 전과 3회 이상, 혈중알코올농도 0.114%, 운전거리 3km, 차종 이륜차, 범행연도 2019"
4603,gpt,few_shot_open_book,2,2,"음주 전과 1회, 혈중알코올농도 0.153%, 운전거리 1.0km, 차종 이륜차, 범행연도 2021"
4604,gpt,few_shot_open_book,2,1,"음주 전과 1회, 혈중알코올농도 0.083%, 운전거리 매우 짧음(약 5m), 범행연도 2021, 동일유형 재범(2회 이상)"
4605,gpt,few_shot_open_book,0,0,"음주 전과 불명, 혈중알코올농도 0.080%, 운전거리 0.1km, 범행연도 2019, 차종 준대형승용차"
4606,gpt,few_shot_open_book,3,2,"음주 전과 불상, 혈중알코올농도 0.228%, 운전거리 3.0km, 범행연도 2021, 차종 승용차"
4608,gpt,few_shot_open_book,2,1,"음주 전과 불명, 혈중알코올농도 0.174%, 운전거리 0.5km, 범행연도 2021, 차종 SUV"
4609,gpt,few_shot_open_book,2,2,"음주 전과 불명, 혈중알코올농도 0.209%, 운전거리 1.0km, 범행연도 2021, 차종 승용차"
4610,gpt,few_shot_open_book,2,2,"음주 전과 2회, 혈중알코올농도 0.105%, 운전거리 매우 짧음(약 3m), 범행연도 2019, 동종 누범(2회 이상)"
4611,gpt,few_shot_open_book,2,2,"음주 전과 2회, 혈중알코올농도 0.196%, 운전거리 매우 짧음(약 10m), 범행연도 2019, 차종 SUV"
4612,gpt,few_shot_open_book,3,3,"동종 전과 다수(벌금 2회+집행유예 1회), 누범에 가까운 전력, 혈중알코올농도 0.190%, 운전거리 2km, 범행연도 2020, 차량 승용차"
4613,gpt,few_shot_open_book,0,1,"음주 전과 불명, 혈중알코올농도 0.116%, 운전거리 0.03km, 범행연도 2021, 차종 화물차"
4614,gpt,few_shot_open_book,2,1,"음주 전과 불명(기재 없음), 혈중알코올농도 0.145%, 운전거리 8km, 범행연도 2021, 차종 승용차"
4615,gpt,few_shot_open_book,3,2,"음주 전과 2회(재범), 혈중알코올농도 0.153%, 운전거리 4.0km, 범행연도 2021, 차종 SUV"
4616,gpt,few_shot_open_book,3,1,"음주 전과 불명, 혈중알코올농도 0.149%, 운전거리 0.044km, 범행연도 2021, 차종 벤츠"
4617,gpt,few_shot_open_book,2,1,"음주 전과 불명, 혈중알코올농도 0.214%, 운전거리 0.2km, 범행연도 2021, 단거리·사고 없음"
4618,gpt,few_shot_open_book,3,2,"음주 전과 1회, 혈중알코올농도 0.112%, 운전거리 0.1km, 범행연도 2021, 재범(2회 이상)"
4619,gpt,few_shot_open_book,2,2,"음주 전과 1회, 혈중알코올농도 0.199%, 운전거리 6km, 재범(2회 이상), 범행연도 2021"
4620,gpt,few_shot_open_book,2,2,"음주 전과 1회, 혈중알코올농도 0.128%, 운전거리 0.1km, 범행연도 2021, 재범(2회 이상 위반)"
4621,gpt,few_shot_open_book,2,2,"음주 전과 1회, 혈중알코올농도 0.124%, 운전거리 5km, 범행연도 2021, 재범(2회 이상 위반)"
4622,gpt,few_shot_open_book,2,2,"음주 전과 1회, 혈중알코올농도 0.094%, 운전거리 5km, 범행연도 2021, 재범(2회 이상 위반)"
4623,gpt,few_shot_open_book,2,1,"음주 전과 불명, 혈중알코올농도 0.117%, 운전거리 2.0km, 범행연도 2021, 차종 SUV"
4624,gpt,few_shot_open_book,2,1,"음주 전과 불명, 혈중알코올농도 0.197%, 운전거리 0.7km, 범행연도 2021, 차종 대형 SUV"
4625,gpt,few_shot_open_book,2,1,"음주 전과 1회, 혈중알코올농도 0.075%, 운전거리 0.5km, 범행연도 2021, 동종 재범(2회 이상)"
4626,gpt,few_shot_open_book,0,2,"음주 전과 2회, 혈중알코올농도 0.186%, 운전거리 0.04km, 범행연도 2020, 차종 K3"
4627,gpt,few_shot_open_book,2,2,"음주 전과 3회, 혈중알코올농도 0.167%, 운전거리 10km, 범행연도 2020, 동종 누범(10년 내 전과 포함)"
4628,gpt,few_shot_open_book,2,2,"음주 전과 3회 이상, 혈중알코올농도 0.144%, 운전거리 1.0km, 범행연도 2021, 동종 누범 가능성"
4629,gpt,few_shot_open_book,0,2,"음주 전과 1회, 혈중알코올농도 0.103%, 운전거리 1.3km, 범행연도 2021, 화물차 운전"
4630,gpt,few_shot_open_book,2,3,"음주 전과 다수(3회 이상, 집행유예 전력 포함), 혈중알코올농도 0.276%, 운전거리 매우 짧음(약 5m), 범행연도 2020, 차종 화물차(포터)"
4631,gpt,few_shot_open_book,2,0,"음주 전과 1회(2009, 10년 경과), 혈중알코올농도 0.056%, 운전거리 0.1km, 범행연도 2021, 아파트 단지 내 단거리 운행"
4632,gpt,few_shot_open_book,2,3,"음주 전과 2회, 혈중알코올농도 0.180%, 운전거리 40km, 차종 대형 화물차, 범행연도 2020"
4633,gpt,few_shot_open_book,2,1,"음주 전과(기소유예 1회), 혈중알코올농도 0.097%, 운전거리 1km, 범행연도 2021, 차종 SUV"
4636,gpt,few_shot_open_book,3,3,"음주 전과 다수(4회 이상 및 집행유예 전력), 혈중알코올농도 0.099%, 운전거리 0.05km, 범행연도 2019, 동종 누범(재범)"
4637,gpt,few_shot_open_book,2,2,"음주 전과 1회, 혈중알코올농도 0.209%, 운전거리 0.28km, 범행연도 2020, 화물차 운전"
4638,gpt,few_shot_open_book,2,2,"음주 전과 2회(10년 내 재범), 혈중알코올농도 0.122%, 운전거리 0.1km, 범행연도 2021, 동종 누범(가중)"
4639,gpt,few_shot_open_book,2,2,"음주 전과 1회(재범), 혈중알코올농도 0.157%, 운전거리 0.1km, 범행연도 2021, 2회 이상 위반"
4640,gpt,few_shot_open_book,3,2,"음주 전과 다수(동종 누범, 집행유예 전력), 혈중알코올농도 0.190%, 운전거리 0.8km, 범행연도 2019, 차종 화물차"
4641,gpt,few_shot_open_book,2,2,"음주 전과 1회, 혈중알코올농도 0.187%, 운전거리 17km, 범행연도 2021, 재범(2회 이상 위반)"
4642,gpt,few_shot_open_book,2,2,"음주 전과 1회(집행유예 포함), 혈중알코올농도 0.156%, 운전거리 약 7-8km, 범행연도 2019, 동종 재범(2회 이상)"
4643,gpt,few_shot_open_book,2,1,"음주 전과 1회, 혈중알코올농도 0.077%, 운전거리 0.5km, 범행연도 2021, 재범(2회 위반)"
4644,gpt,few_shot_open_book,2,2,"음주 전과 2회, 혈중알코올농도 0.151%, 운전거리 2km, 범행연도 2021, 동종 누범(재범)"
4645,gpt,few_shot_open_book,2,2,"음주 전과 1회, 혈중알코올농도 0.120%, 운전거리 4km, 범행연도 2021, 재범(2회 이상 위반)"
4646,gpt,few_shot_open_book,0,1,"음주 전과 불명(기재 없음), 혈중알코올농도 0.103%, 운전거리 10.0km, 범행연도 2020, 차종 승용차"
4647,gpt,few_shot_open_book,2,2,"음주 전과 1회, 혈중알코올농도 0.095%, 운전거리 15km, 범행연도 2020, 차량 승용차"
4648,gpt,few_shot_open_book,2,1,"음주 전과 정보 없음, 혈중알코올농도 0.127%, 운전거리 0.5km, 범행연도 2021, 차종 이륜자동차"
4649,gpt,few_shot_open_book,2,1,"음주 전과 3회(동종 전과 다수), 혈중알코올농도 0.072%, 운전거리 0.3km, 범행연도 2019, 재범(2회 이상 위반)"
4650,gpt,few_shot_open_book,2,2,"음주 전과 2회, 혈중알코올농도 0.086%, 운전거리 2.0km, 범행연도 2020, 재범(10년 내 동종)"
4651,gpt,few_shot_open_book,2,2,"음주 전과 1회, 혈중알코올농도 0.104%, 운전거리 10km, 범행연도 2021, 재범(2회 이상 위반)"
4652,gpt,few_shot_open_book,2,1,"음주 전과 정보 없음, 혈중알코올농도 0.155%, 운전거리 0.3km, 범행연도 2021, 차종 BMW 520d"
4653,gpt,few_shot_open_book,2,2,"음주 전과 1회, 혈중알코올농도 0.105%, 운전거리 7m, 범행연도 2019, 차종 승용차"
4655,gpt,few_shot_open_book,2,1,"음주 전과 불명, 혈중알코올농도 0.236%, 운전거리 0.3km, 범행연도 2020, 차종 원동기장치자전거"
4656,gpt,few_shot_open_book,2,2,"음주 전과 1회, 혈중알코올농도 0.103%, 운전거리 0.5km, 범행연도 2021, 재범(2회 이상 위반)"
4657,gpt,few_shot_open_book,3,2,"음주 전과 1회, 혈중알코올농도 0.181%, 운전거리 1km, 범행연도 2020, 차종 SUV"
4659,gpt,few_shot_open_book,3,1,"음주 전과 1회(오래된 전과), 혈중알코올농도 0.120%, 운전거리 0.3km, 범행연도 2019, 차종 승합차"
4660,gpt,few_shot_open_book,2,1,"음주 전과 1회, 혈중알코올농도 0.078%, 운전거리 2.0km, 범행연도 2021, 재범(2회 이상 위반)"
4661,gpt,few_shot_open_book,1,1,"음주 전과 불명(기재 없음), 혈중알코올농도 0.122%, 운전거리 0.8km, 범행연도 2019, 차종 SUV"
4662,gpt,few_shot_open_book,3,2,"음주 전과 1회, 혈중알코올농도 0.129%, 운전거리 5km, 범행연도 2021, 재범(2회 위반)"
4663,gpt,few_shot_open_book,3,3,"동종 전과 3회, 혈중알코올농도 0.208%, 운전거리 2km, 범행연도 2021, 재범(2회 이상 위반)"
4665,gpt,few_shot_open_book,2,0,"음주 전과 1회(10년 초과 경과), 혈중알코올농도 0.039%, 운전거리 2km, 범행연도 2021, 재범이지만 수치 하한대 및 거리 단거리"
4666,gpt,few_shot_open_book,2,2,"음주 전과 1회, 혈중알코올농도 0.205%, 운전거리 0.1km, 범행연도 2020, 2회 이상 위반"
4667,gpt,few_shot_open_book,1,0,"음주 전과 불명(기재 없음), 혈중알코올농도 0.05~0.092%, 운전거리 약 20m, 범행연도 2019, 차종 승용차"
4668,gpt,few_shot_open_book,2,1,"음주 전과 1회(경미, 10년 이상 경과), 혈중알코올농도 0.097%, 운전거리 5m(아주 짧음), 범행연도 2019, 장소(주차장 내)"
4669,gpt,few_shot_open_book,3,2,"음주 전과 1회, 혈중알코올농도 0.244%, 운전거리 0.03km, 범행연도 2020, 차종 오토바이"
4670,gpt,few_shot_open_book,2,2,"음주 전과 1회, 혈중알코올농도 0.105%, 운전거리 10km, 범행연도 2020, 화물차 운전"
4671,gpt,few_shot_open_book,3,2,"음주 전과 2회, 혈중알코올농도 0.158%, 운전거리 0.2km, 범행연도 2021, 동종 누범(2회 이상 위반)"
4672,gpt,few_shot_open_book,1,0,"음주 전과 불명(기재 없음), 혈중알코올농도 0.038%, 운전거리 1.8km, 범행연도 2021, 차종 화물차(포터2)"
4673,gpt,few_shot_open_book,3,1,"음주 전과 2회(재범, 10년 내 1회 해당 가능성), 혈중알코올농도 0.049%, 운전거리 0.5km, 범행연도 2021, 차종 승용차"
4675,gpt,few_shot_open_book,2,2,"음주 전과 1회, 동일일 2회 운전, 혈중알코올농도 0.211% 및 0.248%, 운전거리 각 1km, 범행연도 2020, 차종 승용차"
4676,gpt,few_shot_open_book,2,1,"음주 전과 불명(기재 없음), 혈중알코올농도 0.150%, 운전거리 4km, 범행연도 2021, 차종 SUV"
4677,gpt,few_shot_open_book,0,0,"음주 전과 1회(오래 경과), 혈중알코올농도 0.055%, 운전거리 1km, 범행연도 2020, 차종 SUV"
4679,gpt,few_shot_open_book,2,2,"음주 전과 1회, 혈중알코올농도 0.08%, 운전거리 10km, 범행연도 2021"
4681,gpt,few_shot_open_book,2,2,"음주 전과 1회(재범), 혈중알코올농도 0.208%, 운전거리 매우 짧음(약 20m), 범행연도 2021, 차종 승용차"
4683,gpt,few_shot_open_book,2,2,"음주 전과 1회, 혈중알코올농도 0.093%, 운전거리 3.8km, 범행연도 2021"
4684,gpt,few_shot_open_book,2,2,"음주 전과 불명(기재 없음), 혈중알코올농도 0.283%, 운전거리 1.0km, 범행연도 2021, 차종 승용차"
4685,gpt,few_shot_open_book,2,1,"음주 전과 3회(동종 누범 취지), 혈중알코올농도 0.034%, 운전거리 12km, 범행연도 2019, 차량 차종 SM6"
4687,gpt,few_shot_open_book,2,1,"음주 전과 2회, 혈중알코올농도 0.095%, 운전거리 4.5km, 범행연도 2019, 차종(화물: 포터Ⅱ)"
4688,gpt,few_shot_open_book,2,0,"음주 전과 1회, 혈중알코올농도 0.073%, 운전거리 0.05km, 범행연도 2021, 단거리·위험도 낮음"
4689,gpt,few_shot_open_book,2,1,"음주 전과 1회(오래된 2007년), 혈중알코올농도 0.101%, 운전거리 0.191km, 범행연도 2020, 차종 승용차"
4690,gpt,few_shot_open_book,2,1,"음주 전과 1회, 혈중알코올농도 0.079%, 운전거리 2km, 범행연도 2021, 2회 위반"
4693,gpt,few_shot_open_book,0,1,"음주 전과 2회(10년 초과), 혈중알코올농도 0.076%, 운전거리 10km, 범행연도 2020, 차종 SUV"
4694,gpt,few_shot_open_book,2,1,"음주 전과 불명, 혈중알코올농도 0.168%, 운전거리 5.0km, 범행연도 2021, 차종 승용차"
4695,gpt,few_shot_open_book,2,2,"음주 전과 1회(오래전), 혈중알코올농도 0.213%, 운전거리 5.0km, 범행연도 2020, 이종 전과 실형 후 3년 내 범행"
4696,gpt,few_shot_open_book,0,2,"음주 전과 1회, 혈중알코올농도 0.195%, 운전거리 0.6km, 범행연도 2020, 화물차 운전"
4697,gpt,few_shot_open_book,2,2,"음주 전과 2회, 혈중알코올농도 0.239%, 운전거리 0.03km, 범행연도 2021"
4698,gpt,few_shot_open_book,2,2,"음주 전과 1회(기소유예 포함), 혈중알코올농도 0.251%, 운전거리 0.05km, 범행연도 2020, 고알콜 재범(10년 내 재범 아님)"
4699,gpt,few_shot_open_book,2,2,"음주 전과 2회, 혈중알코올농도 0.158%, 운전거리 17km, 범행연도 2020, 차종 SUV"
4701,gpt,few_shot_open_book,0,0,"음주 전과 불명(기재 없음), 혈중알코올농도 0.043%, 운전거리 3m(극히 짧음, 도로교통상 위험 낮음), 범행연도 2019, 차종 소형(모닝)"
4702,gpt,few_shot_open_book,2,2,"음주 전과 1회, 혈중알코올농도 0.132%, 운전거리 1.0km, 범행연도 2021, 재범(2회 이상 위반)"
4703,gpt,few_shot_open_book,2,1,"음주 전과 2회(2008 징역 집유, 2015 벌금), 혈중알코올농도 0.156%, 운전거리 0.05km, 범행연도 2020, 주차장 단거리 운전"
4704,gpt,few_shot_open_book,3,1,"음주 전과 1회, 혈중알코올농도 0.083%, 운전거리 0.02km, 범행연도 2019, 운전위험 낮음 (매우 짧은 거리)"
4705,gpt,few_shot_open_book,2,1,"음주 전과 1회, 혈중알코올농도 0.067%, 운전거리 4km, 범행연도 2020, 재범(2회 이상 위반)"
4706,gpt,few_shot_open_book,3,2,"음주 전과 다수(4회 이상, 실형 전력 포함), 혈중알코올농도 0.079%, 운전거리 약 15m(매우 짧음), 범행연도 2020, 동종 누범(재범)"
4707,gpt,few_shot_open_book,0,1,"음주 전과 1회(측정거부, 2006년), 혈중알코올농도 0.131%, 운전거리 3km, 범행연도 2019, 차종(그랜저)"
4708,gpt,few_shot_open_book,2,2,"음주 전과 1회, 혈중알코올농도 0.198%, 운전거리 0.3km, 범행연도 2020"
4709,gpt,few_shot_open_book,2,1,"음주 전과 2회(오래된), 혈중알코올농도 0.062%, 운전거리 1.5km, 범행연도 2019, 승용차"
4710,gpt,few_shot_open_book,0,1,"음주 전과 1회(장기 경과), 혈중알코올농도 0.073%, 운전거리 2km, 범행연도 2020, 동종 재범(2회 이상 위반)"
4711,gpt,few_shot_open_book,2,1,"음주 전과 1회(오랜 기간 경과), 혈중알코올농도 0.097%, 운전거리 2m(매우 단거리), 범행연도 2021"
4713,gpt,few_shot_open_book,2,2,"음주 전과 2회, 혈중알코올농도 0.148%, 운전거리 6km, 범행연도 2021, 차종 이륜차(125cc)"
4714,gpt,few_shot_open_book,2,2,"음주 전과 1회, 혈중알코올농도 0.185%, 운전거리 0.5km, 범행연도 2021, 반복범행(2회 이상 위반)"
4715,gpt,few_shot_open_book,0,2,"음주 전과 1회, 혈중알코올농도 0.203%, 운전거리 0.1km, 범행연도 2020"
4716,gpt,few_shot_open_book,2,1,"음주 전과 1회, 혈중알코올농도 0.058%, 운전거리 11.0km, 범행연도 2021, 차종 화물차"
4717,gpt,few_shot_open_book,2,1,"음주 전과 2회, 혈중알코올농도 0.047%, 운전거리 1.0km, 범행연도 2021, 재범(10년 내)"
4718,gpt,few_shot_open_book,2,2,"음주 전과 2회, 혈중알코올농도 0.107%, 운전거리 1.0km, 범행연도 2021, 2회 이상 위반(가중)"
4720,gpt,few_shot_open_book,2,2,"음주 전과 1회, 혈중알코올농도 0.189%, 운전거리 0.8km, 범행연도 2020, 차종 이륜차"
4721,gpt,few_shot_open_book,1,0,"음주 전과 불명(기재없음), 혈중알코올농도 0.063%, 운전거리 7km, 범행연도 2021, 차종 승용차"
4722,gpt,few_shot_open_book,0,2,"음주 전과 1회, 혈중알코올농도 0.131%, 운전거리 7km, 범행연도 2020, 차종 화물(봉고3 냉동차)"
4724,gpt,few_shot_open_book,0,2,"음주 전과 1회, 혈중알코올농도 0.192%, 운전거리 2.4km, 범행연도 2020, 재범(2회 이상 위반)"
4725,gpt,few_shot_open_book,2,1,"음주 전과 불명, 혈중알코올농도 0.158%, 운전거리 2.0km, 범행연도 2021, 차종 소형 승용차"
4726,gpt,few_shot_open_book,2,0,"음주 전과 1회(2006, 10년 초과 경과), 혈중알코올농도 0.075%, 운전거리 1km, 범행연도 2019, 차종 승용차"
4727,gpt,few_shot_open_book,2,2,"음주 전과 2회(집행유예 포함), 혈중알코올농도 0.108%, 운전거리 1km, 범행연도 2019, 누범 경력(동종 전과 다수)"
4728,gpt,few_shot_open_book,1,2,"음주 전과 2회, 혈중알코올농도 0.264%, 운전거리 0.35km, 범행연도 2019, 차종 대형 세단"
4729,gpt,few_shot_open_book,2,2,"음주 전과 3회 이상, 혈중알코올농도 0.195%, 운전거리 1.0km, 범행연도 2021, 재범(2회 이상 위반)"
4730,gpt,few_shot_open_book,3,2,"음주 전과 1회, 혈중알코올농도 0.211%, 운전거리 11km, 범행연도 2021"
4731,gpt,few_shot_open_book,3,2,"음주 전과 2회(재범), 혈중알코올농도 0.116% 및 0.1%, 동종 누범으로 2회 위반, 운전거리 합계 약 8km+5m, 범행연도 2021"
4732,gpt,few_shot_open_book,2,1,"음주 전과 불명, 혈중알코올농도 0.104%, 운전거리 1.0km, 범행연도 2021"
4733,gpt,few_shot_open_book,2,2,"음주 전과 2회, 혈중알코올농도 0.179%, 운전거리 2km, 범행연도 2021, 승합차(스타렉스)"
4734,gpt,few_shot_open_book,2,1,"음주 전과 불명(기재 없음), 혈중알코올농도 0.138%, 운전거리 2km, 범행연도 2021, 차종 승용차"
4735,gpt,few_shot_open_book,2,2,"음주 전과 1회(재범), 혈중알코올농도 0.125%, 운전거리 1km, 범행연도 2020, 차량 일반 승용차"
4736,gpt,few_shot_open_book,2,2,"음주 전과 불명, 혈중알코올농도 0.219%, 운전거리 1.0km, 범행연도 2021, 차종 화물차량"
4737,gpt,few_shot_open_book,1,1,"음주 전과 불명, 혈중알코올농도 0.108%, 운전거리 1.0km, 범행연도 2020, 차종 화물차"
4738,gpt,few_shot_open_book,1,1,"음주 전과 불명, 혈중알코올농도 0.146%, 운전거리 2.0km, 범행연도 2021, 차종 SUV"
4739,gpt,few_shot_open_book,2,2,"다수의 음주 전과(벌금·집유 포함), 혈중알코올농도 0.109%, 운전거리 7km, 누범적 경향, 범행연도 2020"
4740,gpt,few_shot_open_book,0,2,"음주 전과 1회, 혈중알코올농도 0.122%, 운전거리 3.0km, 범행연도 2019, 재범(2회 이상 위반)"
4741,gpt,few_shot_open_book,2,2,"음주 전과 1회, 혈중알코올농도 0.132%, 운전거리 0.5km, 범행연도 2020, 재범(2회 위반)"
4742,gpt,few_shot_open_book,2,0,"음주 전과 1회(오래된 2008년), 혈중알코올농도 0.044%, 운전거리 0.2km, 범행연도 2019, 차종 승용차(SM5)"
4743,gpt,few_shot_open_book,2,1,"음주 전과 1회, 혈중알코올농도 0.098%, 운전거리 0.005km, 범행연도 2021, 차종 승용차"
4745,gpt,few_shot_open_book,2,2,"음주 전과 2회(동종 전과), 혈중알코올농도 0.124%, 운전거리 30km, 범행연도 2021, 장거리 운전으로 위험성 높음"
4746,gpt,few_shot_open_book,0,2,"음주 전과(동종 전과 없음, 이종 전과 있음), 혈중알코올농도 0.218%, 운전거리 1.0km, 범행연도 2021, 차종 이륜차"
4747,gpt,few_shot_open_book,2,2,"음주 전과 1회, 혈중알코올농도 0.109%, 운전거리 0.3km, 범행연도 2021, 재범(2회 이상 위반)"
4748,gpt,few_shot_open_book,3,2,"음주 전과 2회, 혈중알코올농도 0.108%, 운전거리 0.5km, 범행연도 2020, 화물차량 운전"
4749,gpt,few_shot_open_book,1,1,"음주 전과 불명, 혈중알코올농도 0.178%, 운전거리 15km, 범행연도 2021, 차종 승용차"
4750,gpt,few_shot_open_book,0,1,"음주 전과 1회, 혈중알코올농도 0.042%, 운전거리 2km, 범행연도 2020, 재범(2회 이상 위반)"
4751,gpt,few_shot_open_book,2,1,"음주 전과 2회, 혈중알코올농도 0.079%, 운전거리 0.5km, 범행연도 2020, 차종 화물차"
4753,gpt,few_shot_open_book,2,1,"음주 전과 1회, 혈중알코올농도 0.048%, 운전거리 1.5km, 범행연도 2021"
4754,gpt,few_shot_open_book,3,1,"음주 전과 2회, 혈중알코올농도 0.078%, 운전거리 0.03km, 범행연도 2020, 재범(동종 누범 아님)"
4755,gpt,few_shot_open_book,2,1,"음주 전과 불명, 혈중알코올농도 0.164%, 운전거리 0.1km, 범행연도 2021, 차종(원동기장치자전거)"
4756,gpt,few_shot_open_book,3,2,"음주 전과 2회, 혈중알코올농도 0.214%, 운전거리 2km, 범행연도 2021, 차종 화물차"
4757,gpt,few_shot_open_book,2,1,"음주 전과 불명, 혈중알코올농도 0.132%, 운전거리 0.14km, 범행연도 2020, 차종 승용차"
4758,gpt,few_shot_open_book,0,2,"음주 전과 1회, 혈중알코올농도 0.155%, 운전거리 6.0km, 범행연도 2020, 차종 승용차"
4759,gpt,few_shot_open_book,0,2,"음주 전과 2회(측정거부 포함), 혈중알코올농도 0.150%, 운전거리 0.3km, 범행연도 2021, 재범(2회 이상 위반)"
4760,gpt,few_shot_open_book,2,2,"음주 전과 1회, 혈중알코올농도 0.115%, 운전거리 0.001km, 범행연도 2021"
4761,gpt,few_shot_open_book,1,2,"음주 전과 2회, 혈중알코올농도 0.123%, 운전거리 2.0km, 범행연도 2019, 차종(아반떼)"
4762,gpt,few_shot_open_book,2,1,"음주 전과 다수(2001~2003 벌금 3회, 2018 기소유예), 혈중알코올농도 0.046%, 운전거리 5km, 범행연도 2021, 차종 화물차"
4763,gpt,few_shot_open_book,2,2,"음주 전과 1회, 혈중알코올농도 0.118%, 운전거리 3km, 범행연도 2021, 재범(2회 이상 위반)"
4764,gpt,few_shot_open_book,0,0,"음주 전과 불명(기재 없음), 혈중알코올농도 0.054%, 운전거리 0.023km, 범행연도 2019, 차종 고급 승용차"
4765,gpt,few_shot_open_book,2,2,"음주 전과 2회, 혈중알코올농도 0.096%, 운전거리 0.5km, 범행연도 2020"
4766,gpt,few_shot_open_book,2,2,"음주 전과 1회, 혈중알코올농도 0.119%, 운전거리 0.5km, 범행연도 2020, 차종 승용차"
4767,gpt,few_shot_open_book,2,2,"음주 전과 2회, 혈중알코올농도 0.153%, 운전거리 0.08km, 범행연도 2021, 차종 화물(포터Ⅱ)"
4768,gpt,few_shot_open_book,1,0,"음주 전과 불상(없음 추정), 혈중알코올농도 0.095%, 운전거리 0.7km, 범행연도 2021, 차종 승용차"
4769,gpt,few_shot_open_book,2,2,"음주 전과 1회(재범), 혈중알코올농도 0.104%, 운전거리 0.05km, 범행연도 2021, 차종 승용차"
4770,gpt,few_shot_open_book,2,1,"음주 전과 1회, 혈중알코올농도 0.089%, 운전거리 0.6km, 범행연도 2020, 차종 화물차"
4771,gpt,few_shot_open_book,0,2,"음주 전과 1회, 혈중알코올농도 0.117%, 운전거리 12km, 재범(2회 이상), 범행연도 2021"
4772,gpt,few_shot_open_book,2,1,"음주 전과 2회, 혈중알코올농도 0.068%, 운전거리 0.642km, 범행연도 2021, 동종 누범(10년 내 재범 해당 여부 불명)"
4773,gpt,few_shot_open_book,2,1,"음주 전과 2회(5년 초과 경과), 혈중알코올농도 0.077%, 운전거리 0.05km, 범행연도 2019, 단속수치 낮고 거리 극히 짧음"
4774,gpt,few_shot_open_book,3,2,"음주 전과 1회(집행유예 포함), 혈중알코올농도 0.199%, 운전거리 1.6km, 범행연도 2021, 차종(승합차)"
4775,gpt,few_shot_open_book,2,1,"음주 전과 1회(장기 경과), 혈중알코올농도 0.097%, 운전거리 0.1km, 범행연도 2019, 차종 승용차"
4776,gpt,few_shot_open_book,0,0,"음주 전과 정보 없음, 혈중알코올농도 0.091%, 운전거리 0.5km, 범행연도 2020, 차종 승용차"
4778,gpt,few_shot_open_book,0,0,"음주 전과 정보 없음, 혈중알코올농도 0.063%, 운전거리 1km, 범행연도 2020, 차종 승용차"
4779,gpt,few_shot_open_book,2,2,"음주 전과 1회, 혈중알코올농도 0.186%, 운전거리 0.05km, 범행연도 2021, 재범(2회 이상 위반)"
4780,gpt,few_shot_open_book,2,1,"음주 전과 불명(기재 없음), 혈중알코올농도 0.139%, 운전거리 2.0km, 범행연도 2021, 차종 SUV"
4782,gpt,few_shot_open_book,2,2,"음주 전과 1회, 혈중알코올농도 0.114%, 운전거리 0.5km, 범행연도 2020, 2회 이상 위반(가중)"
4783,gpt,few_shot_open_book,2,0,"음주 전과 불명(기재 없음), 혈중알코올농도 0.092%, 운전거리 0.7km, 범행연도 2021, 차종 화물차"
4784,gpt,few_shot_open_book,0,2,"음주 전과 2회, 혈중알코올농도 0.156%, 운전거리 1.0km, 범행연도 2020, 차종 승용차"
4785,gpt,few_shot_open_book,2,1,"음주 전과 불명(기재 없음), 혈중알코올농도 0.160%, 운전거리 1.0km, 범행연도 2021, 차종 경차"
4786,gpt,few_shot_open_book,2,2,"음주 전과 불명, 혈중알코올농도 0.241%, 운전거리 35.5km, 범행연도 2021, 차종 승용차"
4787,gpt,few_shot_open_book,0,1,"음주 전과 2회(오래된 전력), 혈중알코올농도 0.081%, 운전거리 1.0km, 범행연도 2020, 차종 승용차"
4788,gpt,few_shot_open_book,2,1,"음주 전과 불명, 혈중알코올농도 0.116%, 운전거리 0.1km, 범행연도 2021, 차종 SUV"
4789,gpt,few_shot_open_book,2,2,"음주 전과 2회(동종 누범), 혈중알코올농도 0.177%, 운전거리 0.3km, 범행연도 2019, 차종 승용차"
4790,gpt,few_shot_open_book,2,1,"음주 전과 불명(기재 없음), 혈중알코올농도 0.215%, 운전거리 7.0km, 범행연도 2020, 차종 소형 SUV"
4791,gpt,few_shot_open_book,1,1,"음주 전과 불명(기재 없음), 혈중알코올농도 0.131%, 운전거리 0.5km, 범행연도 2021, 차종 이륜자동차"
4792,gpt,few_shot_open_book,3,2,"음주 전과 1회, 혈중알코올농도 0.289%, 운전거리 0.15km, 범행연도 2020, 차종 승용차"
4793,gpt,few_shot_open_book,0,0,"음주 전과 정보 부재, 혈중알코올농도 0.095%, 운전거리 0.2km, 범행연도 2020, 차종 승용차"
4794,gpt,few_shot_open_book,2,2,"음주 전과 1회, 혈중알코올농도 0.221%, 운전거리 0.05km, 범행연도 2019, 재범(2회 이상 위반)"
4795,gpt,few_shot_open_book,2,0,"음주 전과 1회(2014, 6년 경과), 혈중알코올농도 0.049%, 운전거리 4km, 범행연도 2020, 재범이지만 장기 경과 및 저농도"
4796,gpt,few_shot_open_book,2,2,"음주 전과 2회(재범), 혈중알코올농도 0.091%, 운전거리 3km, 범행연도 2021, 10년 이내 동종 전과 해당 여부 불명(다회 전력으로 가중)"
4797,gpt,few_shot_open_book,2,2,"음주 전과 2회(동종 누범), 혈중알코올농도 0.098%, 운전거리 0.7km, 범행연도 2021, 10년 내 재범(가중)"
4798,gpt,few_shot_open_book,2,1,"음주 전과 불명(기재 없음), 혈중알코올농도 0.125%, 운전거리 0.5km, 차종 화물차, 범행연도 2019"
4799,gpt,few_shot_open_book,2,1,"음주 전과 1회(재범), 혈중알코올농도 0.075%, 운전거리 0.5km, 범행연도 2021, 차종 승용차"
4800,gpt,few_shot_open_book,2,2,"음주 전과 1회, 혈중알코올농도 0.147%, 운전거리 1.0km, 범행연도 2020, 재범(2회 이상 위반)"
4801,gpt,few_shot_open_book,0,0,"음주 전과 1회(2007, 10년 경과), 혈중알코올농도 0.043%, 운전거리 15km, 범행연도 2021, 차종 승용차"
4802,gpt,few_shot_open_book,0,0,"음주 전과 불명(기재 없음), 혈중알코올농도 0.191%, 운전거리 9.0km, 범행연도 2020, 차종 이륜자동차(오토바이)"
4803,gpt,few_shot_open_book,2,2,"음주 전과 2회, 혈중알코올농도 0.150%, 운전거리 0.82km, 범행연도 2020, 동종 재범(2회 이상)"
4804,gpt,few_shot_open_book,2,1,"음주 전과 정보 부재(초범 추정), 혈중알코올농도 0.131%, 운전거리 5km, 범행연도 2021, 차종 승용차"
4805,gpt,few_shot_open_book,2,1,"음주 전과 2회(오래전), 혈중알코올농도 0.129%, 운전거리 0.191km, 범행연도 2021, 아파트 단지 내 저위험 구간"
4807,gpt,few_shot_open_book,2,2,"음주 전과 불상, 혈중알코올농도 0.192%, 운전거리 13km, 범행연도 2021, 차종 대형 세단"
4808,gpt,few_shot_open_book,2,1,"음주 전과 1회, 혈중알코올농도 0.082%, 운전거리 0.04km, 범행연도 2019, 단거리·무사고"
4809,gpt,few_shot_open_book,2,1,"음주 전과 불명(기재 없음), 혈중알코올농도 0.235%, 운전거리 6.0km, 범행연도 2021, 차종 화물차"
4810,gpt,few_shot_open_book,0,2,"음주 전과 1회, 혈중알코올농도 0.150%, 운전거리 16km, 범행연도 2020"
4811,gpt,few_shot_open_book,2,2,"음주 전과 1회, 혈중알코올농도 0.137%, 운전거리 2km, 범행연도 2020, 동종 재범(10년 내)"
4812,gpt,few_shot_open_book,0,0,"음주 전과 불명(기재 없음), 혈중알코올농도 0.099%, 운전거리 0.5km, 범행연도 2019, 차종 승용차"
4813,gpt,few_shot_open_book,1,1,"음주 전과 불명, 혈중알코올농도 0.161%, 운전거리 20.0km, 범행연도 2019, 차종 승용차"
4814,gpt,few_shot_open_book,0,0,"음주 전과 1회(오래된 전과), 혈중알코올농도 0.048%, 운전거리 1km, 범행연도 2020, 초과기준 하한구간(0.03~0.08%)로 벌금 가능성 높음"
4815,gpt,few_shot_open_book,2,2,"음주 전과 2회(1회 집행유예 포함), 혈중알코올농도 0.167%, 운전거리 0.08km, 범행연도 2021, 동종 누범"
4816,gpt,few_shot_open_book,0,0,"음주 전과 불명, 혈중알코올농도 0.121%, 운전거리 0.01km, 범행연도 2007, 차종 승용차"
4817,gpt,few_shot_open_book,0,1,"음주 전과 불상, 혈중알코올농도 0.125%, 운전거리 0.05km, 범행연도 2021, 차종 승용차"
4819,gpt,few_shot_open_book,2,2,"음주 전과 1회, 혈중알코올농도 0.110%, 운전거리 7km, 범행연도 2020, 차종 승용차"
4820,gpt,few_shot_open_book,3,2,"음주 전과 1회, 혈중알코올농도 0.163%, 운전거리 1.0km, 범행연도 2020, 차종 승용차"
4821,gpt,few_shot_open_book,2,1,"음주 전과 1회(2008), 혈중알코올농도 0.160%, 운전거리 0.3km, 범행연도 2019, 차종 화물차"
4822,gpt,few_shot_open_book,2,2,"음주 전과 2회, 혈중알코올농도 0.088%, 운전거리 4.0km, 범행연도 2020, 동종 누범(재범)"
4823,gpt,few_shot_open_book,1,2,"음주 전과 1회, 혈중알코올농도 0.158%, 운전거리 5.0km, 범행연도 2019, 차종 승용차"
4824,gpt,few_shot_open_book,2,2,"음주 전과 1회, 혈중알코올농도 0.098%, 운전거리 3.0km, 범행연도 2021"
4825,gpt,few_shot_open_book,2,1,"음주 전과 정보 없음, 혈중알코올농도 0.17%, 운전거리 1.5km, 범행연도 2021, 차종 화물차"
4826,gpt,few_shot_open_book,2,2,"음주 전과 1회(재범), 혈중알코올농도 0.116%, 운전거리 20km, 범행연도 2021, 차종 SUV"
4827,gpt,few_shot_open_book,0,1,"음주 전과 2회(재범), 혈중알코올농도 0.045%, 운전거리 4km, 범행연도 2021, 승용차 운전"
4828,gpt,few_shot_open_book,2,1,"음주 전과 1회(오래전, 2008년), 혈중알코올농도 0.119%, 운전거리 4km, 범행연도 2020, 차종 SUV"
4829,gpt,few_shot_open_book,2,3,"음주 전과 1회, 혈중알코올농도 0.203%, 운전거리 4km, 범행연도 2020, 재범(10년 내 동종)"
4830,gpt,few_shot_open_book,1,1,"음주 전과 불명, 혈중알코올농도 0.141%, 운전거리 1.0km, 범행연도 2021, 차종 벤츠"
4831,gpt,few_shot_open_book,2,1,"음주 전과 정보 없음, 혈중알코올농도 0.116%, 운전거리 1.0km, 범행연도 2021, 차종 SUV"
4832,gpt,few_shot_open_book,0,1,"음주 전과 불명(기재 없음), 혈중알코올농도 0.116%, 운전거리 2km, 범행연도 2021, 차종 화물차"
4833,gpt,few_shot_open_book,2,2,"음주 전과 1회, 혈중알코올농도 0.153%, 운전거리 20km, 범행연도 2020, 재범(2회 이상 위반)"
4834,gpt,few_shot_open_book,2,1,"음주 전과 1회, 혈중알코올농도 0.056%, 운전거리 2km, 범행연도 2021, 재범(2회 이상 위반)"
4835,gpt,few_shot_open_book,2,0,"음주 전과 1회, 혈중알코올농도 0.040%, 운전거리 0.5km, 범행연도 2020, 장기 경과 전과(7년 전)"
4836,gpt,few_shot_open_book,2,2,"음주 전과 1회, 혈중알코올농도 0.252%, 운전거리 0.66km, 범행연도 2020, 재범(2회 이상 위반)"
4837,gpt,few_shot_open_book,2,3,"음주 전과 2회, 혈중알코올농도 0.205%, 운전거리 1.5km, 범행연도 2020, 동종 재범(2회 이상)"
4838,gpt,few_shot_open_book,2,2,"음주 전과 2회, 혈중알코올농도 0.113%, 운전거리 17km, 범행연도 2021, 차종 승용차"
4839,gpt,few_shot_open_book,2,2,"음주 전과 1회, 혈중알코올농도 0.167%, 운전거리 0.28km, 범행연도 2020"
4840,gpt,few_shot_open_book,2,2,"음주 전과 1회(음주측정거부), 혈중알코올농도 0.181%, 운전거리 1km, 화물차, 범행연도 2021"
4841,gpt,few_shot_open_book,2,1,"음주 전과 1회, 혈중알코올농도 0.070%, 운전거리 0.6km, 범행연도 2021, 재범(10년 초과 전과)"
4842,gpt,few_shot_open_book,2,2,"음주 전과 2회, 혈중알코올농도 0.120%, 운전거리 2.0km, 범행연도 2020, 동종 재범(10년 이내 2회 이상 위반)"
4843,gpt,few_shot_open_book,3,3,"음주 전과 다수(벌금 2회+징역 집유 1회), 혈중알코올농도 0.262%, 운전거리 0.6km, 범행연도 2020, 동종 누범"
4846,gpt,few_shot_open_book,2,1,"음주 전과 불명(기재 없음), 혈중알코올농도 0.144%, 운전거리 5.0km, 범행연도 2021"
4847,gpt,few_shot_open_book,2,2,"음주 전과 1회, 혈중알코올농도 0.177%, 운전거리 0.1km, 범행연도 2019, 차종 벤츠"
4849,gpt,few_shot_open_book,3,2,"음주 전과 2회, 혈중알코올농도 0.149%, 운전거리 2km, 범행연도 2019, 동종누범(재범)"
4850,gpt,few_shot_open_book,2,1,"음주 전과 1회, 혈중알코올농도 0.063%, 운전거리 0.1km, 범행연도 2020, 재범(2회 이상)"
4851,gpt,few_shot_open_book,2,2,"음주 전과 1회, 혈중알코올농도 0.238%, 운전거리 0.002km, 범행연도 2021, 차종 화물차"
4852,gpt,few_shot_open_book,3,1,"음주 전과 2회, 혈중알코올농도 0.061%, 운전거리 극히 짧음(약 3m), 범행연도 2021, 외제 승용차 운전"
4853,gpt,few_shot_open_book,2,2,"음주 전과 1회, 혈중알코올농도 0.093%, 운전거리 0.2km, 범행연도 2020"
4854,gpt,few_shot_open_book,2,1,"음주 전과 1회, 혈중알코올농도 0.067%, 운전거리 1.2km, 범행연도 2021, 2회 위반(재범)"
4855,gpt,few_shot_open_book,2,1,"음주 전과 2회, 혈중알코올농도 0.084%, 운전거리 2.0km, 범행연도 2020, 반복범행(2회 이상 위반)"
4858,gpt,few_shot_open_book,2,1,"음주 전과 1회, 혈중알코올농도 0.089%, 운전거리 0.7km, 범행연도 2020, 화물차 운전"
4859,gpt,few_shot_open_book,2,2,"음주 전과 1회, 혈중알코올농도 0.176%, 운전거리 1km, 범행연도 2021, 재범(2회 이상 위반)"
4860,gpt,few_shot_open_book,2,2,"음주 전과 2회, 혈중알코올농도 0.179%, 운전거리 0.3km, 범행연도 2020, 재범(2회 이상 위반)"
4861,gpt,few_shot_open_book,1,0,"음주 전과 불명, 혈중알코올농도 0.047%, 운전거리 0.7km, 범행연도 2021, 차종 승용차"
4862,gpt,few_shot_open_book,0,2,"음주 전과 2회, 혈중알코올농도 0.145%, 운전거리 0.1km, 범행연도 2021, 차종 화물차"
4863,gpt,few_shot_open_book,2,1,"음주 전과 2회(측정거부 포함), 혈중알코올농도 0.052%, 운전거리 4.4km, 범행연도 2020, 재범(동종 누범에 근접)"
4864,gpt,few_shot_open_book,2,2,"음주 전과 불명(기재 없음), 혈중알코올농도 0.213%, 운전거리 9.2km, 범행연도 2020, 차종 승용차"
4865,gpt,few_shot_open_book,2,2,"음주 전과 1회, 혈중알코올농도 0.179%, 운전거리 0.459km, 범행연도 2021, 차종 승용차"
4866,gpt,few_shot_open_book,1,1,"음주 전과 불명(기재 없음), 혈중알코올농도 0.097%, 운전거리 0.005km, 범행연도 2021, 차종 승용차"
4868,gpt,few_shot_open_book,0,1,"음주 전과 1회, 혈중알코올농도 0.093%, 운전거리 0.03km, 범행연도 2021, 차종 SUV"
4869,gpt,few_shot_open_book,2,2,"음주 전과 1회, 혈중알코올농도 0.101%, 운전거리 0.1km, 범행연도 2021"
4870,gpt,few_shot_open_book,2,2,"음주 전과 1회, 혈중알코올농도 0.126%, 운전거리 10km, 범행연도 2020, 차종 대형세단"
4871,gpt,few_shot_open_book,2,2,"음주 전과 1회, 혈중알코올농도 0.346%, 운전거리 0.9km, 범행연도 2021, 차종(원동기장치자전거)"
4872,gpt,few_shot_open_book,2,2,"음주 전과 1회(최근 6개월 내), 혈중알코올농도 0.085%, 운전거리 5km, 범행연도 2021, 재범(10년 내)"
4873,gpt,few_shot_open_book,2,1,"음주 전과 불명(기재 없음), 혈중알코올농도 0.137%, 운전거리 1.5km, 범행연도 2021, 차종 화물차"
4874,gpt,few_shot_open_book,1,1,"음주 전과 2회(동종, 10년 초과 경과), 혈중알코올농도 0.117%, 운전거리 5m, 범행연도 2019, 차종 승합차"
4875,gpt,few_shot_open_book,3,2,"음주 전과 2회, 혈중알코올농도 0.153%, 운전거리 0.7km, 범행연도 2020, 화물차 운전"
4876,gpt,few_shot_open_book,2,1,"음주 전과 1회, 혈중알코올농도 0.059%, 운전거리 0.3km, 범행연도 2020, 초범 아님으로 징역 선택 가능 영역"
4877,gpt,few_shot_open_book,2,1,"음주 전과 다수(3회, 재범), 혈중알코올농도 0.062%, 운전거리 0.67km, 범행연도 2021, 동종 누범(2회 이상 위반)"
4879,gpt,few_shot_open_book,3,3,"음주 전과 3회 이상(집행유예 전력 포함), 혈중알코올농도 0.120%, 운전거리 4.0km, 차종 화물차, 범행연도 2019"
4880,gpt,few_shot_open_book,2,1,"음주 전과 불명(기재 없음), 혈중알코올농도 0.144%, 운전거리 0.15km, 범행연도 2021, 차종 승합차"
4881,gpt,few_shot_open_book,0,0,"음주 전과 불명(기재 없음), 혈중알코올농도 0.053%, 운전거리 0.5km, 범행연도 2021, 차종 화물차"
4882,gpt,few_shot_open_book,2,1,"음주 전과 1회, 혈중알코올농도 0.115%, 운전거리 1km, 범행연도 2019, 차종 소형 승용차"
4883,gpt,few_shot_open_book,2,1,"음주 전과 1회, 혈중알코올농도 0.078%, 운전거리 0.01km, 범행연도 2020, 초단거리·위험도 낮음"
4884,gpt,few_shot_open_book,3,1,"음주 전과 2회(재범, 10년 내 포함), 혈중알코올농도 0.056%, 운전거리 6.2km, 범행연도 2021, 동종 누범(가중)"
4885,gpt,few_shot_open_book,2,2,"음주 전과 2회, 혈중알코올농도 0.136%, 운전거리 4km, 범행연도 2021, 차량종류 승용차"
4886,gpt,few_shot_open_book,2,2,"다수의 동종 전과, 혈중알코올농도 0.141%, 운전거리 1.6km, 범행연도 2021, 차종 화물차"
4887,gpt,few_shot_open_book,0,1,"음주 전과 2회, 혈중알코올농도 0.068%, 운전거리 0.1km, 범행연도 2020, 차종(원동기장치자전거)"
4888,gpt,few_shot_open_book,0,1,"음주 전과 불명(기재 없음), 혈중알코올농도 0.128%, 운전거리 0.03km, 범행연도 2021, 차종 승용차"
4890,gpt,few_shot_open_book,0,2,"음주 전과 1회, 혈중알코올농도 0.144%, 운전거리 7km, 범행연도 2020, 차종 승용차"
4891,gpt,few_shot_open_book,2,2,"음주 전과 1회, 혈중알코올농도 0.128%, 운전거리 0.2km, 범행연도 2020, 차종 승용차"
4892,gpt,few_shot_open_book,2,2,"음주 전과 1회, 혈중알코올농도 0.138%, 운전거리 1.0km, 범행연도 2019, 차종 화물차"
4893,gpt,few_shot_open_book,2,2,"음주 전과 1회, 혈중알코올농도 0.152%, 운전거리 30km, 범행연도 2020, 재범(2회 이상 위반)"
4894,gpt,few_shot_open_book,0,0,"음주 전과 1회(오랜 기간 경과), 혈중알코올농도 0.030%, 운전거리 10km, 범행연도 2021, 차종 화물차"
4895,gpt,few_shot_open_book,2,2,"음주 전과 1회, 혈중알코올농도 0.096%, 운전거리 0.3km, 범행연도 2020, 외제 승용차 운전"
4897,gpt,few_shot_open_book,2,2,"음주 전과 불명, 혈중알코올농도 0.201%, 운전거리 0.5km, 범행연도 2021, 차종 소형 승용차"
4898,gpt,few_shot_open_book,2,1,"음주 전과 불명(기재 없음), 혈중알코올농도 0.182%, 운전거리 9km, 범행연도 2021, 차종 승용차"
4899,gpt,few_shot_open_book,2,2,"음주 전과 1회(재범), 혈중알코올농도 0.170%, 운전거리 0.03km, 범행연도 2021, 차종(화물차)"
4900,gpt,few_shot_open_book,1,1,"음주 전과 불명(기재 없음), 혈중알코올농도 0.137%, 운전거리 4.0km, 범행연도 2020, 차종 승용차"
4901,gpt,few_shot_open_book,2,1,"음주 전과 1회, 혈중알코올농도 0.064%, 운전거리 3km, 범행연도 2021, 동종 재범(2회 위반)"
4902,gpt,few_shot_open_book,0,2,"음주 전과 1회, 혈중알코올농도 0.098%, 운전거리 0.8km, 범행연도 2021, 재범(2회 이상 위반)"
4903,gpt,few_shot_open_book,2,3,"음주 전과 다수(벌금 2회+집행유예 1회), 혈중알코올농도 0.152%, 운전거리 0.65km, 범행연도 2020, 차종 화물차"
4904,gpt,few_shot_open_book,2,0,"음주 전과 1회(오래된 2009년), 혈중알코올농도 0.041%, 운전거리 3km, 범행연도 2020, 차종 승용차"
4905,gpt,few_shot_open_book,0,1,"음주 전과 불명, 혈중알코올농도 0.230%, 운전거리 0.005km, 범행연도 2020, 차종 화물차"
4906,gpt,few_shot_open_book,2,2,"음주 전과 1회(재범), 혈중알코올농도 0.274%(만취), 운전거리 매우 짧음(약 22m), 범행연도 2021, 차종 화물(포터Ⅱ)"
4907,gpt,few_shot_open_book,3,2,"음주 전과 1회, 혈중알코올농도 0.218%, 운전거리 3km, 범행연도 2021, 재범(2회 이상 위반)"
4908,gpt,few_shot_open_book,2,1,"음주 전과 2회, 혈중알코올농도 0.089%, 운전거리 1m, 범행연도 2020, 차종 승용차"
4909,gpt,few_shot_open_book,1,1,"음주 전과 불명(기재 없음), 혈중알코올농도 0.122%, 운전거리 0.2km, 범행연도 2021, 차종 승용차"
4910,gpt,few_shot_open_book,2,2,"음주 전과 1회, 혈중알코올농도 0.212%, 운전거리 3.6km, 범행연도 2021, 차종 승용차"
4911,gpt,few_shot_open_book,2,1,"음주 전과 불명(없음 추정), 혈중알코올농도 0.121%, 운전거리 3km, 범행연도 2021, 차종 벤츠"
4912,gpt,few_shot_open_book,3,2,"음주 전과 2회, 혈중알코올농도 0.148%, 운전거리 2.0km, 범행연도 2020, 동종 누범(10년 내 재범)"
4913,gpt,few_shot_open_book,1,0,"음주 전과 불명(기재 없음), 혈중알코올농도 0.060%, 운전거리 2km, 범행연도 2021, 차종 화물자동차"
4914,gpt,few_shot_open_book,3,1,"음주 전과 불명, 혈중알코올농도 0.112%, 운전거리 0.6km, 범행연도 2021, 차종 대형 SUV"
4915,gpt,few_shot_open_book,2,3,"동종 전과 다수(2018 벌금 2회, 2019 음주측정거부 집행유예), 혈중알코올농도 0.160%, 운전거리 0.15km, 범행연도 2020, 누범 위험성 높음"
4916,gpt,few_shot_open_book,2,2,"음주 전과 1회, 혈중알코올농도 0.248%, 운전거리 2.0km, 범행연도 2019, 차종(승용차)"
4917,gpt,few_shot_open_book,2,1,"음주 전과 1회(오래된 전력), 혈중알코올농도 0.126%, 운전거리 0.9km, 범행연도 2020"
4918,gpt,few_shot_open_book,3,3,"음주 전과 다수(4회, 집행유예 전력 포함), 혈중알코올농도 0.151%·0.142%, 운전거리 단거리이나 2회 적발(연속 범행), 범행연도 2021, 차종 SUV"
4919,gpt,few_shot_open_book,2,2,"음주 전과 1회, 혈중알코올농도 0.140%, 운전거리 7km, 범행연도 2020, 승용차 운전"
4920,gpt,few_shot_open_book,2,2,"음주 전과 1회, 혈중알코올농도 0.193%, 운전거리 3km, 범행연도 2020, 재범(2회 이상 위반)"
4921,gpt,few_shot_open_book,2,1,"음주 전과 1회(최근 2년 이내), 혈중알코올농도 0.043%, 운전거리 3km, 차종 화물차, 범행연도 2021"
4923,gpt,few_shot_open_book,3,1,"음주 전과 3회 이상(동종 전과), 혈중알코올농도 0.074%, 운전거리 3km, 범행연도 2019, 누범기간 경과(최근 전과 5년 초과)"
4924,gpt,few_shot_open_book,2,2,"음주 전과 2회, 혈중알코올농도 0.144%, 운전거리 1km, 범행연도 2021, 동종 누범(10년 내 재범)"
4925,gpt,few_shot_open_book,2,1,"음주 전과 1회, 혈중알코올농도 0.089%, 운전거리 1km, 범행연도 2020, 차종 승합차"
4926,gpt,few_shot_open_book,2,1,"음주 전과 1회(2007, 10년 초과 경과), 혈중알코올농도 0.160%, 운전거리 2km, 범행연도 2021, 차종 승용차"
4927,gpt,few_shot_open_book,2,2,"음주 전과 1회, 혈중알코올농도 0.124%, 운전거리 0.8km, 범행연도 2021, 차종(원동기장치자전거)"
4928,gpt,few_shot_open_book,2,2,"음주 전과 2회, 혈중알코올농도 0.114%, 운전거리 3km, 범행연도 2019, 차종 승용차"
4929,gpt,few_shot_open_book,2,1,"음주 전과 불명, 혈중알코올농도 0.211%, 운전거리 1.0km, 범행연도 2020, 차종 승용차"
4930,gpt,few_shot_open_book,2,2,"음주 전과 2회(음주운전, 음주측정거부), 혈중알코올농도 0.142%, 운전거리 0.1km, 범행연도 2021, 재범(2회 이상 위반)"
4931,gpt,few_shot_open_book,0,0,"음주 전과 불명(기재 없음), 혈중알코올농도 0.090%, 운전거리 1m, 범행연도 2021, 차종 SUV"
4932,gpt,few_shot_open_book,2,2,"음주 전과 2회(음주운전 2009, 측정거부 2012), 혈중알코올농도 0.113%, 운전거리 0.2km, 범행연도 2021"
4933,gpt,few_shot_open_book,1,1,"음주 전과 언급 없음, 혈중알코올농도 0.157%, 운전거리 2km, 범행연도 2021, 차종 일반 승용차"
4934,gpt,few_shot_open_book,2,1,"음주 전과 1회(오래전), 혈중알코올농도 0.097%, 운전거리 60km, 범행연도 2019, 승합차 운전"
4935,gpt,few_shot_open_book,1,1,"음주 전과 불명(기재 없음), 혈중알코올농도 0.124%, 운전거리 1.0km, 범행연도 2021, 차종 승용차"
4936,gpt,few_shot_open_book,2,2,"음주 전과 1회(음주측정거부), 혈중알코올농도 0.149%, 운전거리 2.5km, 범행연도 2021, 재범(2회 이상 위반)"
4937,gpt,few_shot_open_book,2,1,"음주 전과 불명(기재 없음), 혈중알코올농도 0.141%, 운전거리 0.08km, 범행연도 2021, 차종 SUV"
4938,gpt,few_shot_open_book,2,0,"음주 전과 1회(오래된 전력), 혈중알코올농도 0.037%, 운전거리 0.6km, 차종 화물차, 범행연도 2020"
4939,gpt,few_shot_open_book,2,2,"음주 전과 1회, 혈중알코올농도 0.144%, 운전거리 5km, 범행연도 2020, 차종 승용차"
4940,gpt,few_shot_open_book,2,2,"음주 전과 1회, 혈중알코올농도 0.107%, 운전거리 5km, 범행연도 2020, 차종 승용차"
4941,gpt,few_shot_open_book,2,2,"음주 전과 3회, 혈중알코올농도 0.104%, 운전거리 0.7km, 범행연도 2020, 동종 누범(재범)"
4942,gpt,few_shot_open_book,2,2,"음주 전과 1회, 혈중알코올농도 0.159%, 운전거리 3.6km, 범행연도 2021, 재범(2회 이상 위반)"
4943,gpt,few_shot_open_book,2,1,"음주 전과 불상, 혈중알코올농도 0.156%, 운전거리 0.2km, 범행연도 2021, 차종 승용차"
4944,gpt,few_shot_open_book,2,2,"음주 전과 불명, 혈중알코올농도 0.200%, 운전거리 1.0km, 범행연도 2021, 차종 경차"
4945,gpt,few_shot_open_book,0,2,"음주 전과 1회, 혈중알코올농도 0.140%, 운전거리 17km, 범행연도 2021, 차종 SUV"
4946,gpt,few_shot_open_book,3,3,"동종 전과 다수(벌금 2회, 집행유예 1회), 혈중알코올농도 0.120%, 운전거리 28km, 범행연도 2019, 중한 재범 위험"
4947,gpt,few_shot_open_book,0,2,"음주 전과 1회, 혈중알코올농도 0.156%, 운전거리 3km, 범행연도 2020, 차종(벤츠 E220)"
4948,gpt,few_shot_open_book,2,2,"음주 전과 1회(측정거부), 혈중알코올농도 0.147%, 운전거리 8km, 차종 화물차, 범행연도 2020"
4949,gpt,few_shot_open_book,2,2,"음주 전과 1회, 혈중알코올농도 0.126%, 운전거리 2km, 범행연도 2021, 재범(2회 이상 위반)"
4950,gpt,few_shot_open_book,2,1,"음주 전과 2회, 혈중알코올농도 0.049%, 운전거리 0.2km, 범행연도 2019, 차종 SUV"
4951,gpt,few_shot_open_book,3,2,"음주 전과 2회, 혈중알코올농도 0.144%, 운전거리 1.4km, 범행연도 2021, 동종 누범(재범)"
4952,gpt,few_shot_open_book,2,1,"음주 전과 불명(기재 없음), 혈중알코올농도 0.114%, 운전거리 0.3km, 범행연도 2021, 차종 대형 세단(G90)"
4953,gpt,few_shot_open_book,3,2,"음주 전과 2회, 혈중알코올농도 0.136%, 운전거리 0.5km, 범행연도 2020, 동종누범(10년 내 재범 해당 여부 불명이나 2회 이상 위반)"
4954,gpt,few_shot_open_book,2,0,"음주 전과 1회(2012, 10년 경과), 혈중알코올농도 0.042%, 운전거리 0.3km, 범행연도 2021, 초과누범 아님(10년 경과)"
4955,gpt,few_shot_open_book,0,1,"음주 전과 1회, 혈중알코올농도 0.067%, 운전거리 0.5km, 범행연도 2020, 재범(10년 내)"
4956,gpt,few_shot_open_book,0,1,"음주 전과 불명, 혈중알코올농도 0.138%, 운전거리 0.3km, 범행연도 2020, 차종 승용차"
4957,gpt,few_shot_open_book,0,2,"음주 전과 1회, 혈중알코올농도 0.166%, 운전거리 0.3km, 범행연도 2020, 차종 승용차"
4959,gpt,few_shot_open_book,2,1,"음주 전과 1회, 혈중알코올농도 0.114%, 운전거리 0.01km, 범행연도 2021, 주차장 내 단거리 운전"
4961,gpt,few_shot_open_book,2,1,"음주 전과 2회, 혈중알코올농도 0.052%, 운전거리 0.5km, 범행연도 2019, 동종 누범(재범)"
4962,gpt,few_shot_open_book,2,1,"음주 전과 불명, 혈중알코올농도 0.108%, 운전거리 0.1km, 범행연도 2021, 차종 승용차"
4963,gpt,few_shot_open_book,2,1,"음주 전과 기재 없음, 혈중알코올농도 0.118%, 운전거리 7km, 범행연도 2021, 차종 대형 SUV"
4964,gpt,few_shot_open_book,2,2,"음주 전과 1회, 혈중알코올농도 0.127%, 운전거리 2.0km, 범행연도 2019"
4965,gpt,few_shot_open_book,2,2,"음주 전과 불명(기재 없음), 혈중알코올농도 0.244%, 운전거리 0.3km, 범행연도 2021, 차종 승용차"
4966,gpt,few_shot_open_book,2,1,"음주 전과 2회, 혈중알코올농도 0.052%, 운전거리 0.5km, 범행연도 2019, 재범 간격(2017→2019) 짧음"
4967,gpt,few_shot_open_book,0,1,"음주 전과 불명(기재없음), 혈중알코올농도 0.171%, 운전거리 4km, 범행연도 2018, 차종 택시(영업용)"
4968,gpt,few_shot_open_book,2,2,"음주 전과 1회, 혈중알코올농도 0.169%, 운전거리 2.5km, 범행연도 2020, 차종 승용차"
4970,gpt,few_shot_open_book,0,2,"음주 전과 1회, 혈중알코올농도 0.124%, 운전거리 13km, 범행연도 2021, 재범(2회 이상 위반)"
4971,gpt,few_shot_open_book,2,1,"음주 전과 1회, 혈중알코올농도 0.066%, 운전거리 0.03km, 범행연도 2021, 차종(모닝)"
4972,gpt,few_shot_open_book,2,2,"음주 전과 다수(3회), 혈중알코올농도 0.127%, 운전거리 2.0km, 범행연도 2020, 동종 누범(재범)"
4973,gpt,few_shot_open_book,0,2,"음주 전과 2회, 혈중알코올농도 0.162%, 운전거리 5km, 범행연도 2021"
4974,gpt,few_shot_open_book,2,2,"음주 전과 1회(재범), 혈중알코올농도 0.090%, 운전거리 0.025km(매우 짧음), 범행연도 2020, 차종 승용차"
4975,gpt,few_shot_open_book,2,1,"음주 전과 1회(10년 경과), 혈중알코올농도 0.088%, 운전거리 0.5km, 범행연도 2020, 초범에 준하는 경과기간 및 낮은 운전거리"
4976,gpt,few_shot_open_book,2,1,"음주 전과 2회, 혈중알코올농도 0.070%, 운전거리 0.05km, 범행연도 2021, 차종 수입승용차"
4977,gpt,few_shot_open_book,0,1,"음주 전과 1회(집행유예 포함), 혈중알코올농도 0.073%, 운전거리 1km, 범행연도 2020, 재범(10년 이내 여부 불명)"
4978,gpt,few_shot_open_book,0,1,"음주 전과 1회, 혈중알코올농도 0.078%, 운전거리 1.0km, 차종 화물, 범행연도 2020"
4979,gpt,few_shot_open_book,1,1,"음주 전과 0회, 혈중알코올농도 0.171%, 운전거리 2.0km, 범행연도 2021, 차종 화물차"
4980,gpt,few_shot_open_book,2,2,"음주 전과 2회, 혈중알코올농도 0.139%, 운전거리 2km, 범행연도 2019, 10년 내 재범(가중)"
4981,gpt,few_shot_open_book,0,2,"음주 전과 1회(측정거부), 혈중알코올농도 0.206%, 운전거리 1.0km, 범행연도 2020, 재범(2회 이상 위반)"
4982,gpt,few_shot_open_book,2,2,"음주 전과 2회, 혈중알코올농도 0.199%, 운전거리 2km, 범행연도 2020, 재범(2회 이상 위반)"
4983,gpt,few_shot_open_book,2,3,"음주 전과 다수(3회 이상, 집행유예 전력 포함), 혈중알코올농도 0.107%, 운전거리 1km, 범행연도 2020, 동종 누범(재범)"
4984,gpt,few_shot_open_book,2,3,"음주 전과 2회(음주운전 1, 측정거부 1), 혈중알코올농도 0.213%, 운전거리 2km, 범행연도 2020, 재범(10년 내 동종전과 포함)"
4985,gpt,few_shot_open_book,2,2,"음주 전과 1회, 혈중알코올농도 0.142%, 운전거리 20km, 범행연도 2021, 재범(2회 이상 위반)"
4986,gpt,few_shot_open_book,2,1,"음주 전과 불명, 혈중알코올농도 0.098%, 운전거리 15km, 범행연도 2020, 차종(승용차)"
4988,gpt,few_shot_open_book,2,2,"음주 전과 다수(벌금 2회+집행유예 1회), 혈중알코올농도 0.097%, 운전거리 4km, 누범에 가까운 재범, 범행연도 2020"
4989,gpt,few_shot_open_book,2,2,"음주 전과 1회(재범), 혈중알코올농도 0.123%, 운전거리 매우 짧음(약 50m), 범행연도 2021, 차종 승합차"
4990,gpt,few_shot_open_book,0,1,"음주 전과 1회(장기간 경과), 혈중알코올농도 0.152%, 운전거리 0.05km, 범행연도 2020, 차종 승용차"
4991,gpt,few_shot_open_book,2,2,"음주 전과 1회, 혈중알코올농도 0.133%, 운전거리 20km, 범행연도 2021, 반복위반(2회 이상)"
4992,gpt,few_shot_open_book,2,1,"음주 전과 2회(동종 누범), 혈중알코올농도 0.052%, 운전거리 3km, 범행연도 2021, 반복위반(2회 이상)"
4993,gpt,few_shot_open_book,0,2,"음주 전과 1회, 혈중알코올농도 0.139%, 운전거리 0.33km, 범행연도 2020, 2회 이상 위반(가중)"
4994,gpt,few_shot_open_book,2,2,"음주 전과 2회, 혈중알코올농도 0.095%, 운전거리 0.7km, 범행연도 2021, 동종 누범 가능성"
4995,gpt,few_shot_open_book,2,1,"음주 전과 1회(동종 재범), 혈중알코올농도 0.055%, 운전거리 1km, 범행연도 2021, 10년 내 재범 여부 불명(전과 확정일과 간격 불명)"
4997,gpt,few_shot_open_book,3,2,"음주 전과 2회, 혈중알코올농도 0.169%, 운전거리 5km, 범행연도 2020, 동종 누범(10년 내 재범)"
4998,gpt,few_shot_open_book,2,2,"음주 전과 1회, 혈중알코올농도 0.235%, 운전거리 0.7km, 범행연도 2019, 차종 SUV"
4999,gpt,few_shot_open_book,1,1,"음주 전과 불명(기재 없음), 혈중알코올농도 0.123%, 운전거리 35.0km, 범행연도 2021, 차종 승용차"
5000,gpt,few_shot_open_book,2,0,"음주 전과 2회(오래된 전과), 혈중알코올농도 0.032%(최저구간), 운전거리 15km, 범행연도 2021, 재범(2회 이상 위반)"
5001,gpt,few_shot_open_book,2,1,"음주 전과 1회, 혈중알코올농도 0.068%, 운전거리 0.15km, 범행연도 2020, 단거리 운전"
5002,gpt,few_shot_open_book,2,2,"음주 전과 1회, 혈중알코올농도 0.147%, 운전거리 4km, 범행연도 2021, 차종(화물차)"
5003,gpt,few_shot_open_book,2,1,"음주 전과 1회, 혈중알코올농도 0.105%, 운전거리 0.2km, 범행연도 2020, 단거리 운전"
5004,gpt,few_shot_open_book,2,2,"다수 음주 전과(4회 벌금·1회 집행유예), 혈중알코올농도 0.059%, 운전거리 32km, 범행연도 2021, 동종 누범(재범)"
5005,gpt,few_shot_open_book,2,2,"음주 전과 1회, 혈중알코올농도 0.120%, 운전거리 0.1km, 범행연도 2021, 재범(2회 이상 위반)"
5007,gpt,few_shot_open_book,2,0,"음주 전과 1회, 혈중알코올농도 0.031%, 운전거리 20km, 범행연도 2019, 차종 소형 승용차"
5010,gpt,few_shot_open_book,2,0,"음주 전과 정보 없음, 혈중알코올농도 0.064%, 운전거리 0.5km, 범행연도 2021, 차종 승용차"
5011,gpt,few_shot_open_book,2,2,"음주 전과 불명, 혈중알코올농도 0.216%, 운전거리 0.1km, 범행연도 2021, 차종 오토바이"
5012,gpt,few_shot_open_book,3,2,"음주 전과 다수(벌금 2회+집행유예 1회), 혈중알코올농도 0.164%, 운전거리 0.15km, 범행연도 2021, 동종 누범(2회 이상 위반)"
5013,gpt,few_shot_open_book,3,2,"음주 전과 1회, 혈중알코올농도 0.262%, 운전거리 0.5km, 범행연도 2019"
5014,gpt,few_shot_open_book,1,1,"음주 전과 불명, 혈중알코올농도 0.106%, 운전거리 30.0km, 범행연도 2020, 차종 SUV"
5015,gpt,few_shot_open_book,3,1,"음주 전과 2회(집행유예 포함, 3년 초과 경과), 혈중알코올농도 0.064%, 운전거리 0.7km, 범행연도 2020, 차종 SUV"
5016,gpt,few_shot_open_book,0,2,"음주 전과 불명, 혈중알코올농도 0.223%, 운전거리 15km, 범행연도 2021, 차종 화물차"
5017,gpt,few_shot_open_book,2,1,"음주 전과 1회(10년 초과 경과), 혈중알코올농도 0.105%, 운전거리 0.2km, 범행연도 2020, 차종 승용차"
5018,gpt,few_shot_open_book,1,0,"음주 전과 불명(기재 없음), 혈중알코올농도 0.083%(경계), 운전거리 2km, 범행연도 2021, 차종 승용차"
5020,gpt,few_shot_open_book,2,2,"음주 전과 1회, 혈중알코올농도 0.082%, 운전거리 2km, 범행연도 2021"
5021,gpt,few_shot_open_book,2,1,"음주 전과 불명, 혈중알코올농도 0.150%, 운전거리 4km, 차종 화물차, 범행연도 2021"
5022,gpt,few_shot_open_book,0,2,"음주 전과 1회, 혈중알코올농도 0.129%, 운전거리 20km, 범행연도 2020, 차종 승용차"
5023,gpt,few_shot_open_book,0,1,"음주 전과 불명, 혈중알코올농도 0.245%, 운전거리 3km, 범행연도 2013, 차종 승용차"
5024,gpt,few_shot_open_book,2,2,"음주 전과 1회, 혈중알코올농도 0.138%, 운전거리 0.3km, 범행연도 2020, 차종 승용차"
5025,gpt,few_shot_open_book,2,2,"음주 전과 1회, 혈중알코올농도 0.158%, 운전거리 4km, 범행연도 2021, 재범(2회 이상 위반)"
5026,gpt,few_shot_open_book,2,2,"음주 전과 1회, 혈중알코올농도 0.188%, 운전거리 1.0km, 범행연도 2021, 2회 이상 위반"
5027,gpt,few_shot_open_book,2,1,"음주 전과 불명(기재 없음), 혈중알코올농도 0.149%, 운전거리 18km, 차종 화물차, 범행연도 2021"
5029,gpt,few_shot_open_book,1,1,"음주 전과 불상, 혈중알코올농도 0.121%, 운전거리 0.1km, 범행연도 2021, 차종 소형승용"
5030,gpt,few_shot_open_book,2,2,"음주 전과 1회, 혈중알코올농도 0.126%, 운전거리 3km, 범행연도 2020, 반복위반(2회 이상)"
5031,gpt,few_shot_open_book,2,1,"음주 전과 1회, 혈중알코올농도 0.068%, 운전거리 0.3km, 범행연도 2020, 재범(2회 이상 위반)"
5032,gpt,few_shot_open_book,2,3,"음주 전과 3회 이상, 혈중알코올농도 0.221%, 운전거리 0.8km, 범행연도 2021, 차종 승용차"
5033,gpt,few_shot_open_book,2,1,"음주 전과 2회, 혈중알코올농도 0.140%, 운전거리 0.5km, 범행연도 2019, 동종 누범 적발 간격 장기"
5034,gpt,few_shot_open_book,2,1,"음주 전과 0회, 혈중알코올농도 0.178%, 운전거리 3.6km, 범행연도 2021, 차종 승용차"
5035,gpt,few_shot_open_book,2,1,"음주 전과 불명, 혈중알코올농도 0.132%, 운전거리 13km, 범행연도 2021, 차종 화물차"
5036,gpt,few_shot_open_book,3,1,"음주 전과 불명, 혈중알코올농도 0.236%, 운전거리 0.02km, 범행연도 2021, 차종 SUV"
5037,gpt,few_shot_open_book,2,3,"음주 전과 2회, 혈중알코올농도 0.247%, 운전거리 5.0km, 범행연도 2020, 차종 SUV"
5038,gpt,few_shot_open_book,2,2,"음주 전과 2회, 혈중알코올농도 0.148%, 운전거리 0.3km, 범행연도 2019, 차종 화물차"
5039,gpt,few_shot_open_book,0,1,"음주 전과 불명, 혈중알코올농도 0.144%, 운전거리 20km, 범행연도 2021, 차종 승용차"
5040,gpt,few_shot_open_book,2,2,"음주 전과 3회(집행유예 전력 포함), 혈중알코올농도 0.102%, 운전거리 1.5km, 범행연도 2020, 동종 누범(재범)"
5041,gpt,few_shot_open_book,2,1,"음주 전과 2회, 혈중알코올농도 0.209%, 운전거리 1m, 범행연도 2019"
5042,gpt,few_shot_open_book,2,1,"음주 전과 1회, 혈중알코올농도 0.051%, 운전거리 1km, 범행연도 2020, 재범(2회 위반)"
5043,gpt,few_shot_open_book,3,1,"음주 전과 불명, 혈중알코올농도 0.113%, 운전거리 3.0km, 범행연도 2021, 차종 SUV"
5044,gpt,few_shot_open_book,2,1,"음주 전과 불명, 혈중알코올농도 0.162%, 운전거리 0.4km, 범행연도 2021, 차종 카니발"
5045,gpt,few_shot_open_book,3,2,"음주 전과 1회, 혈중알코올농도 0.141%, 운전거리 4km, 범행연도 2021, 승용차량 운전"
5046,gpt,few_shot_open_book,0,1,"음주 전과 1회, 혈중알코올농도 0.124%, 운전거리 0.01km, 범행연도 2021"
5047,gpt,few_shot_open_book,2,1,"음주 전과 1회, 혈중알코올농도 0.078%, 운전거리 0.2km, 범행연도 2021, 차종(승용차)"
5048,gpt,few_shot_open_book,0,1,"음주 전과 불명, 혈중알코올농도 0.083%, 운전거리 25km, 범행연도 2021, 장거리 운전(도로교통 위험도 높음)"
5049,gpt,few_shot_open_book,2,2,"음주 전과 1회(집행유예 포함), 혈중알코올농도 0.085%, 운전거리 2km, 범행연도 2020, 재범(10년 이내 여부 불명이나 동종 전과 존재)"
5050,gpt,few_shot_open_book,1,0,"음주 전과 불명, 혈중알코올농도 0.065%, 운전거리 0.2km, 범행연도 2021, 차종 화물차"
5051,gpt,few_shot_open_book,2,1,"음주 전과 1회(오래전), 혈중알코올농도 0.087%, 운전거리 0.5km, 범행연도 2020, 차종(승용)"
5052,gpt,few_shot_open_book,2,2,"음주 전과 1회(2018 벌금 700만 원), 혈중알코올농도 0.141%, 운전거리 1km, 범행연도 2021, 차종 SUV"
5053,gpt,few_shot_open_book,2,2,"음주 전과 불명(기재 없음), 혈중알코올농도 0.305%, 운전거리 2.5km, 범행연도 2021, 차종 승용차"
5054,gpt,few_shot_open_book,0,1,"음주 전과 불상, 혈중알코올농도 0.134%, 운전거리 0.05km, 범행연도 2020, 차종(Q5)"
5055,gpt,few_shot_open_book,2,2,"음주 전과 1회, 혈중알코올농도 0.231%, 운전거리 1.5km, 범행연도 2021, 재범(2회 이상 위반)"
5056,gpt,few_shot_open_book,2,1,"음주 전과 3회(동종), 혈중알코올농도 0.073%, 운전거리 4km, 범행연도 2020, 반복범(2회 이상)"
5057,gpt,few_shot_open_book,2,2,"음주 전과 1회, 혈중알코올농도 0.208%, 운전거리 8km, 범행연도 2021, 차종(이륜차)"
5058,gpt,few_shot_open_book,1,1,"음주 전과 정보 없음, 혈중알코올농도 0.09%, 운전거리 2.8km, 범행연도 2021"
5059,gpt,few_shot_open_book,2,1,"음주 전과 1회, 혈중알코올농도 0.100%, 운전거리 0.1km, 범행연도 2020, 운전거리 매우 짧음"
5060,gpt,few_shot_open_book,2,2,"음주 전과 1회, 혈중알코올농도 0.130%, 운전거리 30km, 범행연도 2019, 장거리 운전"
5061,gpt,few_shot_open_book,2,2,"음주 전과 2회, 혈중알코올농도 0.113%, 운전거리 4.8km, 범행연도 2020, 동종 재범(2회 이상)"
5062,gpt,few_shot_open_book,2,0,"음주 전과 1회(2008, 10년 초과 경과), 혈중알코올농도 0.072%, 운전거리 0.5km, 범행연도 2019, 초범에 준하는 상태(동종 전과 시효 경과)"
5064,gpt,few_shot_open_book,2,2,"음주 전과 2회(동종), 혈중알코올농도 0.085%, 운전거리 3km, 범행연도 2020, 재범(2회 이상 위반)"
5065,gpt,few_shot_open_book,0,0,"음주 전과 불명(기재 없음), 혈중알코올농도 0.074%, 운전거리 0.1km, 범행연도 2020, 차종 승용차"
5066,gpt,few_shot_open_book,2,1,"음주 전과 2회(재범), 혈중알코올농도 0.061%, 운전거리 28km, 범행연도 2021, 장거리 운전"
5067,gpt,few_shot_open_book,2,2,"음주 전과 1회, 혈중알코올농도 0.226%, 운전거리 4.4km, 범행연도 2021, 차종 승용차"
5068,gpt,few_shot_open_book,2,2,"음주 전과 2회, 혈중알코올농도 0.102%, 운전거리 0.01km, 범행연도 2020, 동종 재범(10년 내 1회 포함)"
5069,gpt,few_shot_open_book,2,1,"음주 전과 1회(장기 경과), 혈중알코올농도 0.05%, 운전거리 1.2km, 범행연도 2020, 차종 승용차"
5070,gpt,few_shot_open_book,2,2,"음주 전과 2회, 혈중알코올농도 0.123%, 운전거리 0.5km, 범행연도 2019, 화물차 운전"
5071,gpt,few_shot_open_book,0,1,"음주 전과 불명, 혈중알코올농도 0.187%, 운전거리 0.5km, 범행연도 2020, 차종 승용차"
5072,gpt,few_shot_open_book,2,1,"음주 전과 1회, 혈중알코올농도 0.081%, 운전거리 0.015km, 범행연도 2021, 주차장 단거리 운전"
5073,gpt,few_shot_open_book,1,1,"음주 전과 불명, 혈중알코올농도 0.102%, 운전거리 0.01km, 범행연도 2021, 차종 승합차"
5074,gpt,few_shot_open_book,2,1,"음주 전과 불명(기재 없음), 혈중알코올농도 0.134%, 운전거리 2.8km, 범행연도 2021, 차종 승용차"
5075,gpt,few_shot_open_book,0,2,"음주 전과 1회, 혈중알코올농도 0.197%, 운전거리 0.2km, 범행연도 2020, 차종 SUV"
5076,gpt,few_shot_open_book,2,1,"음주 전과 불명, 혈중알코올농도 0.156%, 운전거리 0.005km, 범행연도 2021, 차종(그랜저)"
5077,gpt,few_shot_open_book,2,2,"음주 전과 1회, 혈중알코올농도 0.146%, 운전거리 0.2km, 범행연도 2020, 단거리 운전"
5078,gpt,few_shot_open_book,2,2,"음주 전과 1회, 혈중알코올농도 0.129%, 운전거리 23km, 범행연도 2021, 장거리 운전"
5079,gpt,few_shot_open_book,3,1,"음주 전과 불상, 혈중알코올농도 0.162%, 운전거리 0.2km, 범행연도 2021, 차종 승용차"
5080,gpt,few_shot_open_book,2,2,"음주 전과 1회, 혈중알코올농도 0.184%, 운전거리 0.05km, 범행연도 2020, 재범(10년 내)"
5081,gpt,few_shot_open_book,2,1,"음주 전과 2회, 혈중알코올농도 0.047%, 운전거리 0.05km, 범행연도 2019, 동종 누범(2회 이상 위반)"
5082,gpt,few_shot_open_book,2,1,"음주 전과 1회, 혈중알코올농도 0.067%, 운전거리 50km, 범행연도 2021, 차종 화물차"
5083,gpt,few_shot_open_book,3,3,"동종 전과 다수(벌금 2회+징역 집행유예 1회), 혈중알코올농도 0.140%, 운전거리 0.05km, 범행연도 2019, 누범적 재범(2회 이상 위반)"
5087,gpt,few_shot_open_book,0,1,"음주 전과 1회, 혈중알코올농도 0.073%, 운전거리 0.2km, 범행연도 2020, 차종 화물차"
5088,gpt,few_shot_open_book,2,2,"음주 전과 2회, 혈중알코올농도 0.147%, 운전거리 0.5km, 범행연도 2020, 차종 대형 SUV"
5089,gpt,few_shot_open_book,2,1,"음주 전과 1회, 혈중알코올농도 0.083%, 운전거리 0.1km, 범행연도 2019, 차종 승용차"
5090,gpt,few_shot_open_book,2,1,"음주 전과 3회(동종 누범), 혈중알코올농도 0.05%, 운전거리 5km, 범행연도 2020, 다회 재범으로 징역 권고 영역"
5092,gpt,few_shot_open_book,2,2,"음주 전과 1회, 혈중알코올농도 0.225%, 운전거리 2.0km, 범행연도 2021"
5093,gpt,few_shot_open_book,2,1,"음주 전과 1회, 혈중알코올농도 0.080%, 운전거리 0.2km, 범행연도 2020, 차종 승용차"
5094,gpt,few_shot_open_book,0,2,"음주 전과 1회(재범), 혈중알코올농도 0.130%, 운전거리 매우 짧음(~10m), 범행연도 2019, 차종 SUV"
5095,gpt,few_shot_open_book,0,1,"음주 전과 불명(기재 없음), 혈중알코올농도 0.130%, 운전거리 5.0km, 범행연도 2021, 차종 승용차"
5096,gpt,few_shot_open_book,1,0,"음주 전과 불명(기재 없음), 혈중알코올농도 0.076%, 운전거리 1.3km, 범행연도 2021, 차종 승용차"
5097,gpt,few_shot_open_book,0,2,"음주 전과 1회, 혈중알코올농도 0.210%, 운전거리 매우 짧음(약 2m), 범행연도 2020, 차종 승용차"
5098,gpt,few_shot_open_book,2,2,"음주 전과 1회, 혈중알코올농도 0.183%, 운전거리 4km, 범행연도 2019, 재범(2회 위반)"
5099,gpt,few_shot_open_book,2,1,"음주 전과 1회, 혈중알코올농도 0.075%, 운전거리 0.3km, 범행연도 2020, 재범(2회 이상 위반)"
5100,gpt,few_shot_open_book,2,2,"음주 전과 1회, 혈중알코올농도 0.184%, 운전거리 0.5km, 범행연도 2021, 차종 승합차(스타렉스)"
5101,gpt,few_shot_open_book,2,2,"음주 전과 1회, 혈중알코올농도 0.222%, 운전거리 8km, 범행연도 2021, 화물차(포터) 운전"
5102,gpt,few_shot_open_book,2,1,"음주 전과 2회(집행유예 전력 포함), 혈중알코올농도 0.037%, 운전거리 0.1km, 범행연도 2020, 동종 재범(10년 내)"
5103,gpt,few_shot_open_book,2,2,"음주 전과 불특정(기재 없음), 혈중알코올농도 0.234%, 운전거리 0.5km, 범행연도 2021, 차종 승용차"
5104,gpt,few_shot_open_book,2,2,"음주 전과 1회, 혈중알코올농도 0.140%, 운전거리 5.0km, 범행연도 2021, 차종 승용차"
5106,gpt,few_shot_open_book,2,2,"음주 전과 1회(측정거부), 혈중알코올농도 0.125%, 운전거리 0.3km, 범행연도 2021, 재범(10년 내 2회 이상 위반)"
5107,gpt,few_shot_open_book,2,3,"음주 전과 3회 이상, 혈중알코올농도 0.172%, 운전거리 0.01km, 범행연도 2021, 동종 누범(2회 이상 위반)"
5109,gpt,few_shot_open_book,3,2,"음주 전과 2회, 혈중알코올농도 0.121%, 운전거리 2.0km, 범행연도 2020, 동종 재범(2회 이상)"
5110,gpt,few_shot_open_book,2,2,"음주 전과 2회, 혈중알코올농도 0.215%, 운전거리 0.1km, 범행연도 2020, 동종 누범(재범)"
5111,gpt,few_shot_open_book,1,0,"음주 전과 불명, 혈중알코올농도 0.040%, 운전거리 3.5km, 범행연도 2021, 차종 이륜차"
5112,gpt,few_shot_open_book,2,2,"음주 전과 1회, 혈중알코올농도 0.192%, 운전거리 3km, 범행연도 2021, 재범(2회 이상 위반)"
5113,gpt,few_shot_open_book,2,2,"음주 전과 1회, 혈중알코올농도 0.236%, 운전거리 1.0km, 범행연도 2020, 재범(2회 위반)"
5114,gpt,few_shot_open_book,0,1,"음주 전과 불상, 혈중알코올농도 0.120%, 운전거리 13.0km, 범행연도 2020, 차종 고가 외제차"
5117,gpt,few_shot_open_book,2,2,"음주 전과 1회, 혈중알코올농도 0.080%, 운전거리 2km, 범행연도 2021, 재범(2회 이상 위반)"
5118,gpt,few_shot_open_book,3,2,"음주 전과 1회, 혈중알코올농도 0.213%, 운전거리 0.2km, 범행연도 2019"
5119,gpt,few_shot_open_book,2,1,"음주 전과 1회(장기 경과), 혈중알코올농도 0.128%, 운전거리 1.0km, 범행연도 2020, 차종 벤츠"
5120,gpt,few_shot_open_book,2,2,"음주 전과 1회, 혈중알코올농도 0.128%, 운전거리 12km, 범행연도 2020, 재범(2회 이상 위반)"
5121,gpt,few_shot_open_book,2,1,"음주 전과 1회, 혈중알코올농도 0.260%, 운전거리 0.01km(주차장 내), 범행연도 2021, 차종 승합차"
5123,gpt,few_shot_open_book,2,2,"음주 전과 1회, 혈중알코올농도 0.109%, 운전거리 19km, 범행연도 2020, 범행 부인 및 책임부정 시도"
5124,gpt,few_shot_open_book,3,2,"음주 전과 3회 이상(집유 포함), 혈중알코올농도 0.080%, 운전거리 0.7km, 범행연도 2021, 동종 누범 경합"
5125,gpt,few_shot_open_book,0,0,"음주 전과 1회(오래전, 10년 초과), 혈중알코올농도 0.040%, 운전거리 0.2km, 범행연도 2020, 차종 승용차"
5126,gpt,few_shot_open_book,2,2,"음주 전과 2회, 혈중알코올농도 0.139%, 운전거리 35km, 범행연도 2021, 장거리 운전으로 위험성 높음"
5127,gpt,few_shot_open_book,1,3,"음주 전과 2회 이상(동종 누범), 혈중알코올농도 0.192%, 운전거리 0.05km, 범행연도 2019, 차종 승용차"
5129,gpt,few_shot_open_book,2,1,"음주 전과 2회, 혈중알코올농도 0.037%, 운전거리 2.4km, 범행연도 2019, 동종 누범(2회 이상 위반)"
5130,gpt,few_shot_open_book,2,2,"음주 전과 1회, 혈중알코올농도 0.103%, 운전거리 6km, 범행연도 2020, 재범(2회 이상 위반)"
5131,gpt,few_shot_open_book,3,2,"음주 전과 다수(4회 이상, 집행유예 전력 포함), 혈중알코올농도 0.125%, 운전거리 0.2km, 범행연도 2019, 차종 승용차"
5133,gpt,few_shot_open_book,2,3,"음주 전과 다수(동종 누범 및 실형 전력), 혈중알코올농도 0.149%, 운전거리 3km, 범행연도 2020, 재범(2회 이상 위반)"
5134,gpt,few_shot_open_book,2,2,"음주 전과 1회, 혈중알코올농도 0.195%, 운전거리 2.5km, 범행연도 2020, 재범(2회 이상 위반)"
5135,gpt,few_shot_open_book,2,2,"음주 전과 1회, 혈중알코올농도 0.141%, 운전거리 0.6km, 범행연도 2021"
5136,gpt,few_shot_open_book,2,1,"음주 전과 불분명(기재 없음), 혈중알코올농도 0.101%, 운전거리 7.0km, 범행연도 2021, 차종 소형승용차"
5138,gpt,few_shot_open_book,2,2,"음주 전과 2회, 혈중알코올농도 0.118%, 운전거리 매우 짧음(약 10m), 범행연도 2020, 재범(2회 이상 위반)"
5139,gpt,few_shot_open_book,3,2,"음주 전과 2회(1회 집행유예 포함), 혈중알코올농도 0.093%, 운전거리 5km, 범행연도 2021, 동종 누범 가능성"
5140,gpt,few_shot_open_book,0,2,"음주 전과 1회, 혈중알코올농도 0.132%, 운전거리 1.7km, 범행연도 2019"
5141,gpt,few_shot_open_book,2,1,"음주 전과 1회(오래된 전과), 혈중알코올농도 0.103%, 운전거리 0.3km, 범행연도 2019, 차종 승용차"
5142,gpt,few_shot_open_book,3,2,"음주 전과 2회(징역 집유 포함), 혈중알코올농도 0.120%, 운전거리 0.1km, 범행연도 2021, 동종 누범"
5143,gpt,few_shot_open_book,2,2,"음주 전과 1회, 혈중알코올농도 0.112%, 운전거리 19km, 범행연도 2019"
5144,gpt,few_shot_open_book,1,0,"음주 전과 불명, 혈중알코올농도 0.068%, 운전거리 0.01km, 범행연도 2021, 차종 승용차"
5145,gpt,few_shot_open_book,2,1,"음주 전과 2회(오래전), 혈중알코올농도 0.081%, 운전거리 4km, 범행연도 2021, 승용차 운전"
5146,gpt,few_shot_open_book,1,0,"음주 전과 불명(기재 없음), 혈중알코올농도 구간 0.03% 이상 0.08% 미만(정확치 불상), 운전거리 0.3km, 범행연도 2021, 차종 승용차"
5147,gpt,few_shot_open_book,2,1,"음주 전과 1회, 혈중알코올농도 0.052%, 운전거리 2.3km, 범행연도 2021, 차종 이륜차"
5148,gpt,few_shot_open_book,2,1,"음주 전과 1회(2007, 오래된 전과), 혈중알코올농도 0.075%, 운전거리 1.4km, 범행연도 2020, 동일죄 2회 이상 위반"
5149,gpt,few_shot_open_book,2,1,"음주 전과 불명(기재 없음), 혈중알코올농도 0.131%, 운전거리 1.1km, 범행연도 2021, 차종 SUV"
5150,gpt,few_shot_open_book,2,2,"음주 전과 1회, 혈중알코올농도 0.207%, 운전거리 15km, 범행연도 2020, 재범(2회 이상 위반)"
5151,gpt,few_shot_open_book,3,1,"음주 전과 불명(기재 없음), 혈중알코올농도 0.204%, 운전거리 0.7km, 범행연도 2021, 차종 승용차"
5152,gpt,few_shot_open_book,3,2,"음주 전과 1회, 혈중알코올농도 0.149%, 운전거리 1.0km, 범행연도 2021, 승합차 운전"
5153,gpt,few_shot_open_book,2,2,"음주 전과 1회, 혈중알코올농도 0.111%, 운전거리 0.3km, 범행연도 2020, 재범(2회 이상)"
5154,gpt,few_shot_open_book,2,2,"음주 전과 1회 이상, 혈중알코올농도 0.146%, 운전거리 0.3km, 범행연도 2019"
5155,gpt,few_shot_open_book,2,1,"음주 전과 1회(오래전, 10년 초과), 혈중알코올농도 0.117%, 운전거리 2.2km, 범행연도 2019, 차종 벤츠"
5156,gpt,few_shot_open_book,2,2,"음주 전과 1회, 혈중알코올농도 0.216%, 운전거리 0.3km, 범행연도 2021"
5157,gpt,few_shot_open_book,2,1,"음주 전과 1회(재범), 혈중알코올농도 0.046%, 운전거리 0.3km, 범행연도 2021"
5158,gpt,few_shot_open_book,0,1,"음주 전과 1회(기소유예 포함), 혈중알코올농도 0.076%, 운전거리 0.2km, 범행연도 2020"
5159,gpt,few_shot_open_book,2,2,"음주 전과 1회, 혈중알코올농도 0.147%, 운전거리 0.3km, 범행연도 2020, 차종 SUV"
5160,gpt,few_shot_open_book,2,1,"음주 전과 불명, 혈중알코올농도 0.187%, 운전거리 1.0km, 범행연도 2021, 화물차 운전"
5161,gpt,few_shot_open_book,2,2,"음주 전과 2회, 혈중알코올농도 0.200%, 운전거리 2.4km, 범행연도 2020"
5162,gpt,few_shot_open_book,2,2,"음주 전과 1회, 혈중알코올농도 0.156%, 운전거리 2km, 범행연도 2021"
5163,gpt,few_shot_open_book,2,2,"음주 전과 1회(재범), 혈중알코올농도 0.161%, 운전거리 0.2km, 범행연도 2020, 차종 승용차"
5164,gpt,few_shot_open_book,2,0,"음주 전과 1회, 혈중알코올농도 0.054%, 운전거리 0.2km, 범행연도 2019, 차종 승용차(K5)"
5165,gpt,few_shot_open_book,2,2,"음주 전과 불명, 혈중알코올농도 0.220%, 운전거리 9.0km, 범행연도 2021, 차종 승용차"
5166,gpt,few_shot_open_book,2,1,"음주 전과 1회, 혈중알코올농도 0.067%, 운전거리 0.2km, 범행연도 2021"
5167,gpt,few_shot_open_book,0,1,"음주 전과 불명, 혈중알코올농도 0.239%, 운전거리 0.5km, 범행연도 2020, 차종 승용차"
5168,gpt,few_shot_open_book,0,0,"음주 전과 1회(2007, 10년 초과), 혈중알코올농도 0.043%, 운전거리 0.4km, 범행연도 2020, 차종 SUV"
5169,gpt,few_shot_open_book,2,2,"음주 전과 2회, 혈중알코올농도 0.1% 이상, 운전거리 1.4km, 범행연도 2020, 동종 누범(2회 이상)"
5170,gpt,few_shot_open_book,2,1,"음주 전과 1회, 혈중알코올농도 0.066%, 운전거리 0.77km, 범행연도 2020, 재범(2회 이상)"
5171,gpt,few_shot_open_book,2,1,"음주 전과 1회, 혈중알코올농도 0.164%, 운전거리 0.01km, 범행연도 2019"
5172,gpt,few_shot_open_book,2,2,"음주 전과 1회, 혈중알코올농도 0.114%, 운전거리 0.01km, 범행연도 2021, 반복범(재범)"
5173,gpt,few_shot_open_book,2,1,"음주 전과 불명, 혈중알코올농도 0.105%, 운전거리 87.0km, 범행연도 2021, 차종 승용차"
5174,gpt,few_shot_open_book,2,2,"음주 전과 1회, 혈중알코올농도 0.197%, 운전거리 20km, 범행연도 2021, 장거리 운전으로 인한 높은 위험"
5176,gpt,few_shot_open_book,2,1,"음주 전과 불명(기재 없음), 혈중알코올농도 0.230%, 운전거리 8.0km, 범행연도 2021, 차종(벤츠E220)"
5177,gpt,few_shot_open_book,0,1,"음주 전과 불상, 혈중알코올농도 0.116%, 운전거리 1.5km, 범행연도 2020, 차종 승용차"
5179,gpt,few_shot_open_book,1,0,"음주 전과 불명(기재 없음), 혈중알코올농도 0.036%, 운전거리 13km, 범행연도 2021, 차종 승용차"
5180,gpt,few_shot_open_book,0,0,"음주 전과 불명(기재 없음), 혈중알코올농도 0.073%, 운전거리 3km, 범행연도 2021, 차종 승용차"
5181,gpt,few_shot_open_book,2,2,"음주 전과 1회, 혈중알코올농도 0.139%, 운전거리 0.5km, 범행연도 2019, 재범(2회 이상 위반)"
5182,gpt,few_shot_open_book,0,2,"음주 전과 불명, 혈중알코올농도 0.204%, 운전거리 30km, 범행연도 2021, 차종 승용차"
5183,gpt,few_shot_open_book,0,1,"음주 전과 불명, 혈중알코올농도 0.113%, 운전거리 1.0km, 범행연도 2020, 차종 이륜차"
5184,gpt,few_shot_open_book,3,1,"음주 전과 2회, 혈중알코올농도 0.082%, 운전거리 2km, 범행연도 2021, 재범(10년 내 3진)"
5185,gpt,few_shot_open_book,0,0,"음주 전과 정보 없음, 혈중알코올농도 0.056%, 운전거리 약 1m(극히 단거리), 범행연도 2021, 차종 포르쉐"
5186,gpt,few_shot_open_book,2,2,"음주 전과 2회(음주측정거부), 혈중알코올농도 0.137%, 운전거리 0.05km, 범행연도 2020, 차종 화물차"
5187,gpt,few_shot_open_book,0,1,"음주 전과 불명(기재 없음), 혈중알코올농도 0.184%, 운전거리 4.0km, 범행연도 2020, 차종 세단"
5188,gpt,few_shot_open_book,1,1,"음주 전과 불명(기재 없음), 혈중알코올농도 0.152%, 운전거리 1.0km, 범행연도 2019, 차종 이륜차(125cc)"
5189,gpt,few_shot_open_book,2,1,"음주 전과 1회, 혈중알코올농도 0.110%, 운전거리 극히 짧음(약 2m), 범행연도 2021"
5190,gpt,few_shot_open_book,2,2,"음주 전과 불명, 혈중알코올농도 0.215%, 운전거리 0.02km, 범행연도 2020, 차종 승용차"
5191,gpt,few_shot_open_book,0,1,"음주 전과 1회, 혈중알코올농도 0.093%, 운전거리 5km, 범행연도 2020, 재범(2회 이상 위반)"
5193,gpt,few_shot_open_book,2,2,"음주 전과 1회, 혈중알코올농도 0.250%, 운전거리 0.02km, 범행연도 2021, 차종 승용차"
5194,gpt,few_shot_open_book,0,2,"음주 전과 1회, 혈중알코올농도 0.141%, 운전거리 0.5km, 범행연도 2020, 외제차량 운전"
5195,gpt,few_shot_open_book,2,2,"음주 전과 불명, 혈중알코올농도 0.253%, 운전거리 20km, 범행연도 2021, 차종 SUV"
5196,gpt,few_shot_open_book,2,2,"음주 전과 불명, 혈중알코올농도 0.196%, 운전거리 5.0km, 범행연도 2021, 차종 준대형 승용차"
5197,gpt,few_shot_open_book,2,2,"음주 전과 2회 이상(재범), 혈중알코올농도 0.189%, 운전거리 2km, 범행연도 2021, 차종 승용차"
5198,gpt,few_shot_open_book,2,2,"음주 전과 2회, 혈중알코올농도 0.097%, 운전거리 80km, 범행연도 2021, 고속도로 장거리 주행으로 위험성 높음"
5199,gpt,few_shot_open_book,0,1,"음주 전과 1회, 혈중알코올농도 0.092%, 운전거리 3km, 범행연도 2019, 차종 승용차"
5200,gpt,few_shot_open_book,2,2,"음주 전과 1회, 혈중알코올농도 0.137%, 운전거리 0.5km, 범행연도 2021"
5201,gpt,few_shot_open_book,2,2,"음주 전과 다수(3회 이상), 혈중알코올농도 0.135%, 운전거리 0.3km, 범행연도 2020, 누범적 경향(반복 위반)"
5202,gpt,few_shot_open_book,2,2,"음주 전과 2회, 혈중알코올농도 0.200%, 운전거리 16km, 범행연도 2020, 장거리·재범으로 가중 가능"
5203,gpt,few_shot_open_book,1,1,"음주 전과 불명, 혈중알코올농도 0.268%, 운전거리 0.16km, 범행연도 2019, 차종 승용차"
5204,gpt,few_shot_open_book,3,2,"음주 전과 1회(집행유예 포함), 혈중알코올농도 0.183%, 운전거리 3km, 범행연도 2021, 재범(2회 이상 위반)"
5205,gpt,few_shot_open_book,2,2,"음주 전과 1회, 혈중알코올농도 0.184%, 운전거리 0.1km, 범행연도 2020, 재범(2회 이상 위반)"
5206,gpt,few_shot_open_book,2,2,"음주 전과 2회(동종 누범 아님, 10년 초과), 혈중알코올농도 0.169%, 운전거리 15km, 범행연도 2020, 차종 SUV"
5207,gpt,few_shot_open_book,0,0,"음주 전과 불명(기재 없음), 혈중알코올농도 0.048%, 운전거리 0.3km, 범행연도 2020, 차종 승용차"
5209,gpt,few_shot_open_book,2,2,"음주 전과 2회, 혈중알코올농도 0.142%, 운전거리 1.0km, 범행연도 2020, 동종 재범(10년 내 아님)"
5210,gpt,few_shot_open_book,2,2,"음주 전과 2회, 혈중알코올농도 0.138%, 운전거리 3km, 범행연도 2021, 재범(10년 내 동종 전과 1회 포함)"
5211,gpt,few_shot_open_book,2,2,"음주 전과 1회, 혈중알코올농도 0.153%, 운전거리 0.2km, 범행연도 2020, 차종 승합차"
5212,gpt,few_shot_open_book,0,0,"음주 전과 불명(기재 없음), 혈중알코올농도 0.076%, 운전거리 5.4km, 범행연도 2020, 차종 승용차"
5213,gpt,few_shot_open_book,2,2,"음주 전과 1회, 혈중알코올농도 0.093%, 운전거리 4km, 범행연도 2021, 재범(2회 이상 위반)"
5214,gpt,few_shot_open_book,2,1,"음주 전과 불명(기재 없음), 혈중알코올농도 0.148%, 운전거리 11km, 범행연도 2021, 차종 승용차"
5215,gpt,few_shot_open_book,2,1,"음주 전과 불명(명시 없음), 혈중알코올농도 0.129%, 운전거리 3km, 범행연도 2021, 차종(화물: 포터Ⅱ)"
5216,gpt,few_shot_open_book,3,2,"음주 전과 2회, 혈중알코올농도 0.223%, 운전거리 0.577km, 범행연도 2020, 차종 화물차"
5218,gpt,few_shot_open_book,3,2,"음주 전과 1회, 혈중알코올농도 0.184%, 운전거리 5.5km, 범행연도 2021, 차종 승용차"
5220,gpt,few_shot_open_book,2,1,"음주 전과 1회, 혈중알코올농도 0.075%, 운전거리 0.03km, 범행연도 2020, 단거리·사고없음"
5221,gpt,few_shot_open_book,0,0,"음주 전과 불명(기재 없음), 혈중알코올농도 0.034%, 운전거리 0.35km, 범행연도 2021, 차종 승용차"
5222,gpt,few_shot_open_book,1,1,"음주 전과 불명, 혈중알코올농도 0.199%, 운전거리 0.5km, 범행연도 2021, 직업운전자(운전업무 종사)"
5223,gpt,few_shot_open_book,2,2,"음주 전과 1회(10년 내 재범), 혈중알코올농도 0.112%, 운전거리 약 20m(매우 짧음), 범행연도 2020, 차종 SUV(투싼)"
5224,gpt,few_shot_open_book,2,0,"음주 전과 1회(10년 초과), 혈중알코올농도 0.047%, 운전거리 3km, 범행연도 2021, 초과 재범기간으로 누범 아님"
5225,gpt,few_shot_open_book,2,3,"다수의 음주 전과(징역 전과 포함), 혈중알코올농도 0.230%, 운전거리 0.5km, 범행연도 2019, 차종 승용차"
5226,gpt,few_shot_open_book,3,2,"음주 전과 2회, 혈중알코올농도 0.116%, 운전거리 0.7km, 범행연도 2021, 차종 대형화물(4.5톤 트럭)"
5227,gpt,few_shot_open_book,2,1,"음주 전과 불명(기재 없음), 혈중알코올농도 0.160%, 운전거리 13km, 범행연도 2021, 차종 SUV"
5228,gpt,few_shot_open_book,3,2,"음주 전과 2회, 혈중알코올농도 0.211%, 운전거리 3km, 범행연도 2019, 재범(2회 이상)"
5229,gpt,few_shot_open_book,2,2,"음주 전과 1회, 혈중알코올농도 0.119%, 운전거리 0.7km, 범행연도 2021, 재범(2회 이상 위반)"
5230,gpt,few_shot_open_book,2,2,"음주 전과 2회, 혈중알코올농도 0.085%, 운전거리 5km, 범행연도 2020, 차종 화물차"
5231,gpt,few_shot_open_book,1,0,"음주 전과 불명(기재 없음), 혈중알코올농도 0.066%, 운전거리 7km, 범행연도 2021, 차종 승용차"
5232,gpt,few_shot_open_book,2,2,"음주 전과 1회, 혈중알코올농도 0.166%, 운전거리 0.1km, 범행연도 2020, 2회 이상 위반"
5233,gpt,few_shot_open_book,2,2,"음주 전과 1회(2019 약식명령), 혈중알코올농도 0.172%, 운전거리 5km, 범행연도 2021, 차종 승용차"
5234,gpt,few_shot_open_book,2,1,"음주 전과 2회(동종 재범), 혈중알코올농도 0.033%, 운전거리 0.05km, 범행연도 2020, 차종 승용차"
5235,gpt,few_shot_open_book,2,2,"음주 전과 1회, 혈중알코올농도 0.181%, 운전거리 0.1km, 범행연도 2020, 재범(2회 이상 위반)"
5236,gpt,few_shot_open_book,2,2,"음주 전과 1회, 혈중알코올농도 0.278%, 운전거리 0.1km, 범행연도 2021, 차종 승용차"
5238,gpt,few_shot_open_book,2,2,"음주 전과 1회, 혈중알코올농도 0.099%, 운전거리 2.0km, 범행연도 2019, 차종(승용차)"
5239,gpt,few_shot_open_book,2,2,"음주 전과 2회, 혈중알코올농도 0.163%, 운전거리 3km, 범행연도 2021, 재범(10년 내 2회 이상 위반)"
5240,gpt,few_shot_open_book,2,2,"음주 전과 1회, 혈중알코올농도 0.096%, 운전거리 2.0km, 범행연도 2020, 재범(2회 이상)"
5241,gpt,few_shot_open_book,2,1,"음주 전과 1회(오래된 전과), 혈중알코올농도 0.128%, 운전거리 2km, 차종 화물차, 범행연도 2019"
5242,gpt,few_shot_open_book,2,2,"음주 전과 1회, 혈중알코올농도 0.195%, 운전거리 15km, 범행연도 2019, 차종(승용차)"
5243,gpt,few_shot_open_book,3,2,"음주 전과 불명, 혈중알코올농도 0.229%, 운전거리 6.0km, 범행연도 2021, 차종 승용차"
5245,gpt,few_shot_open_book,1,1,"음주 전과 2회, 혈중알코올농도 0.094%, 운전거리 0.5km, 범행연도 2019, 동종 누범(10년 내 재범 아님)"
5246,gpt,few_shot_open_book,0,1,"음주 전과 불명(기재 없음), 혈중알코올농도 0.179%, 운전거리 10km, 범행연도 2021, 차종 승용차"
5247,gpt,few_shot_open_book,0,1,"음주 전과 1회(2007, 10년 초과), 혈중알코올농도 0.056%, 운전거리 30km, 차종 화물차, 범행연도 2021"
5250,gpt,few_shot_open_book,3,2,"음주 전과 1회, 혈중알코올농도 0.227%, 운전거리 0.03km, 범행연도 2021, 운전위험 낮은 구간(주차장 이동)"
5252,gpt,few_shot_open_book,2,0,"음주 전과 불명, 혈중알코올농도 0.088%, 운전거리 0.1km, 범행연도 2021, 차종 SUV"
5254,gpt,few_shot_open_book,2,2,"음주 전과 1회, 혈중알코올농도 0.112%, 운전거리 13km, 범행연도 2019, 차종 화물차"
5255,gpt,few_shot_open_book,2,2,"음주 전과 1회(재범), 혈중알코올농도 0.128%, 운전거리 약 50m(매우 단거리), 범행연도 2020, 차량종류 승용차"
5256,gpt,few_shot_open_book,2,1,"음주 전과 1회(오랜 경과), 혈중알코올농도 0.096%, 운전거리 0.1km, 범행연도 2021, 차종 화물트럭"
5257,gpt,few_shot_open_book,2,1,"음주 전과 1회(재범), 혈중알코올농도 0.032%, 운전거리 0.5km, 범행연도 2019"
5258,gpt,few_shot_open_book,2,2,"음주 전과 불명, 혈중알코올농도 0.211%, 운전거리 1.0km, 범행연도 2021, 차종 SUV"
5259,gpt,few_shot_open_book,2,2,"음주 전과 2회, 혈중알코올농도 0.143%, 운전거리 2.0km, 범행연도 2021, 화물차 운전"
5260,gpt,few_shot_open_book,2,3,"동종 누범 및 다수 전과, 가석방 후 재범, 혈중알코올농도 0.195%, 운전거리 0.2km, 범행연도 2020, 승용차 운전"
5261,gpt,few_shot_open_book,2,2,"음주 전과 2회(재범), 혈중알코올농도 0.107%, 운전거리 2km, 범행연도 2021, 동종 누범(2회 이상 위반)"
5262,gpt,few_shot_open_book,2,1,"음주 전과 1회, 혈중알코올농도 0.067%, 운전거리 1.5km, 범행연도 2021"
5263,gpt,few_shot_open_book,1,0,"음주 전과 불명, 혈중알코올농도 0.085%, 운전거리 5.0km, 범행연도 2021, 차종 SUV"
5264,gpt,few_shot_open_book,1,1,"음주 전과 불명, 혈중알코올농도 0.159%, 운전거리 0.1km, 범행연도 2021, 차종(아반떼)"
5265,gpt,few_shot_open_book,2,2,"음주 전과 1회, 혈중알코올농도 0.107%, 운전거리 5km, 범행연도 2020, 재범(2회 이상 위반)"
5266,gpt,few_shot_open_book,2,2,"음주 전과 1회(재범), 혈중알코올농도 0.111%, 운전거리 0.6km, 범행연도 2021, 동종 누범(10년 내 재범)"
5268,gpt,few_shot_open_book,2,1,"음주 전과 정보 없음, 혈중알코올농도 0.116%, 운전거리 8km, 범행연도 2021, 차종 승용차"
5269,gpt,few_shot_open_book,0,2,"음주 전과 1회, 혈중알코올농도 0.198%, 운전거리 10km, 범행연도 2020, 사고 관련 수사자료 존재"
5270,gpt,few_shot_open_book,3,2,"음주 전과 불명, 혈중알코올농도 0.202%, 운전거리 0.1km, 범행연도 2021, 차종 승용차"
5271,gpt,few_shot_open_book,3,2,"음주 전과 1회, 혈중알코올농도 0.155%, 운전거리 2km, 범행연도 2021, 차종 승용차"
5272,gpt,few_shot_open_book,2,1,"음주 전과 불명, 혈중알코올농도 0.125%, 운전거리 0.2km, 범행연도 2020, 차종 대형 승용차"
5273,gpt,few_shot_open_book,1,1,"음주 전과 불명, 혈중알코올농도 0.287%, 운전거리 0.1km, 범행연도 2017, 차종 화물차"
5274,gpt,few_shot_open_book,0,3,"음주 전과 1회(동종), 혈중알코올농도 0.203%, 운전거리 4km, 이종 전과로 집행종료 후 3년 이내 범행, 범행연도 2020, 차종 SUV"
5275,gpt,few_shot_open_book,1,2,"음주 전과 2회 이상, 최근 집행유예 전력, 혈중알코올농도 0.102%, 운전거리 1km, 범행연도 2021, 고급차량 운전"
5276,gpt,few_shot_open_book,2,2,"음주 전과 1회, 혈중알코올농도 0.163%, 운전거리 0.1km, 범행연도 2021, 재범(2회 이상)"
5277,gpt,few_shot_open_book,2,2,"음주 전과 1회, 혈중알코올농도 0.136%, 운전거리 3km, 범행연도 2021, 차종 BMW"
5278,gpt,few_shot_open_book,2,2,"동종 전과 다수(벌금 3회·집유 1회), 혈중알코올농도 0.145%, 운전거리 10km, 범행연도 2021, 차종 화물차"
5279,gpt,few_shot_open_book,2,1,"음주 전과 불명, 혈중알코올농도 0.253%, 운전거리 4.3km, 범행연도 2021, 차종 소형 승용차"
5280,gpt,few_shot_open_book,3,2,"음주 전과 2회, 혈중알코올농도 0.143%, 운전거리 7km, 범행연도 2020, 재범(2회 이상)"
5281,gpt,few_shot_open_book,0,1,"음주 전과 1회, 혈중알코올농도 0.069%, 운전거리 0.5km, 범행연도 2020, 재범(2회 이상 위반)"
5282,gpt,few_shot_open_book,2,2,"음주 전과 2회, 혈중알코올농도 0.179%, 운전거리 1.0km, 범행연도 2020, 재범(2회 이상 위반)"
5283,gpt,few_shot_open_book,1,1,"음주 전과 불명, 혈중알코올농도 0.131%, 운전거리 2.0km, 범행연도 2021, 차종 소형 승용차"
5284,gpt,few_shot_open_book,2,1,"음주 전과 1회, 혈중알코올농도 0.108%, 운전거리 0.2km, 범행연도 2021, 운전거리 매우 짧음"
5285,gpt,few_shot_open_book,2,2,"음주 전과 1회, 혈중알코올농도 0.153%, 운전거리 1.0km, 범행연도 2020, 차종 승용차"
5286,gpt,few_shot_open_book,2,2,"음주 전과 2회, 혈중알코올농도 0.194%, 운전거리 1km, 범행연도 2021, 재범(2회 이상 위반)"
5287,gpt,few_shot_open_book,2,2,"음주 전과 1회(동종 재범), 혈중알코올농도 0.207%, 운전거리 0.15km, 범행연도 2021, 차종 승용차"
5288,gpt,few_shot_open_book,0,2,"음주 전과 1회, 혈중알코올농도 0.197%, 운전거리 0.5km, 범행연도 2020, 차종 승용차"
5289,gpt,few_shot_open_book,2,1,"음주 전과 1회, 혈중알코올농도 0.074%, 운전거리 1.0km, 범행연도 2021, 2회 이상 위반"
5290,gpt,few_shot_open_book,2,2,"음주 전과 2회 이상, 혈중알코올농도 0.102%, 운전거리 0.1km, 범행연도 2019, 동종 누범(재범)"
5291,gpt,few_shot_open_book,2,2,"음주 전과 1회, 혈중알코올농도 0.168%, 운전거리 9.0km, 범행연도 2021, 재범(2회 이상 위반)"
5294,gpt,few_shot_open_book,2,1,"음주 전과 1회(2007, 10년 초과), 혈중알코올농도 0.087%, 운전거리 0.02km, 범행연도 2019, 차종 승합차"
5295,gpt,few_shot_open_book,3,2,"음주 전과 1회, 혈중알코올농도 0.182%, 운전거리 6km, 범행연도 2021, 화물차 운전"
5297,gpt,few_shot_open_book,2,3,"다수의 음주·측정거부 전과(동종 누범), 혈중알코올농도 0.199%, 운전거리 4km, 차종 화물차, 범행연도 2020"
5298,gpt,few_shot_open_book,2,3,"동종 누범(재범 진행 중), 혈중알코올농도 0.225%, 운전거리 5km, 범행연도 2020, 차종 화물차"
5299,gpt,few_shot_open_book,3,2,"음주 전과 1회(재범), 혈중알코올농도 0.140%, 운전거리 0.1km, 범행연도 2021, 차종 승용차"
5300,gpt,few_shot_open_book,2,1,"음주 전과 1회(재범), 혈중알코올농도 0.082%, 운전거리 15m 내외(매우 짧음), 범행연도 2021, 차종 SUV(싼타페)"
5301,gpt,few_shot_open_book,2,2,"음주 전과 2회, 혈중알코올농도 0.126%, 운전거리 0.1km, 범행연도 2020, 동종 누범(10년 내 재범 아님)"
5302,gpt,few_shot_open_book,2,1,"음주 전과 1회(2012, 9년 경과), 혈중알코올농도 0.120%, 운전거리 2km, 범행연도 2021, 승용차 운전"
5303,gpt,few_shot_open_book,2,2,"음주 전과 2회, 혈중알코올농도 0.184%, 운전거리 0.5km, 범행연도 2020, 누범(동종 재범)"
5304,gpt,few_shot_open_book,2,1,"음주 전과 불명, 혈중알코올농도 0.157%, 운전거리 0.015km, 범행연도 2022, 차종 승용차"
5306,gpt,few_shot_open_book,2,1,"음주 전과 불명, 혈중알코올농도 0.216%, 운전거리 0.2km, 범행연도 2020, 차종 SUV"
5307,gpt,few_shot_open_book,1,1,"음주 전과 불명, 혈중알코올농도 0.151%, 운전거리 0.2km, 범행연도 2021, 차종 화물차"
5308,gpt,few_shot_open_book,2,2,"음주 전과 1회, 혈중알코올농도 0.130%, 운전거리 0.5km, 범행연도 2021, 차종 화물차"
5309,gpt,few_shot_open_book,0,0,"음주 전과 불명, 혈중알코올농도 0.106%, 운전거리 1.5m(주차장 내 극히 단거리), 범행연도 2019, 차종 승합차(스타렉스)"
5311,gpt,few_shot_open_book,2,3,"음주 전과 다수(벌금 2회·집행유예 1회), 혈중알코올농도 0.191%, 운전거리 0.2km, 범행연도 2019, 화물차 운전"
5313,gpt,few_shot_open_book,0,2,"음주 전과 2회(동종 누범), 혈중알코올농도 0.081%, 운전거리 매우 짧음(약 5m), 범행연도 2020, 외제 승용차 운전"
5314,gpt,few_shot_open_book,2,1,"음주 전과 불명, 혈중알코올농도 0.174%, 운전거리 14km, 범행연도 2021, 차종 승용차"
5315,gpt,few_shot_open_book,2,2,"음주 전과 1회(집행유예 포함), 혈중알코올농도 0.172%, 운전거리 0.5km, 범행연도 2020, 화물차 운전"
5316,gpt,few_shot_open_book,2,1,"음주 전과 불명, 혈중알코올농도 0.111%, 운전거리 0.14km, 범행연도 2021, 차종 승용차"
5317,gpt,few_shot_open_book,2,2,"음주 전과 불상, 혈중알코올농도 0.352%, 운전거리 2.0km, 범행연도 2020, 차종 화물차"
5320,gpt,few_shot_open_book,0,1,"음주 전과 1회(2007, 10년 이상 경과), 혈중알코올농도 0.139%, 운전거리 13km, 범행연도 2020, 차종 승용차"
5321,gpt,few_shot_open_book,2,1,"음주 전과 불명, 혈중알코올농도 0.191%, 운전거리 0.015km, 범행연도 2021, 차종 승합차"
5322,gpt,few_shot_open_book,2,1,"음주 전과 다수(2008 벌금, 2011 징역 집유 확정), 혈중알코올농도 0.064%, 운전거리 10km, 범행연도 2019, 재범(2회 이상 위반)"
5323,gpt,few_shot_open_book,0,0,"음주 전과 1회(2016, 벌금), 혈중알코올농도 0.037%, 운전거리 10km, 범행연도 2019, 차종 승용차"
5324,gpt,few_shot_open_book,2,2,"음주 전과 2회, 혈중알코올농도 0.229%, 운전거리 4km, 범행연도 2020, 차종 화물차"
5325,gpt,few_shot_open_book,3,3,"음주 전과 2회, 혈중알코올농도 0.206%, 운전거리 11.6km, 범행연도 2021, 차종 승용차"
5326,gpt,few_shot_open_book,2,2,"음주 전과 불명, 혈중알코올농도 0.203%, 운전거리 3km, 범행연도 2021, 차종 화물차"
5327,gpt,few_shot_open_book,2,2,"음주 전과 1회(동종), 혈중알코올농도 0.081%, 운전거리 10km, 집행유예기간 중 범행(무면허 집유), 차종 화물, 범행연도 2020"
5328,gpt,few_shot_open_book,2,1,"음주 전과 불명(기재 없음), 혈중알코올농도 0.098%, 운전거리 0.7km, 범행연도 2020, 차종 SUV(렉스턴)"
5329,gpt,few_shot_open_book,2,1,"음주 전과 불명(기재 없음), 혈중알코올농도 0.194%, 운전거리 14km, 범행연도 2021, 차종 승용차"
5330,gpt,few_shot_open_book,2,1,"음주 전과 1회, 혈중알코올농도 0.086%, 운전거리 5.5km, 범행연도 2019, 차종 화물차"
5331,gpt,few_shot_open_book,2,2,"음주 전과 불상, 혈중알코올농도 0.258%, 운전거리 0.5km, 범행연도 2021, 차종 승용차"
5332,gpt,few_shot_open_book,2,2,"음주 전과 2회, 혈중알코올농도 0.103%, 운전거리 2km, 범행연도 2020, 차종 대형세단"
5333,gpt,few_shot_open_book,2,2,"음주 전과 2회(동종 누범 성격), 혈중알코올농도 0.102%, 운전거리 2km, 범행연도 2019, 차종 소형 승용차"
5335,gpt,few_shot_open_book,0,1,"음주 전과 2회(최근 2018년), 혈중알코올농도 0.046%, 운전거리 0.75km, 범행연도 2021, 재범(10년 내 전과 존재)"
5336,gpt,few_shot_open_book,3,2,"음주 전과 1회, 혈중알코올농도 0.115%, 운전거리 4.5km, 범행연도 2021, 재범(2회 이상 위반)"
5337,gpt,few_shot_open_book,2,1,"음주 전과 1회, 혈중알코올농도 0.094%, 운전거리 0.5km, 범행연도 2021, 재범(2회 이상 위반)"
5338,gpt,few_shot_open_book,0,1,"음주 전과 불명, 혈중알코올농도 0.216%, 운전거리 0.01km, 범행연도 2021, 차종 승용차"
5339,gpt,few_shot_open_book,2,0,"음주 전과 불명(기재 없음), 혈중알코올농도 0.078%, 운전거리 0.8km, 범행연도 2021, 차종 화물차"
5340,gpt,few_shot_open_book,3,2,"음주 전과 1회, 혈중알코올농도 0.140%, 운전거리 13km, 범행연도 2020, 재범(2회 이상)"
5341,gpt,few_shot_open_book,2,1,"음주 전과 불명, 혈중알코올농도 0.103%, 운전거리 1.0km, 범행연도 2021, 차종 화물차(포터2)"
5342,gpt,few_shot_open_book,2,1,"음주 전과 불명, 혈중알코올농도 0.135%, 운전거리 2.0km, 범행연도 2020, 차종 승합차"
5343,gpt,few_shot_open_book,2,2,"음주 전과 2회, 혈중알코올농도 0.149%, 운전거리 12km, 범행연도 2021, 재범(10년 내 2회 이상 위반)"
5344,gpt,few_shot_open_book,2,2,"음주 전과 1회, 혈중알코올농도 0.175%, 운전거리 0.3km, 범행연도 2020, 차종 화물차"
5345,gpt,few_shot_open_book,2,2,"음주 전과 1회, 혈중알코올농도 0.186%, 운전거리 1.0km, 범행연도 2021, 화물차 운전"
5346,gpt,few_shot_open_book,2,1,"음주 전과 불명, 혈중알코올농도 0.207%, 운전거리 2km, 범행연도 2020, 차종 승용차"
5347,gpt,few_shot_open_book,2,2,"음주 전과 1회, 혈중알코올농도 0.159%, 운전거리 0.5km, 범행연도 2020, 차종(그랜저)"
5348,gpt,few_shot_open_book,2,1,"음주 전과 1회, 혈중알코올농도 0.058%, 운전거리 5km, 범행연도 2020, 재범(2회 이상 위반)"
5349,gpt,few_shot_open_book,2,1,"음주 전과 1회, 혈중알코올농도 0.073%, 운전거리 0.05km, 범행연도 2021, 단거리이나 재범"
5350,gpt,few_shot_open_book,2,2,"음주 전과 1회, 혈중알코올농도 0.172%, 운전거리 2.1km, 범행연도 2020, 재범(2회 이상)"
5351,gpt,few_shot_open_book,2,3,"음주 전과 다수(4회 이상, 집행유예 전력 포함), 혈중알코올농도 0.168%, 운전거리 2.5km, 범행연도 2020, 차종 화물차(도로 위험성 가중)"
5352,gpt,few_shot_open_book,0,1,"음주 전과 1회, 혈중알코올농도 0.067%, 운전거리 18km, 범행연도 2019, 차종 SUV"
5353,gpt,few_shot_open_book,0,2,"음주 전과 2회, 혈중알코올농도 0.113%, 운전거리 0.001km, 범행연도 2020, 차종 승용차"
5354,gpt,few_shot_open_book,3,1,"음주 전과 불명, 혈중알코올농도 0.226%, 운전거리 4.0km, 범행연도 2019, 차종 승용차"
5355,gpt,few_shot_open_book,2,2,"음주 전과 1회, 혈중알코올농도 0.198%, 운전거리 6km, 범행연도 2021, 차종 승용차"
5356,gpt,few_shot_open_book,2,2,"음주 전과 2회, 혈중알코올농도 0.182%, 운전거리 5km, 범행연도 2019, 차종 승용차"
5357,gpt,few_shot_open_book,2,2,"음주 전과 2회, 혈중알코올농도 0.199%, 운전거리 2.0km, 재범(10년 내 반복 아님 명시X), 범행연도 2021"
5358,gpt,few_shot_open_book,2,1,"음주 전과 불명, 혈중알코올농도 0.102%, 운전거리 0.05km, 범행연도 2021, 차종 고급승용(양형에 큰 영향 없음)"
5359,gpt,few_shot_open_book,2,2,"음주 전과 1회, 혈중알코올농도 0.158%, 운전거리 0.3km, 범행연도 2020"
5360,gpt,few_shot_open_book,0,0,"음주 전과 불명(없다고 추정), 혈중알코올농도 0.103%, 운전거리 1m(매우 단거리·주차장 내), 범행연도 2019, 차종 승용차"
5361,gpt,few_shot_open_book,2,3,"음주 전과 다수(벌금 2회·징역 2회), 혈중알코올농도 0.172%, 운전거리 3km, 범행연도 2020, 누범 수준 높음"
5363,gpt,few_shot_open_book,2,2,"음주 전과 2회, 혈중알코올농도 0.149%, 운전거리 0.01km, 범행연도 2021, 동종 누범"
5364,gpt,few_shot_open_book,1,1,"음주 전과 불상, 혈중알코올농도 0.126%, 운전거리 0.5km, 범행연도 2020, 차종 승합차"
5366,gpt,few_shot_open_book,0,0,"음주 전과 불명(기재 없음), 혈중알코올농도 0.056%, 운전거리 0.6km, 범행연도 2021, 차종 승용차"
5367,gpt,few_shot_open_book,3,2,"음주 전과 1회, 혈중알코올농도 0.203%, 운전거리 4km, 범행연도 2020, 화물차(포터) 운전"
5368,gpt,few_shot_open_book,1,1,"음주 전과 불명(기재 없음), 혈중알코올농도 0.182%, 운전거리 5.0km, 범행연도 2021, 차종 승용차"
5370,gpt,few_shot_open_book,0,1,"음주 전과 불명, 혈중알코올농도 0.123%, 운전거리 0.2km, 범행연도 2021, 차종 이륜차"
5371,gpt,few_shot_open_book,2,2,"음주 전과 1회, 혈중알코올농도 0.115%, 운전거리 2.0km, 범행연도 2019"
5373,gpt,few_shot_open_book,2,2,"음주 전과 1회, 혈중알코올농도 0.114%, 운전거리 2km, 범행연도 2020, 재범(10년 내 여부 불분명하지만 누범적 요소 고려)"
5374,gpt,few_shot_open_book,2,2,"음주 전과 2회, 혈중알코올농도 0.168%, 운전거리 1.0km, 범행연도 2021, 동종 누범(재범)"
5375,gpt,few_shot_open_book,2,3,"다수의 음주 전과(3회 이상), 혈중알코올농도 0.137%, 운전거리 1.1km, 범행연도 2021, 과거 위험운전치사상 전력"
5376,gpt,few_shot_open_book,3,2,"음주 전과 1회, 혈중알코올농도 0.098%, 운전거리 4km, 범행연도 2021"
5377,gpt,few_shot_open_book,2,1,"음주 전과 불명(기재 없음), 혈중알코올농도 0.159%, 운전거리 20.0km, 범행연도 2021, 차종 승용차"
5379,gpt,few_shot_open_book,2,2,"음주 전과 2회, 혈중알코올농도 0.142%, 운전거리 2.5km, 범행연도 2021, 동종 재범(10년 내 재범 아님)"
5380,gpt,few_shot_open_book,1,1,"음주 전과 불명, 혈중알코올농도 0.135%, 운전거리 4.0km, 범행연도 2019, 차종(카니발)"
5381,gpt,few_shot_open_book,2,2,"음주 전과 3회 이상, 혈중알코올농도 0.111%, 운전거리 2km, 범행연도 2021, 차종 화물차"
5383,gpt,few_shot_open_book,2,1,"음주 전과 불명, 혈중알코올농도 0.172%, 운전거리 1m, 범행연도 2021, 차종 이륜자동차"
5384,gpt,few_shot_open_book,0,0,"음주 전과 불명(기재 없음), 혈중알코올농도 0.116%, 운전거리 2km, 범행연도 2020, 차종 승용차"
5385,gpt,few_shot_open_book,3,2,"음주 전과 불상, 혈중알코올농도 0.206%, 운전거리 1.0km, 범행연도 2021, 차종 SUV"
5387,gpt,few_shot_open_book,3,2,"음주 전과 1회, 혈중알코올농도 0.118%, 운전거리 2km, 범행연도 2021, 재범(10년 초과 전력으로 가중은 약함)"
5388,gpt,few_shot_open_book,2,2,"음주 전과 2회(재범), 혈중알코올농도 0.122%, 운전거리 0.6km, 범행연도 2021, 차종 화물차"
5389,gpt,few_shot_open_book,2,2,"음주 전과 2회, 혈중알코올농도 0.086%, 운전거리 7km, 범행연도 2020, 동종 누범(재범)"
5390,gpt,few_shot_open_book,2,2,"음주 전과 다수(3회 이상, 집행유예 전력), 혈중알코올농도 0.122%, 운전거리 0.4km, 범행연도 2021, 차종 이륜차"
5391,gpt,few_shot_open_book,2,2,"음주 전과 1회, 혈중알코올농도 0.127%, 운전거리 6km, 범행연도 2020, 승용차 G90"
5392,gpt,few_shot_open_book,2,2,"음주 전과 1회, 혈중알코올농도 0.159%, 운전거리 0.03km, 범행연도 2020, 단기간 재범 아님(전과 2008년)"
5393,gpt,few_shot_open_book,3,2,"음주 전과 3회 이상, 혈중알코올농도 0.185%, 운전거리 0.5km, 범행연도 2019, 차종 화물차"
5395,gpt,few_shot_open_book,2,2,"음주 전과 다수(2회 이상 위반), 혈중알코올농도 0.169%, 운전거리 3km, 범행연도 2021, 차종 QM5 승용차"
5396,gpt,few_shot_open_book,2,2,"음주 전과 1회, 혈중알코올농도 0.206%, 운전거리 2.0km, 범행연도 2021, 차종 승용차"
5398,gpt,few_shot_open_book,2,2,"음주 전과 2회, 혈중알코올농도 0.115%, 운전거리 10km, 범행연도 2021, 재범(2회 이상 위반)"
5399,gpt,few_shot_open_book,3,2,"음주 전과 2회, 혈중알코올농도 0.101%, 운전거리 20km, 범행연도 2019, 차종 SUV"
5400,gpt,few_shot_open_book,2,1,"음주 전과 2회(오래된 전과), 혈중알코올농도 0.125%, 운전거리 0.35km, 범행연도 2020, 차종 승용차"
5401,gpt,few_shot_open_book,2,1,"음주 전과 1회, 혈중알코올농도 0.066%, 운전거리 0.85km, 범행연도 2021, 전기차 소형SUV"
5402,gpt,few_shot_open_book,2,1,"음주 전과(기소유예 1회), 혈중알코올농도 0.080%, 운전거리 0.3km, 차종 화물차, 범행연도 2021"
5403,gpt,few_shot_open_book,2,1,"음주 전과 1회, 혈중알코올농도 0.050%, 운전거리 0.7km, 범행연도 2021, 재범(2회 이상 위반)"
5404,gpt,few_shot_open_book,0,0,"음주 전과 1회(2009), 혈중알코올농도 0.037%, 운전거리 13km, 범행연도 2020, 재범 간 큰 시차(10년+)"
5405,gpt,few_shot_open_book,2,2,"음주 전과 1회(재범), 혈중알코올농도 0.232%, 운전거리 매우 단거리(약 0.03km), 범행연도 2020, 동일해 재범 및 고도취음"
5406,gpt,few_shot_open_book,2,2,"음주 전과 1회, 혈중알코올농도 0.228%, 운전거리 0.8km, 범행연도 2019, 차종 승용차"
5407,gpt,few_shot_open_book,2,2,"음주 전과 1회, 혈중알코올농도 0.166%, 운전거리 2.5km, 범행연도 2020, 재범(2회 이상 위반)"
5408,gpt,few_shot_open_book,2,0,"음주 전과 1회, 혈중알코올농도 0.048%, 운전거리 0.12km, 범행연도 2019, 주차장 단거리 운전"
5409,gpt,few_shot_open_book,2,1,"음주 전과 불명, 혈중알코올농도 0.189%, 운전거리 2.5km, 범행연도 2021"
5410,gpt,few_shot_open_book,1,1,"음주 전과 불명, 혈중알코올농도 0.078%, 운전거리 90km, 범행연도 2021, 차종 화물차"
5411,gpt,few_shot_open_book,2,2,"음주 전과 1회, 혈중알코올농도 0.154%, 운전거리 5km, 범행연도 2020, 재범(2회 이상 위반)"
5412,gpt,few_shot_open_book,2,2,"음주 전과 2회, 혈중알코올농도 0.137%, 운전거리 10km, 범행연도 2019, 차종 고급SUV"
5413,gpt,few_shot_open_book,2,1,"음주 전과 2회, 혈중알코올농도 0.058%, 운전거리 8km, 범행연도 2021, 동종 재범(10년 내 1회 포함)"
5414,gpt,few_shot_open_book,0,1,"음주 전과 1회(오래전), 혈중알코올농도 0.128%, 운전거리 매우 짧음(약 5m), 범행연도 2020, 차종 화물차"
5416,gpt,few_shot_open_book,2,2,"음주 전과 2회, 혈중알코올농도 0.157%, 운전거리 0.5km, 범행연도 2020, 차종 승합(스타렉스)"
5417,gpt,few_shot_open_book,2,1,"음주 전과 1회, 혈중알코올농도 0.085%, 운전거리 23km, 범행연도 2020, 장거리 운전"
5418,gpt,few_shot_open_book,2,3,"동종 누범 및 다수 전과, 혈중알코올농도 0.093%, 운전거리 1km, 범행연도 2021, 차량 승합/SUV(카니발)"
5420,gpt,few_shot_open_book,1,0,"음주 전과 불명, 혈중알코올농도 0.035%, 운전거리 0.5km, 범행연도 2019, 차종 승합차"
5421,gpt,few_shot_open_book,2,2,"음주 전과 1회, 혈중알코올농도 0.180%, 운전거리 0.15km, 범행연도 2021, 차종 승용차"
5422,gpt,few_shot_open_book,2,1,"음주 전과 1회(오래전, 10년 초과), 혈중알코올농도 0.077%, 운전거리 1.0km, 범행연도 2020, 차종 SUV"
5423,gpt,few_shot_open_book,2,2,"음주 전과 불상, 혈중알코올농도 0.224%, 운전거리 0.12km, 범행연도 2022, 차종 승용차"
5424,gpt,few_shot_open_book,2,2,"음주 전과 1회, 혈중알코올농도 0.096%, 운전거리 0.6km, 범행연도 2021"
5425,gpt,few_shot_open_book,2,2,"음주 전과 1회(재범), 혈중알코올농도 0.121%, 운전거리 1.5km, 범행연도 2020, 승용차 운전"
5426,gpt,few_shot_open_book,2,2,"음주 전과 2회, 혈중알코올농도 0.154%, 운전거리 3km, 범행연도 2019, 차종 화물차"
5427,gpt,few_shot_open_book,3,2,"음주 전과 2회, 혈중알코올농도 0.187%, 운전거리 10km, 범행연도 2019, 차종 화물차"
5428,gpt,few_shot_open_book,2,1,"음주 전과 1회, 혈중알코올농도 0.097%, 운전거리 극히 짧음(약 1m), 범행연도 2019"
5429,gpt,few_shot_open_book,2,0,"음주 전과 1회(오래된 전력), 혈중알코올농도 0.045%, 운전거리 20km, 범행연도 2019, 차종 화물차"
5430,gpt,few_shot_open_book,2,1,"음주 전과 1회, 혈중알코올농도 0.155%, 운전거리 0.01km, 범행연도 2020, 주간 운전"
5431,gpt,few_shot_open_book,2,1,"음주 전과 1회(2014, 5년 초과), 혈중알코올농도 0.108%, 운전거리 10km, 범행연도 2019, 차종 승용차"
5432,gpt,few_shot_open_book,2,2,"음주 전과 1회, 혈중알코올농도 0.116%, 운전거리 70km, 범행연도 2021, 고위험 장거리 운전"
5433,gpt,few_shot_open_book,1,2,"음주 전과 2회(집유 및 실형 포함), 혈중알코올농도 0.125%, 운전거리 0.92km, 범행연도 2015, 차종 화물차"
5434,gpt,few_shot_open_book,2,2,"음주 전과 1회(집행유예 포함), 혈중알코올농도 0.167%, 운전거리 20km, 범행연도 2021, 차종 SUV"
5435,gpt,few_shot_open_book,2,1,"음주 전과 1회, 혈중알코올농도 0.056%, 운전거리 1.0km, 범행연도 2019, 재범(2회 이상 위반)"
5436,gpt,few_shot_open_book,1,1,"음주 전과 0회, 혈중알코올농도 0.114%, 운전거리 2.0km, 범행연도 2021"
5437,gpt,few_shot_open_book,2,1,"음주 전과 1회(2007, 10년 경과), 혈중알코올농도 0.131%, 운전거리 0.3km, 범행연도 2020, 승합차 운전"
5438,gpt,few_shot_open_book,2,2,"음주 전과 2회, 혈중알코올농도 0.140%, 운전거리 0.03km, 범행연도 2021, 재범(2회 이상)"
5439,gpt,few_shot_open_book,3,2,"음주 전과 2회(집유 포함), 혈중알코올농도 0.100%, 운전거리 0.1km, 범행연도 2019, 차종 승용차"
5440,gpt,few_shot_open_book,2,1,"음주 전과 1회, 혈중알코올농도 0.076%, 운전거리 10km, 범행연도 2019, 차종 승용차"
5441,gpt,few_shot_open_book,2,1,"음주 전과 1회(재범), 혈중알코올농도 0.119%, 운전거리 3km, 범행연도 2019, 차종 승용차"
5444,gpt,few_shot_open_book,2,1,"음주 전과 1회, 혈중알코올농도 0.056%, 운전거리 1.5km, 범행연도 2021, 화물차 운전"
5445,gpt,few_shot_open_book,2,2,"음주 전과 2회, 혈중알코올농도 0.181%, 운전거리 2km, 범행연도 2020, 재범(2회 이상)"
5446,gpt,few_shot_open_book,2,1,"음주 전과 불명, 혈중알코올농도 0.261%, 운전거리 0.1km, 범행연도 2019, 차종 승합차"
5447,gpt,few_shot_open_book,2,0,"음주 전과 2회(오래된 전력), 혈중알코올농도 0.057%, 운전거리 3km, 범행연도 2021, 차종 승용차"
5448,gpt,few_shot_open_book,2,2,"음주 전과 2회, 혈중알코올농도 0.112%, 운전거리 2.0km, 범행연도 2020, 동종 누범(재범)"
5449,gpt,few_shot_open_book,2,1,"음주 전과 0회, 혈중알코올농도 0.137%, 운전거리 5.0km, 범행연도 2021, 차종 SUV"
5450,gpt,few_shot_open_book,3,2,"음주 전과 2회(음주운전 1회, 측정거부 1회), 혈중알코올농도 0.227%, 운전거리 3.0km 왕복, 범행연도 2020, 차종 승용차(SM7)"
5453,gpt,few_shot_open_book,2,2,"음주 전과 1회, 혈중알코올농도 0.150%, 운전거리 0.1km, 범행연도 2021"
5454,gpt,few_shot_open_book,0,0,"음주 전과 1회(10년 이상 경과), 혈중알코올농도 0.043%, 운전거리 0.5km, 범행연도 2021, 차종 승용차"
5455,gpt,few_shot_open_book,0,2,"음주 전과 1회(오래전 집유), 혈중알코올농도 0.119%, 운전거리 4km, 범행연도 2021, 재범(2회 이상 위반)"
5456,gpt,few_shot_open_book,3,2,"음주 전과 불명, 혈중알코올농도 0.197%, 운전거리 50km, 범행연도 2022, 차종 화물차"
5457,gpt,few_shot_open_book,2,2,"음주 전과 1회, 혈중알코올농도 0.221%, 운전거리 4.0km, 범행연도 2020"
5459,gpt,few_shot_open_book,0,0,"음주 전과 1회(2014년 벌금), 혈중알코올농도 0.047%, 운전거리 1km, 범행연도 2019, 초범 아님이나 농도 낮음 및 거리 짧음"
5460,gpt,few_shot_open_book,2,2,"음주 전과 1회, 혈중알코올농도 0.182%, 운전거리 극히 짧음(2m), 차종 화물차, 범행연도 2021"
5461,gpt,few_shot_open_book,1,1,"음주 전과 불명(언급 없음), 혈중알코올농도 0.092%, 운전거리 12km, 범행연도 2021, 차종 카니발"
5462,gpt,few_shot_open_book,2,0,"음주 전과 1회, 혈중알코올농도 0.049%, 운전거리 1.5km, 범행연도 2019, 차종 소형 승용차"
5463,gpt,few_shot_open_book,3,3,"음주 전과 다수(동종 누범), 혈중알코올농도 0.238%, 운전거리 3km, 범행연도 2021, 재범 간격 짧지 않음(누적 전력 중 집행유예 전력 있음)"
5464,gpt,few_shot_open_book,2,1,"음주 전과 불명(기재 없음), 혈중알코올농도 0.155%, 운전거리 1.0km, 범행연도 2021, 차종 중형 세단"
5465,gpt,few_shot_open_book,2,1,"음주 전과 1회, 혈중알코올농도 0.043%, 운전거리 8km, 범행연도 2020"
5466,gpt,few_shot_open_book,2,3,"음주 전과 다수(동종 누범 포함), 혈중알코올농도 0.106%, 운전거리 0.1km, 범행연도 2021, 반복적 재범 및 실형 전력"
5467,gpt,few_shot_open_book,2,1,"음주 전과 불명, 혈중알코올농도 0.238%, 운전거리 0.002km, 범행연도 2021, 차종 승용차"
5468,gpt,few_shot_open_book,3,1,"음주 전과 1회, 혈중알코올농도 0.074%, 운전거리 0.8km, 범행연도 2021, 재범(2회 이상 위반)"
5470,gpt,few_shot_open_book,2,2,"음주 전과 1회, 혈중알코올농도 0.186%, 운전거리 2.0km, 범행연도 2021, 화물차 운전"
5471,gpt,few_shot_open_book,0,0,"음주 전과 1회(소년보호처분), 혈중알코올농도 0.042%, 운전거리 3km, 범행연도 2019, 차종 승합차"
5473,gpt,few_shot_open_book,3,2,"음주 전과 1회(재범), 혈중알코올농도 0.192%, 운전거리 0.05km, 범행연도 2021, 장기간 경과 전과(2007)"
5474,gpt,few_shot_open_book,1,1,"음주 전과 불명, 혈중알코올농도 0.108%, 운전거리 31.0km, 범행연도 2021, 차종 승용차"
5475,gpt,few_shot_open_book,1,0,"음주 전과 2회(오래된 전과), 혈중알코올농도 0.030%, 운전거리 0.1km, 범행연도 2021, 차종 화물차"
5476,gpt,few_shot_open_book,2,2,"음주 전과 2회, 혈중알코올농도 0.188%, 운전거리 0.6km, 범행연도 2021, 동종 누범(10년 내 재범 해당 여부 불명확하나 누적 전력 다수)"
5477,gpt,few_shot_open_book,1,0,"음주 전과 불명(기재 없음), 혈중알코올농도 0.079%, 운전거리 0.5km, 범행연도 2021, 차종 SUV"
5478,gpt,few_shot_open_book,2,1,"음주 전과 정보 없음, 혈중알코올농도 0.211%, 운전거리 0.5km, 범행연도 2021, 차종 승용차"
5479,gpt,few_shot_open_book,1,1,"음주 전과 불명(기재 없음), 혈중알코올농도 0.132%, 운전거리 0.2km, 범행연도 2021, 차종 승용차"
5480,gpt,few_shot_open_book,1,2,"동종 집행유예 기간 중 범행, 혈중알코올농도 0.082%, 운전거리 2km, 범행연도 2020, 차종 오토바이"
5481,gpt,few_shot_open_book,0,2,"음주 전과 1회, 혈중알코올농도 0.119%, 운전거리 0.3km, 범행연도 2019"
5482,gpt,few_shot_open_book,2,2,"음주 전과 1회, 혈중알코올농도 0.195%, 운전거리 3km, 범행연도 2021, 재범(2회 이상 위반)"
5483,gpt,few_shot_open_book,2,2,"음주 전과 불명, 혈중알코올농도 0.244%, 운전거리 0.2km, 범행연도 2021, 차종 승용차"
5484,gpt,few_shot_open_book,2,2,"음주 전과 2회, 혈중알코올농도 0.134%, 운전거리 0.5km, 범행연도 2019, 이종 전과 존재"
5485,gpt,few_shot_open_book,2,2,"음주 전과 1회, 혈중알코올농도 0.102%, 운전거리 0.5km, 범행연도 2021"
5486,gpt,few_shot_open_book,2,2,"음주 전과 1회, 혈중알코올농도 0.142%, 운전거리 매우 짧음(약 2m), 차종 화물차, 범행연도 2021"
5487,gpt,few_shot_open_book,2,3,"음주 전과 2회(징역 전력 포함), 혈중알코올농도 0.128%, 장거리 운전 68km, 범행연도 2021, 차종 승용차"
5488,gpt,few_shot_open_book,0,1,"음주 전과 1회(2008, 10년 경과), 혈중알코올농도 0.157%, 운전거리 0.5km, 범행연도 2020, 차종 승용차"
5489,gpt,few_shot_open_book,0,2,"음주 전과 2회, 혈중알코올농도 0.102%, 운전거리 0.5km, 범행연도 2020, 차종 이륜차"
5490,gpt,few_shot_open_book,2,1,"음주 전과 불명, 혈중알코올농도 0.089%, 운전거리 1.5km, 범행연도 2021, 차종 카니발"
5491,gpt,few_shot_open_book,0,1,"음주 전과 1회, 혈중알코올농도 0.069%, 운전거리 1.5km, 범행연도 2021"
5492,gpt,few_shot_open_book,0,1,"음주 전과 불명, 혈중알코올농도 0.147%, 운전거리 11km, 범행연도 2020, 차종 SUV"
5493,gpt,few_shot_open_book,2,2,"음주 전과 1회, 혈중알코올농도 0.190%, 운전거리 1.0km, 범행연도 2020"
5495,gpt,few_shot_open_book,2,2,"음주 전과 2회, 혈중알코올농도 0.141%, 운전거리 0.1km, 범행연도 2021, 차종 승용차"
5496,gpt,few_shot_open_book,1,0,"음주 전과 불명(기재 없음), 혈중알코올농도 0.064%, 운전거리 5km, 범행연도 2021, 차종(승합차)"
5497,gpt,few_shot_open_book,2,1,"음주 전과 정보 부재(초범 추정), 혈중알코올농도 0.098%, 운전거리 2km, 범행연도 2021, 차종 SUV"
5498,gpt,few_shot_open_book,2,1,"음주 전과 불명, 혈중알코올농도 0.106%, 운전거리 3.3km, 범행연도 2021, 차종 승용차"
5499,gpt,few_shot_open_book,0,1,"음주 전과 1회, 혈중알코올농도 0.120%, 운전거리 0.4km, 범행연도 2019, 2회 이상 위반(재범)"
5501,gpt,few_shot_open_book,2,2,"음주 전과 1회, 혈중알코올농도 0.142%, 운전거리 2.7km, 범행연도 2021"
5502,gpt,few_shot_open_book,2,0,"음주 전과 1회(오래된 전과, 2011년), 혈중알코올농도 0.079%, 운전거리 0.5km, 범행연도 2020, 고급 승용차 S500 운전"
5503,gpt,few_shot_open_book,1,1,"음주 전과 0회, 혈중알코올농도 0.151%, 운전거리 15km, 범행연도 2021, 차종 승용차"
5504,gpt,few_shot_open_book,2,2,"음주 전과 1회, 혈중알코올농도 0.147%, 운전거리 0.6km, 범행연도 2021, 재범(2회 위반)"
5506,gpt,few_shot_open_book,2,2,"동종 전과 다수(3회 이상, 집유 전력 포함), 혈중알코올농도 0.082%, 운전거리 0.1km, 범행연도 2020, 재범(10년 내)"
5507,gpt,few_shot_open_book,2,2,"음주 전과 1회, 혈중알코올농도 0.200%, 운전거리 매우 단거리(약 5m), 범행연도 2021"
5508,gpt,few_shot_open_book,2,1,"음주 전과 불명(기재 없음), 혈중알코올농도 0.108%, 운전거리 7km, 범행연도 2021, 차종 승용차"
5509,gpt,few_shot_open_book,2,2,"음주 전과 1회, 혈중알코올농도 0.099%, 운전거리 4km, 범행연도 2020"
5510,gpt,few_shot_open_book,2,2,"음주 전과 1회, 혈중알코올농도 0.156%, 운전거리 0.5km, 범행연도 2021, 2회 이상 위반"
5511,gpt,few_shot_open_book,0,2,"음주 전과 1회, 혈중알코올농도 0.270%, 운전거리 매우 단거리(약 5m), 범행연도 2020, 차종 승용차"
5512,gpt,few_shot_open_book,2,2,"음주 전과 1회(집행유예 전력), 혈중알코올농도 0.190%, 운전거리 0.05km, 범행연도 2019, 운전거리 매우 짧음"
5513,gpt,few_shot_open_book,1,1,"음주 전과 불명, 혈중알코올농도 0.099%, 운전거리 1.0km, 범행연도 2021, 차종 소형 SUV"
5514,gpt,few_shot_open_book,2,2,"음주 전과 2회, 혈중알코올농도 0.081%, 운전거리 0.5km, 범행연도 2021, 재범(10년 내 동종 전과 포함 가능성)"
5515,gpt,few_shot_open_book,2,2,"음주 전과 1회(재범), 혈중알코올농도 0.110%, 운전거리 1km, 범행연도 2020, 차종 승용차"
5516,gpt,few_shot_open_book,2,2,"음주 전과 2회, 혈중알코올농도 0.245%, 운전거리 극히 짧음(약 4m), 범행연도 2020, 반복범행(2회 이상)"
5518,gpt,few_shot_open_book,2,1,"음주 전과 불명, 혈중알코올농도 0.187%, 운전거리 1.0km, 범행연도 2021, 차종 승용차"
5519,gpt,few_shot_open_book,2,1,"음주 전과 2회, 혈중알코올농도 0.041%, 운전거리 0.01km, 범행연도 2021, 차종(화물트럭)"
5520,gpt,few_shot_open_book,2,1,"음주 전과 불명, 혈중알코올농도 0.232%, 운전거리 1.0km, 범행연도 2020, 차종 승용차"
5522,gpt,few_shot_open_book,2,2,"음주 전과 1회(재범), 혈중알코올농도 0.114%, 운전거리 0.5km, 범행연도 2019"
5523,gpt,few_shot_open_book,2,1,"음주 전과 1회(2008, 집행유예), 혈중알코올농도 0.132%, 운전거리 0.05km, 범행연도 2021, 화물차 운전"
5525,gpt,few_shot_open_book,0,1,"음주 전과 1회, 혈중알코올농도 0.099%, 운전거리 5.0km, 범행연도 2020, 차종 이륜자동차"
5526,gpt,few_shot_open_book,2,2,"음주 전과 2회, 혈중알코올농도 0.186%, 운전거리 0.1km, 범행연도 2019, 차종 승용차"
5527,gpt,few_shot_open_book,2,1,"음주 전과 불명(기재 없음), 혈중알코올농도 0.140%, 운전거리 매우 짧음(약 2m), 차종 화물차, 범행연도 2021"
5528,gpt,few_shot_open_book,2,2,"음주 전과 1회, 혈중알코올농도 0.169%, 운전거리 2.0km, 범행연도 2020, 차종 오토바이"
5529,gpt,few_shot_open_book,2,3,"동종 전과(집행유예 포함) 1회, 혈중알코올농도 0.196%, 운전거리 50km, 차종(1톤 화물), 범행연도 2020"
5530,gpt,few_shot_open_book,2,2,"음주 전과 1회, 혈중알코올농도 0.107%, 운전거리 1.5km, 범행연도 2020, 재범(2회 이상 위반)"
5531,gpt,few_shot_open_book,3,3,"음주 전과 다수(4회 이상 및 실형 전력), 혈중알코올농도 0.165%, 운전거리 3km, 화물차, 범행연도 2020"
5532,gpt,few_shot_open_book,2,2,"음주 전과 1회, 혈중알코올농도 0.194%, 운전거리 0.3km, 범행연도 2021, 재범(2회 이상 위반)"
5533,gpt,few_shot_open_book,2,2,"음주 전과 1회, 혈중알코올농도 0.178%, 운전거리 0.4km, 범행연도 2020, 재범(10년 내)"
5535,gpt,few_shot_open_book,2,2,"음주 전과 1회, 혈중알코올농도 0.099%, 운전거리 1.0km, 범행연도 2020"
5536,gpt,few_shot_open_book,2,2,"음주 전과 2회, 혈중알코올농도 0.082%, 운전거리 0.2km, 범행연도 2020, 차량 승용차"
5537,gpt,few_shot_open_book,2,2,"음주 전과 1회, 혈중알코올농도 0.146%, 운전거리 0.03km, 범행연도 2020, 재범(10년 내 동종 전과)"
5538,gpt,few_shot_open_book,2,2,"음주 전과 1회, 혈중알코올농도 0.104%, 운전거리 5.0km, 범행연도 2020, 차종 이륜자동차"
5540,gpt,few_shot_open_book,3,3,"음주 전과 3회(동종 누범), 혈중알코올농도 0.130%, 운전거리 60km, 범행연도 2020, 차종 승용차"
5541,gpt,few_shot_open_book,1,0,"음주 전과 불상, 혈중알코올농도 0.047%, 운전거리 2km, 범행연도 2021, 차종 화물차"
5542,gpt,few_shot_open_book,2,1,"음주 전과 1회, 혈중알코올농도 0.095%, 운전거리 4km, 범행연도 2021, 동종 재범(10년 이내 아님)"
5544,gpt,few_shot_open_book,2,2,"음주 전과 다수(벌금 2회, 징역 1회), 혈중알코올농도 0.107%, 운전거리 4.3km, 화물차, 범행연도 2021"
5545,gpt,few_shot_open_book,3,2,"음주 전과 1회, 혈중알코올농도 0.156%, 운전거리 0.7km, 범행연도 2020, 재범(2회 이상 위반)"
5546,gpt,few_shot_open_book,2,2,"음주 전과 2회(동종 누범), 혈중알코올농도 0.126%, 운전거리 2km, 범행연도 2020, 차종 승용차"
5547,gpt,few_shot_open_book,2,2,"음주 전과 1회, 혈중알코올농도 0.208%, 운전거리 1.8km, 범행연도 2021, 2회 이상 위반"
5548,gpt,few_shot_open_book,2,1,"음주 전과 1회, 혈중알코올농도 0.064%, 운전거리 0.3km, 범행연도 2019"
5549,gpt,few_shot_open_book,3,2,"음주 전과 1회, 혈중알코올농도 0.213%, 운전거리 1.0km, 범행연도 2021, 재범(2회 이상 위반)"
5550,gpt,few_shot_open_book,2,2,"음주 전과 2회, 혈중알코올농도 0.196%, 운전거리 0.15km, 범행연도 2021, 차종 오토바이"
5551,gpt,few_shot_open_book,2,2,"음주 전과 2회, 혈중알코올농도 0.143%, 운전거리 0.2km, 범행연도 2020, 차종 대형 SUV"
5552,gpt,few_shot_open_book,2,2,"음주 전과 1회, 혈중알코올농도 0.111%, 운전거리 1km, 범행연도 2021"
5553,gpt,few_shot_open_book,2,1,"음주 전과 불상, 혈중알코올농도 0.141%, 운전거리 0.3km, 범행연도 2021, 차종 SUV"
5554,gpt,few_shot_open_book,2,2,"음주 전과 1회, 혈중알코올농도 0.132%, 운전거리 10km, 범행연도 2020, 고급차량 운전, 최근 집행유예 전력(이종 전과)"
5555,gpt,few_shot_open_book,2,2,"음주 전과 1회, 혈중알코올농도 0.174%, 운전거리 0.45km, 범행연도 2019, 차종 승용차"
5556,gpt,few_shot_open_book,2,1,"음주 전과 불명(기재 없음), 혈중알코올농도 0.144%, 운전거리 1.4km, 범행연도 2021, 차종 화물차(포터Ⅱ)"
5559,gpt,few_shot_open_book,3,1,"음주 전과 불명(기재 없음), 혈중알코올농도 0.131%, 운전거리 매우 짧음(약 10m), 범행연도 2020, 차종 카니발"
5560,gpt,few_shot_open_book,0,0,"음주 전과 정보 부재(초범 추정), 혈중알코올농도 0.054%, 운전거리 3km, 범행연도 2021, 차종 SUV"
5561,gpt,few_shot_open_book,0,1,"음주 전과 정보 부재(초범 추정), 혈중알코올농도 0.179%, 운전거리 0.05km(주차장 내 단거리), 범행연도 2019"
5562,gpt,few_shot_open_book,2,3,"음주 전과 다수(벌금 및 징역 전력), 혈중알코올농도 0.118%, 운전거리 1km, 범행연도 2020, 동종 누범(재범)"
5563,gpt,few_shot_open_book,2,1,"음주 전과 불명, 혈중알코올농도 0.117%, 운전거리 1.1km, 범행연도 2021, 차종 승용차"
5564,gpt,few_shot_open_book,2,2,"음주 전과 불상, 혈중알코올농도 0.208%, 운전거리 24km, 범행연도 2019, 차종 승용차"
5565,gpt,few_shot_open_book,0,2,"음주 전과 1회(집행유예 전력), 혈중알코올농도 0.185%, 운전거리 2km, 범행연도 2020, 차종 승용차"
5566,gpt,few_shot_open_book,2,0,"음주 전과 1회(오래된 2008년), 혈중알코올농도 0.045%, 운전거리 0.7km, 범행연도 2020, 차종 이륜차"
5568,gpt,few_shot_open_book,0,2,"음주 전과 1회, 혈중알코올농도 0.123%, 운전거리 4km, 범행연도 2020"
5569,gpt,few_shot_open_book,2,3,"음주 전과 1회, 혈중알코올농도 0.265%, 운전거리 5.0km, 범행연도 2021, 재범(2회 이상 위반)"
5570,gpt,few_shot_open_book,2,2,"음주 전과 1회(재범), 혈중알코올농도 0.159%, 운전거리 3km, 범행연도 2021, 2회 이상 위반"
5571,gpt,few_shot_open_book,2,1,"음주 전과 1회(재범), 혈중알코올농도 0.034%, 운전거리 0.1km, 범행연도 2020, 낮은 BAC이나 동종 재범으로 인한 가중"
5572,gpt,few_shot_open_book,0,2,"음주 전과 1회, 혈중알코올농도 0.093%, 운전거리 1.0km, 범행연도 2021, 재범(2회 이상 위반)"
5573,gpt,few_shot_open_book,0,1,"음주 전과 불명(기재 없음), 혈중알코올농도 0.133%, 운전거리 1.0km, 범행연도 2021, 차종 승용차(K5)"
5574,gpt,few_shot_open_book,0,1,"음주 전과 불명(기재 없음), 혈중알코올농도 0.128%, 운전거리 장거리·고속도로 이용, 범행연도 2020, 차종 승용차"
5575,gpt,few_shot_open_book,2,2,"음주 전과 1회, 혈중알코올농도 0.102%, 운전거리 3km, 범행연도 2021, 동일 죄 2회 이상 위반"
5576,gpt,few_shot_open_book,2,1,"음주 전과 1회, 혈중알코올농도 0.076%, 운전거리 0.03km, 범행연도 2021, 아파트 지하주차장 및 단거리 운전"
5578,gpt,few_shot_open_book,2,1,"음주 전과 불명, 혈중알코올농도 0.193%, 운전거리 8km, 범행연도 2021, 차종 승합차"
5580,gpt,few_shot_open_book,0,2,"음주 전과 1회, 혈중알코올농도 0.186%, 운전거리 0.5km, 범행연도 2020, 승합차 운전"
5581,gpt,few_shot_open_book,2,2,"음주 전과 불명(기재 없음), 혈중알코올농도 0.201%, 운전거리 0.5km, 범행연도 2021, 차종 SUV"
5582,gpt,few_shot_open_book,0,1,"음주 전과 2회, 혈중알코올농도 0.063%, 운전거리 5km, 범행연도 2021, 재범(10년 내 2회 이상 위반 해당 소지)"
5583,gpt,few_shot_open_book,2,2,"음주 전과 1회, 혈중알코올농도 0.102%, 운전거리 5km, 범행연도 2021, 재범(2회 이상 위반)"
5584,gpt,few_shot_open_book,0,2,"음주 전과 1회, 혈중알코올농도 0.199%, 운전거리 1.0km, 범행연도 2020, 차종 승용차"
5585,gpt,few_shot_open_book,3,1,"음주 전과 1회(오래전, 집유), 혈중알코올농도 0.154%, 운전거리 0.9km, 범행연도 2021, 차종 승용차"
5586,gpt,few_shot_open_book,0,1,"음주 전과 불명(기재 없음), 혈중알코올농도 0.187%, 운전거리 1.0km, 범행연도 2021, 차종 승용차"
5587,gpt,few_shot_open_book,2,2,"음주 전과 2회, 혈중알코올농도 0.094%, 운전거리 2km, 범행연도 2020, 차종 SUV"
5588,gpt,few_shot_open_book,1,0,"음주 전과 불명(기재 없음), 혈중알코올농도 0.050%, 운전거리 4km, 범행연도 2022, 차종 승용차"
5589,gpt,few_shot_open_book,2,1,"음주 전과 불명(기재 없음), 혈중알코올농도 0.169%, 운전거리 15km, 범행연도 2021, 차종 BMW 520d"
5590,gpt,few_shot_open_book,2,2,"음주 전과 1회, 혈중알코올농도 0.108%, 운전거리 0.3km, 범행연도 2019, 차종 SUV"
5591,gpt,few_shot_open_book,2,2,"음주 전과 0회, 혈중알코올농도 0.218%, 운전거리 1.0km, 범행연도 2021"
5592,gpt,few_shot_open_book,2,2,"음주 전과 2회, 혈중알코올농도 0.115%, 운전거리 15km, 범행연도 2020"
5593,gpt,few_shot_open_book,2,3,"동종 전과 다수 및 실형 전력, 혈중알코올농도 0.138%, 운전거리 0.5km, 범행연도 2021, 차종 오토바이"
5594,gpt,few_shot_open_book,2,2,"음주 전과 2회(동종 누범에 준하는 재범), 혈중알코올농도 0.093%, 운전거리 0.1km, 범행연도 2020, 차량 고급 승용차(위험성 판단에는 중립)"
5595,gpt,few_shot_open_book,2,1,"음주 전과 1회, 혈중알코올농도 0.065%, 운전거리 0.3km, 범행연도 2021, 재범(2회 이상 위반)"
5596,gpt,few_shot_open_book,2,2,"음주 전과 2회, 혈중알코올농도 0.106%, 운전거리 0.05km, 범행연도 2021, 3회 이상 동종 전과(5년 초과) but 누범 아님"
5597,gpt,few_shot_open_book,2,2,"음주 전과 2회, 혈중알코올농도 0.094%, 운전거리 2.0km, 범행연도 2020, 동종 누범(2회 이상 위반)"
5598,gpt,few_shot_open_book,2,2,"음주 전과 3회(집유 포함), 혈중알코올농도 0.137%, 운전거리 1km, 범행연도 2019, 동종 누범(2회 이상 위반)"
5599,gpt,few_shot_open_book,2,2,"음주 전과 1회, 혈중알코올농도 0.128%, 운전거리 1.0km, 범행연도 2021, 차종 승용차"
5600,gpt,few_shot_open_book,1,0,"음주 전과 불명(기재 없음), 혈중알코올농도 0.057%, 운전거리 2km, 범행연도 2021, 차종 승용차"
5601,gpt,few_shot_open_book,0,0,"음주 전과 1회(오래된 2009년), 혈중알코올농도 0.039%, 운전거리 40km, 범행연도 2020, 초범에 준하는 오래된 전과로 벌금 가능성 높음"
5602,gpt,few_shot_open_book,1,0,"음주 전과 불명(기재 없음), 혈중알코올농도 0.051%, 운전거리 1.0km, 범행연도 2021, 차종 승용차"
5603,gpt,few_shot_open_book,2,2,"음주 전과 1회, 혈중알코올농도 0.172%, 운전거리 0.8km, 범행연도 2020, 재범(2회 이상 위반)"
5604,gpt,few_shot_open_book,0,1,"음주 전과 정보 불명(기재 없음), 혈중알코올농도 0.163%, 운전거리 1.0km, 범행연도 2021, 차종 승용차"
5605,gpt,few_shot_open_book,2,2,"음주 전과 2회, 혈중알코올농도 0.159%, 운전거리 3km, 범행연도 2021, 재범(10년 내 동종 전과)"
5606,gpt,few_shot_open_book,3,3,"음주 전과 1회, 재범 간극 짧은 연속 범행(이틀 연속), 혈중알코올농도 0.188% 및 0.208%, 운전거리 3km·4km, 차종 화물차, 범행연도 2020"
5607,gpt,few_shot_open_book,2,1,"음주 전과 1회(측정거부), 혈중알코올농도 0.047%, 운전거리 10km, 범행연도 2020, 차종 화물차"
5608,gpt,few_shot_open_book,2,2,"음주 전과 3회, 혈중알코올농도 0.128%, 운전거리 10km, 범행연도 2021, 차량 고급차종(벤츠)"
5609,gpt,few_shot_open_book,2,2,"음주 전과 2회, 혈중알코올농도 0.117%, 운전거리 15km, 범행연도 2021, 동종 누범(재범)"
5610,gpt,few_shot_open_book,2,1,"음주 전과 1회, 혈중알코올농도 0.098%, 운전거리 0.75km, 범행연도 2020, 단거리·비교적 낮은 수치(0.08~0.2 구간 하한대)"
5613,gpt,few_shot_open_book,3,1,"음주 전과 2회(2008, 2018), 혈중알코올농도 0.082%, 운전거리 0.5km, 범행연도 2021, 차종 화물차(포터)"
5614,gpt,few_shot_open_book,0,0,"음주 전과 불명, 혈중알코올농도 0.106%, 운전거리 3m, 범행연도 2021, 장소 주차장"
5615,gpt,few_shot_open_book,2,2,"음주 전과 2회(동종), 혈중알코올농도 0.169%, 운전거리 1.4km, 범행연도 2020, 기타 전과 존재(집행유예 취소·실형 집행 종료)"
5616,gpt,few_shot_open_book,2,2,"음주 전과 1회, 혈중알코올농도 0.151%, 운전거리 3km, 범행연도 2021, 2회 이상 위반(재범)"
5617,gpt,few_shot_open_book,2,1,"음주 전과 1회(오래전, 10년 경과), 혈중알코올농도 0.132%, 운전거리 16.9km, 범행연도 2021, 차종(승용차)"
5618,gpt,few_shot_open_book,0,1,"음주 전과 2회(동종 재범), 혈중알코올농도 0.056%, 운전거리 2km, 범행연도 2021, 차종 승용차"
5619,gpt,few_shot_open_book,2,1,"음주 전과 1회, 혈중알코올농도 0.104%, 운전거리 0.01km, 범행연도 2020, 차량 고급 세단(벤츠)"
5620,gpt,few_shot_open_book,2,2,"음주 전과 1회, 혈중알코올농도 0.135%, 운전거리 0.5km, 범행연도 2021, 재범(2회 이상 위반)"
5621,gpt,few_shot_open_book,0,1,"음주 전과 1회, 혈중알코올농도 0.074%, 운전거리 0.1km, 범행연도 2019, 차종(BMW)"
5622,gpt,few_shot_open_book,2,1,"음주 전과 1회, 혈중알코올농도 0.082%, 운전거리 4.0km, 범행연도 2020, 재범(10년 내 여부 불명)"
5624,gpt,few_shot_open_book,1,1,"음주 전과 불명(기재 없음), 혈중알코올농도 0.164%, 운전거리 2km, 범행연도 2021, 차종 승용차"
5625,gpt,few_shot_open_book,2,2,"음주 전과 1회, 혈중알코올농도 0.187%, 운전거리 3km, 범행연도 2020, 차종 화물차"
5627,gpt,few_shot_open_book,2,0,"동종 전과 다수, 혈중알코올농도 0.003%(측정치상 음주 기준 미만), 운전거리 1km, 차종 이륜차, 범행연도 2020"
5628,gpt,few_shot_open_book,3,2,"음주 전과 2회(집행유예 포함), 혈중알코올농도 0.097%, 운전거리 0.01km, 범행연도 2021, 화물차 운전"
5629,gpt,few_shot_open_book,3,2,"음주 전과 1회, 혈중알코올농도 0.164%, 운전거리 3km, 범행연도 2020, 재범(2회 이상)"
5630,gpt,few_shot_open_book,2,2,"음주 전과 2회, 혈중알코올농도 0.123%, 운전거리 0.3km, 범행연도 2021, 동종 재범(2회 이상)"
5631,gpt,few_shot_open_book,2,2,"음주 전과 1회, 혈중알코올농도 0.092%, 운전거리 1.0km, 차종 화물차, 범행연도 2019"
5632,gpt,few_shot_open_book,2,2,"음주 전과 2회 이상(과거 징역형 집유 포함), 혈중알코올농도 0.110%, 운전거리 1km, 범행연도 2021, 동종 누범(재범)"
5633,gpt,few_shot_open_book,3,1,"음주 전과 불명(기재 없음), 혈중알코올농도 0.185%, 운전거리 7.0km, 범행연도 2021, 차종 승용차"
5634,gpt,few_shot_open_book,0,1,"음주 전과 1회, 혈중알코올농도 0.085%, 운전거리 0.2km, 범행연도 2020, 차종 소형승용(모닝)"
5635,gpt,few_shot_open_book,2,2,"음주 전과 2회, 혈중알코올농도 0.163%, 운전거리 5km, 범행연도 2021, 차종 승용차"
5636,gpt,few_shot_open_book,2,1,"음주 전과 불명, 혈중알코올농도 0.104%, 운전거리 22km, 범행연도 2021, 차종 승용차"
5637,gpt,few_shot_open_book,2,2,"음주 전과 2회, 혈중알코올농도 0.162%, 운전거리 0.01km, 범행연도 2020, 차종 SUV"
5638,gpt,few_shot_open_book,2,1,"음주 전과 1회(오래된 전과), 혈중알코올농도 0.151%, 운전거리 2.8km, 범행연도 2021, 차종 SUV"
5640,gpt,few_shot_open_book,2,2,"음주 전과 1회(측정거부), 혈중알코올농도 0.194%, 운전거리 5km, 범행연도 2020, 재범(2회 이상 위반)"
5641,gpt,few_shot_open_book,2,1,"음주 전과 1회, 혈중알코올농도 0.093%, 운전거리 0.001km(약 1m), 범행연도 2020, 장소가 주차장(도로교통 위험 낮음)"
5642,gpt,few_shot_open_book,2,2,"음주 전과 1회, 혈중알코올농도 0.107%, 운전거리 0.01km, 범행연도 2021, 차종 승용차"
5643,gpt,few_shot_open_book,2,3,"음주 전과 2회, 혈중알코올농도 0.104%, 운전거리 6.0km, 범행연도 2021"
5644,gpt,few_shot_open_book,2,1,"음주 전과 불명, 혈중알코올농도 0.197%, 운전거리 3.6km, 범행연도 2021, 차종 승용차"
5645,gpt,few_shot_open_book,2,2,"음주 전과 2회(재범), 혈중알코올농도 0.166%, 운전거리 7km, 범행연도 2020, 차종 승용차"
5646,gpt,few_shot_open_book,2,1,"음주 전과 불명, 혈중알코올농도 0.110%, 운전거리 15km, 범행연도 2021, 고속도로 구간 운전"
5647,gpt,few_shot_open_book,2,2,"음주 전과 1회, 혈중알코올농도 0.111%, 운전거리 0.5km, 범행연도 2021, 화물차 운전"
5648,gpt,few_shot_open_book,2,2,"음주 전과 2회, 혈중알코올농도 0.184%, 운전거리 3.0km, 범행연도 2021, 재범(2회 이상 위반)"
5649,gpt,few_shot_open_book,2,1,"음주 전과 1회, 혈중알코올농도 0.094%, 운전거리 0.01km, 범행연도 2019, 차종 승용차"
5650,gpt,few_shot_open_book,2,2,"음주 전과 2회(2018 포함 10년 내 재범), 혈중알코올농도 0.138%, 운전거리 2km, 차종 화물차, 범행연도 2020"
5651,gpt,few_shot_open_book,2,2,"음주 전과 1회, 혈중알코올농도 0.116%, 운전거리 2.5km, 범행연도 2021, 재범(2회 이상 위반)"
5652,gpt,few_shot_open_book,2,2,"음주 전과 1회, 혈중알코올농도 0.184%, 운전거리 1.0km, 범행연도 2020, 재범(2회 이상 위반)"
5653,gpt,few_shot_open_book,2,1,"음주 전과 불명(기재 없음), 혈중알코올농도 0.121%, 운전거리 0.5km, 범행연도 2021, 차종 승용차"
5654,gpt,few_shot_open_book,1,1,"음주 전과 2회, 혈중알코올농도 0.119%, 운전거리 1.0km, 범행연도 2019, 동종 누범 해당 가능성(10년 내 재범)"
5655,gpt,few_shot_open_book,2,1,"음주 전과 1회, 혈중알코올농도 0.124%, 운전거리 0.5km, 범행연도 2021, 재범(10년 이내 아님)"
5657,gpt,few_shot_open_book,2,2,"음주 전과 1회, 혈중알코올농도 0.088%, 운전거리 1.2km, 범행연도 2020"
5658,gpt,few_shot_open_book,0,1,"음주 전과 불명(기재 없음), 혈중알코올농도 0.136%, 운전거리 0.1km, 범행연도 2015, 차종 승용차"
5659,gpt,few_shot_open_book,2,2,"음주 전과 1회(재범), 혈중알코올농도 0.121%, 운전거리 0.4km, 범행연도 2021, 차종 SUV"
5660,gpt,few_shot_open_book,2,2,"음주 전과 1회(측정거부), 혈중알코올농도 0.136%, 운전거리 매우 단거리(약 20m), 범행연도 2021, 차종 승용차"
5661,gpt,few_shot_open_book,2,2,"음주 전과 1회, 혈중알코올농도 0.132%, 운전거리 15.0km, 차종 화물차, 범행연도 2021"
5662,gpt,few_shot_open_book,2,2,"음주 전과 2회(재범), 혈중알코올농도 0.156%, 운전거리 0.05km, 범행연도 2019"
5663,gpt,few_shot_open_book,1,0,"음주 전과 불명, 혈중알코올농도 0.043%, 운전거리 70km, 범행연도 2021, 차종 화물차"
5664,gpt,few_shot_open_book,0,2,"음주 전과 1회, 혈중알코올농도 0.196%, 운전거리 0.5km, 범행연도 2021, 재범(2회 이상 위반)"
5665,gpt,few_shot_open_book,2,2,"음주 전과 2회(재범), 혈중알코올농도 0.113%, 운전거리 0.02km, 범행연도 2021, 운전거리 매우 짧음(감경요소)"
5666,gpt,few_shot_open_book,2,1,"음주 전과 0회, 혈중알코올농도 0.124%, 운전거리 0.05km, 범행연도 2021, 차종 화물(봉고3)"
5667,gpt,few_shot_open_book,3,2,"음주 전과 1회, 혈중알코올농도 0.131%, 운전거리 0.05km, 범행연도 2019, 차종 화물차"
5668,gpt,few_shot_open_book,1,1,"음주 전과 불상, 혈중알코올농도 0.136%, 운전거리 0.5km, 범행연도 2021, 차종 승용차"
5669,gpt,few_shot_open_book,2,1,"음주 전과 불명, 혈중알코올농도 0.213%, 운전거리 0.05km(주차장 내 단거리), 범행연도 2020, 차종 승용차"
5670,gpt,few_shot_open_book,2,2,"음주 전과 불명(타 전과 有), 혈중알코올농도 0.229%, 운전거리 0.35km, 범행연도 2021, 최근 실형/가석방 후 범행(일반 가중)"
5671,gpt,few_shot_open_book,2,1,"음주 전과 1회, 혈중알코올농도 0.080%, 운전거리 8.0km, 범행연도 2021, 화물차 운전"
5672,gpt,few_shot_open_book,2,2,"음주 전과 1회, 혈중알코올농도 0.237%, 운전거리 1.3km, 범행연도 2020, 재범(2회 이상 위반)"
5673,gpt,few_shot_open_book,2,1,"음주 전과 1회, 혈중알코올농도 0.063%, 운전거리 0.02km, 범행연도 2019, 특수 장소(견인차량보관소 내)"
5674,gpt,few_shot_open_book,2,1,"음주 전과 1회(10년 초과), 혈중알코올농도 0.08%, 운전거리 7km, 범행연도 2020, 재범 해당(2회 이상 위반)"
5675,gpt,few_shot_open_book,0,1,"음주 전과 1회, 혈중알코올농도 0.083%, 운전거리 0.02km, 범행연도 2020, 차종 승용차"
5676,gpt,few_shot_open_book,2,2,"음주 전과 1회, 혈중알코올농도 0.114%, 운전거리 0.56km, 범행연도 2021, 재범(2회 이상 위반)"
5677,gpt,few_shot_open_book,2,1,"음주 전과 2회(2013, 2017), 혈중알코올농도 0.035%, 운전거리 0.4km, 범행연도 2021, 재범(2회 이상 위반)"
5678,gpt,few_shot_open_book,2,2,"음주 전과 불명, 혈중알코올농도 0.190%, 운전거리 20km, 범행연도 2021, 승합차량 운전"
5679,gpt,few_shot_open_book,2,1,"음주 전과 2회, 혈중알코올농도 0.062%, 운전거리 0.5km, 범행연도 2021, 동종재범(2회 이상)"
5680,gpt,few_shot_open_book,2,2,"음주 전과 1회(10년 내 재범), 혈중알코올농도 0.098%, 운전거리 0.5km, 범행연도 2021, 동종 누범(제148조의2 제1항 해당)"
5681,gpt,few_shot_open_book,0,0,"음주 전과 불명(기재 없음), 혈중알코올농도 0.088%, 운전거리 1km, 범행연도 2021, 차종 SUV"
5682,gpt,few_shot_open_book,2,1,"음주 전과 1회, 혈중알코올농도 0.093%, 운전거리 1.0km, 범행연도 2019, 차종 이륜차"
5683,gpt,few_shot_open_book,0,1,"음주 전과 불명(기재 없음), 혈중알코올농도 0.104%, 운전거리 35.0km, 범행연도 2020, 차종 승용차"
5684,gpt,few_shot_open_book,0,1,"음주 전과 1회(재범), 혈중알코올농도 0.065%, 운전거리 8km, 범행연도 2020, 고속도로 구간 운전"
5686,gpt,few_shot_open_book,2,2,"음주 전과 1회, 혈중알코올농도 0.124%, 운전거리 2.0km, 범행연도 2021, 재범(2회 이상 위반)"
5687,gpt,few_shot_open_book,0,1,"음주 전과 불명, 혈중알코올농도 0.125%, 운전거리 0.1km, 범행연도 2021, 차종 승용차"
5688,gpt,few_shot_open_book,2,1,"음주 전과 불명(기재 없음), 혈중알코올농도 0.124%, 운전거리 8.0km, 범행연도 2021, 차종 승용차"
5689,gpt,few_shot_open_book,2,2,"음주 전과 1회(재범, 1개월 간격), 혈중알코올농도 0.103%, 운전거리 5km, 범행연도 2021, 동종 누범(10년 내 재범)"
5692,gpt,few_shot_open_book,0,0,"음주 전과 불명(기재 없음), 혈중알코올농도 0.092%, 운전거리 0.8km, 범행연도 2021, 차종 소형 이륜차(49cc)"
5693,gpt,few_shot_open_book,2,2,"음주 전과 다수(3회 이상, 집행유예 전력 포함), 혈중알코올농도 0.069%, 운전거리 10km, 범행연도 2020, 동종 누범"
5694,gpt,few_shot_open_book,0,0,"음주 전과 불명(기재 없음), 혈중알코올농도 0.047%, 운전거리 2.0km, 범행연도 2021, 차종 카니발"
5696,gpt,few_shot_open_book,2,0,"음주 전과 1회, 혈중알코올농도 0.07%, 운전거리 0.2km, 범행연도 2020, 단기간 재범(약식명령 후 1개월 내)"
5697,gpt,few_shot_open_book,1,0,"음주 전과 불상, 혈중알코올농도 0.090%, 운전거리 0.5km, 범행연도 2021, 차종 승용차"
5698,gpt,few_shot_open_book,2,2,"음주 전과 1회, 혈중알코올농도 0.157%, 운전거리 2km, 범행연도 2020, 차종 승용차"
5699,gpt,few_shot_open_book,2,2,"음주 전과 1회, 혈중알코올농도 0.216%, 운전거리 20km, 범행연도 2021, 고농도·재범으로 법정 상향 구간 해당"
5700,gpt,few_shot_open_book,2,2,"음주 전과 2회, 혈중알코올농도 0.166%, 운전거리 0.14km, 범행연도 2021, 재범(2회 이상)"
5701,gpt,few_shot_open_book,2,1,"음주 전과 2회(오래됨, 10년 이상 전), 혈중알코올농도 0.075%, 운전거리 1km, 범행연도 2021, 재범(2회 이상 위반)"
5702,gpt,few_shot_open_book,2,2,"음주 전과 1회, 혈중알코올농도 0.185%, 운전거리 매우 짧음(약 10m), 범행연도 2020, 차종 고급세단(E300)"
5703,gpt,few_shot_open_book,2,1,"음주 전과 불명, 혈중알코올농도 0.090%, 운전거리 3km, 범행연도 2021, 차종 SUV"
5704,gpt,few_shot_open_book,1,1,"음주 전과 불명, 혈중알코올농도 0.191%, 운전거리 0.001km, 범행연도 2021, 차종 SUV"
5705,gpt,few_shot_open_book,2,2,"음주 전과 2회, 혈중알코올농도 0.224%, 운전거리 1.0km, 차종 화물차, 범행연도 2019"
5706,gpt,few_shot_open_book,2,1,"음주 전과 1회(2008, 오래된 전과), 혈중알코올농도 0.151%, 운전거리 5m(매우 단거리), 범행연도 2021, 장소 주차장 내부(도로교통상 위험 낮음)"
5707,gpt,few_shot_open_book,3,2,"음주 전과 다수(동종 누범), 혈중알코올농도 0.084%, 운전거리 0.05km, 범행연도 2021, 차종 승용차"
5709,gpt,few_shot_open_book,2,2,"음주 전과 1회, 혈중알코올농도 0.140%, 운전거리 28km, 범행연도 2020"
5710,gpt,few_shot_open_book,2,2,"음주 전과 1회, 혈중알코올농도 0.191%, 운전거리 3km, 범행연도 2020, 2회 이상 위반(동종 전과로 가중)"
5711,gpt,few_shot_open_book,0,1,"음주 전과 1회(2007, 경과기간 김), 혈중알코올농도 0.139%, 운전거리 0.05km, 범행연도 2021, 차종 화물차"
5712,gpt,few_shot_open_book,2,1,"음주 전과 불명(기재 없음), 혈중알코올농도 0.100%, 운전거리 5km, 범행연도 2021, 차종 승용차"
5714,gpt,few_shot_open_book,0,1,"음주 전과 불명(기재 없음), 혈중알코올농도 0.172%, 운전거리 0.15km, 범행연도 2021, 차종 승용차"
5715,gpt,few_shot_open_book,1,0,"음주 전과 불상(기재없음), 혈중알코올농도 0.078%, 운전거리 2km, 범행연도 2021, 차종 승용차"
5717,gpt,few_shot_open_book,2,2,"음주 전과 불명, 혈중알코올농도 0.205%, 운전거리 5.0km, 범행연도 2021, 차종 승용차"
5718,gpt,few_shot_open_book,2,1,"음주 전과 불상, 혈중알코올농도 0.154%, 운전거리 8.0km, 범행연도 2021, 차종 대형 세단"
5719,gpt,few_shot_open_book,2,1,"음주 전과 불명(기재 없음), 혈중알코올농도 0.166%, 운전거리 7km, 범행연도 2021, 차종 승용차"
5720,gpt,few_shot_open_book,1,1,"음주 전과 불명, 혈중알코올농도 0.152%, 운전거리 7.9km, 범행연도 2021, 차종 승용차"
5721,gpt,few_shot_open_book,2,2,"음주 전과 1회, 혈중알코올농도 0.171%, 운전거리 1.5km, 범행연도 2020, 차종 승용차"
5722,gpt,few_shot_open_book,2,1,"음주 전과 1회, 혈중알코올농도 0.058%, 운전거리 0.5km, 범행연도 2021, 재범(2회 이상 위반)"
5723,gpt,few_shot_open_book,3,2,"음주 전과 1회, 혈중알코올농도 0.189%, 운전거리 1.0km, 범행연도 2021"
5724,gpt,few_shot_open_book,2,3,"음주 전과 3회 이상, 혈중알코올농도 0.102%, 운전거리 10km, 범행연도 2020, 동종 누범(2회 이상 위반)"
5725,gpt,few_shot_open_book,1,1,"음주 전과 불상, 혈중알코올농도 0.191%, 운전거리 0.5km, 범행연도 2021, 차종 승용차"
5726,gpt,few_shot_open_book,2,1,"음주 전과 불명, 혈중알코올농도 0.233%, 운전거리 2.0km, 범행연도 2020, 차종 승용차"
5728,gpt,few_shot_open_book,2,2,"음주 전과 불명, 혈중알코올농도 0.207%, 운전거리 0.8km, 범행연도 2021, 차종 승용차"
5729,gpt,few_shot_open_book,1,1,"음주 전과 불명, 혈중알코올농도 0.139%, 운전거리 0.001km, 범행연도 2021, 차종 승용차"
5730,gpt,few_shot_open_book,2,3,"음주 전과 다수(4회 벌금+1회 집행유예), 혈중알코올농도 0.158%, 운전거리 0.15km, 범행연도 2020, 차종 이륜차"
5731,gpt,few_shot_open_book,2,2,"음주 전과 2회(재범), 혈중알코올농도 0.171%, 운전거리 0.8km, 범행연도 2019, 반복위반(2회 이상)"
5733,gpt,few_shot_open_book,2,2,"음주 전과 3회 이상, 혈중알코올농도 0.197%, 운전거리 0.05km, 범행연도 2021, 동종 누범"
5734,gpt,few_shot_open_book,0,1,"음주 전과 2회(동종 전과), 혈중알코올농도 0.054%, 운전거리 0.5km, 범행연도 2020, 누범기간 경과(10년 초과)"
5735,gpt,few_shot_open_book,0,2,"음주 전과 1회, 혈중알코올농도 0.188%, 운전거리 0.1km, 범행연도 2020, 차종 이륜차"
5736,gpt,few_shot_open_book,3,1,"음주 전과 1회(집행유예 포함), 혈중알코올농도 0.078%, 운전거리 1.0km, 범행연도 2020, 차종 SUV"
5737,gpt,few_shot_open_book,2,2,"음주 전과 1회, 혈중알코올농도 0.170%, 운전거리 1.5km, 범행연도 2020, 차종 승용차"
5740,gpt,few_shot_open_book,2,2,"음주 전과 1회, 혈중알코올농도 0.115%, 운전거리 2.0km, 범행연도 2020, 차종 화물차"
5741,gpt,few_shot_open_book,0,1,"음주 전과 1회, 혈중알코올농도 0.095%, 운전거리 0.05km, 범행연도 2021, 초단거리 운전"
5742,gpt,few_shot_open_book,2,2,"음주 전과 1회, 혈중알코올농도 0.166%, 운전거리 4km, 범행연도 2021, 재범(2회 이상 위반)"
5743,gpt,few_shot_open_book,2,2,"음주 전과 1회, 혈중알코올농도 0.108%, 운전거리 3km, 범행연도 2020, 차종 승용차"
5746,gpt,few_shot_open_book,2,2,"음주 전과 1회(재범), 혈중알코올농도 0.119%, 운전거리 2km, 범행연도 2020, 승용차 운전"
5747,gpt,few_shot_open_book,2,2,"음주 전과 1회, 혈중알코올농도 0.195%, 운전거리 0.005km, 범행연도 2019, 차종 소형 승용차"
5748,gpt,few_shot_open_book,2,1,"음주 전과 1회, 혈중알코올농도 0.078%, 운전거리 4km, 범행연도 2021, 재범(2회 이상 위반)"
5750,gpt,few_shot_open_book,2,2,"음주 전과 1회, 혈중알코올농도 0.106%, 운전거리 0.5km, 범행연도 2021"
5751,gpt,few_shot_open_book,2,2,"음주 전과 1회, 혈중알코올농도 0.186%, 운전거리 0.5km, 범행연도 2021, 10년 초과 전과(가중효과 제한)"
5752,gpt,few_shot_open_book,2,2,"음주 전과 1회, 혈중알코올농도 0.225%, 운전거리 0.6km, 범행연도 2021, 화물차 운전"
5754,gpt,few_shot_open_book,2,2,"음주 전과 1회, 혈중알코올농도 0.124%, 운전거리 6km, 범행연도 2019, 차종 SUV"
5755,gpt,few_shot_open_book,2,1,"음주 전과 2회, 혈중알코올농도 0.075%, 운전거리 0.5km, 범행연도 2021, 재범(2회 이상 위반)"
5756,gpt,few_shot_open_book,2,1,"음주 전과 1회, 혈중알코올농도 0.073%, 운전거리 0.8km, 범행연도 2020"
5757,gpt,few_shot_open_book,3,2,"음주 전과 1회, 혈중알코올농도 0.191%, 운전거리 0.03km, 범행연도 2021, 재범(2회 이상 위반)"
5759,gpt,few_shot_open_book,2,1,"음주 전과 불명(기재 없음), 혈중알코올농도 0.211%, 운전거리 4.0km, 범행연도 2020, 차종 대형 SUV"
5760,gpt,few_shot_open_book,2,1,"음주 전과 2회(10년 초과), 혈중알코올농도 0.092%, 운전거리 0.02km, 범행연도 2020, 차량 고급 승용차(벤츠)"
5761,gpt,few_shot_open_book,2,2,"음주 전과 1회(과거 벌금형), 혈중알코올농도 0.150%, 운전거리 3km, 범행연도 2020, 차종 SUV(싼타페)"
5762,gpt,few_shot_open_book,1,0,"음주 전과 불명(기재 없음), 혈중알코올농도 0.053%, 운전거리 3km, 범행연도 2021, 차종 화물차"
5763,gpt,few_shot_open_book,2,2,"음주 전과 1회, 혈중알코올농도 0.165%, 운전거리 0.5km, 범행연도 2021"
5764,gpt,few_shot_open_book,2,1,"음주 전과 3회(집유 포함), 혈중알코올농도 0.064%, 운전거리 1.0km, 범행연도 2019, 차종(화물차)"
5765,gpt,few_shot_open_book,2,1,"음주 전과 2회(오래된 전력), 혈중알코올농도 0.067%, 운전거리 1.5km, 범행연도 2020, 차종 SUV"
5766,gpt,few_shot_open_book,2,2,"음주 전과 1회, 혈중알코올농도 0.136%, 운전거리 0.15km, 범행연도 2021, 재범(2회 이상 위반)"
5767,gpt,few_shot_open_book,3,2,"음주 전과 다수(3회), 혈중알코올농도 0.172%, 운전거리 2.0km, 범행연도 2021, 동종 누범(10년 내 재범 해당)"
5768,gpt,few_shot_open_book,2,2,"음주 전과 1회, 혈중알코올농도 0.128%, 운전거리 1.5km, 범행연도 2020, 차종 승합차"
5769,gpt,few_shot_open_book,2,2,"음주 전과 1회, 혈중알코올농도 0.196%, 운전거리 10km, 범행연도 2021, 재범(2회 이상 위반)"
5770,gpt,few_shot_open_book,2,2,"음주 전과 1회, 혈중알코올농도 0.214%, 운전거리 0.2km, 범행연도 2021, 재범(2회 이상 위반)"
5771,gpt,few_shot_open_book,2,2,"음주 전과 2회, 혈중알코올농도 0.120%, 운전거리 7km, 범행연도 2020, 재범(2회 이상 위반)"
5772,gpt,few_shot_open_book,2,2,"음주 전과 3회, 혈중알코올농도 0.085%, 운전거리 4km, 범행연도 2020, 동종 누범(2회 이상 위반)"
5773,gpt,few_shot_open_book,1,1,"음주 전과 불명, 혈중알코올농도 0.164%, 운전거리 0.2km, 범행연도 2021, 차종 소형 승용차"
5774,gpt,few_shot_open_book,0,1,"음주 전과 1회, 혈중알코올농도 0.077%, 운전거리 5.9km, 범행연도 2020, 재범(2회 이상 위반)"
5775,gpt,few_shot_open_book,2,1,"음주 전과 2회(오래전), 혈중알코올농도 0.084%, 운전거리 1km, 차종 화물차, 범행연도 2021"
5776,gpt,few_shot_open_book,3,2,"음주 전과 다수(3회, 최근 10년 초과), 혈중알코올농도 0.223%, 운전거리 0.1km, 범행연도 2019, 차종 화물차"
5777,gpt,few_shot_open_book,2,2,"음주 전과 1회, 혈중알코올농도 0.163%, 운전거리 매우 짧음(약 0.05km), 범행연도 2021, 재범(2회 이상 위반)"
5778,gpt,few_shot_open_book,1,1,"음주 전과 불명, 혈중알코올농도 0.124%, 운전거리 5km, 범행연도 2021, 차종 경차/소형승용"
5779,gpt,few_shot_open_book,2,2,"음주 전과 2회, 혈중알코올농도 0.131%, 운전거리 2km, 차종 화물차, 범행연도 2020"
5780,gpt,few_shot_open_book,1,0,"음주 전과 불명(기재 없음), 혈중알코올농도 0.036%, 운전거리 0.2km, 범행연도 2021, 차종 SUV"
5781,gpt,few_shot_open_book,0,1,"음주 전과 불명, 혈중알코올농도 0.175%, 운전거리 0.37km, 범행연도 2021, 차종 승용차"
5782,gpt,few_shot_open_book,2,2,"음주 전과 2회(동종), 혈중알코올농도 0.104%, 운전거리 1km, 범행연도 2021, 재범(10년 내 2회 이상 위반 해당 가능성)"
5784,gpt,few_shot_open_book,1,1,"음주 전과 불명, 혈중알코올농도 0.083%, 운전거리 0.3km, 범행연도 2021, 차종 승용차"
5785,gpt,few_shot_open_book,2,1,"음주 전과 불명, 혈중알코올농도 0.192%, 운전거리 0.005km, 범행연도 2021, 차종 승용차"
5786,gpt,few_shot_open_book,0,2,"음주 전과 1회(징역형), 혈중알코올농도 0.144%, 운전거리 0.2km, 범행연도 2020, 동종 재범(10년 내)"
5788,gpt,few_shot_open_book,2,2,"음주 전과 2회, 혈중알코올농도 0.104%, 운전거리 2.0km, 범행연도 2019, 재범(2회 이상 위반)"
5789,gpt,few_shot_open_book,0,2,"음주 전과 1회, 혈중알코올농도 0.141%, 운전거리 0.5km, 범행연도 2020, 재범(2회 이상 위반)"
5790,gpt,few_shot_open_book,2,3,"음주 전과 2회 이상, 집행유예기간 중 범행, 혈중알코올농도 0.235%, 운전거리 1km, 범행연도 2021, 차종 승용차"
5791,gpt,few_shot_open_book,2,2,"음주 전과 1회(재범), 혈중알코올농도 0.140%, 운전거리 7km, 범행연도 2021, 승용차 운전"
5792,gpt,few_shot_open_book,2,2,"음주 전과 1회, 혈중알코올농도 0.244%, 운전거리 10km, 범행연도 2021, 차종(승합차)"
5796,gpt,few_shot_open_book,2,2,"음주 전과 2회, 혈중알코올농도 0.127%, 운전거리 9km, 범행연도 2021, 동종 누범(10년 내 재범 가능성)"
5797,gpt,few_shot_open_book,3,1,"음주 전과 0회, 혈중알코올농도 0.249%, 운전거리 15km, 범행연도 2021, 차종 승용차"
5799,gpt,few_shot_open_book,2,2,"음주 전과 1회, 혈중알코올농도 0.153%, 운전거리 6.8km, 범행연도 2020, 2회 이상 위반"
5800,gpt,few_shot_open_book,0,1,"음주 전과 1회, 혈중알코올농도 0.051%, 운전거리 0.5km, 범행연도 2020, 재범(10년 내)"
5801,gpt,few_shot_open_book,2,1,"음주 전과 1회(오래된 전과), 혈중알코올농도 0.096%, 운전거리 2.4km, 범행연도 2020, 차종(대형 세단)"
5803,gpt,few_shot_open_book,2,1,"음주 전과 0회, 혈중알코올농도 0.131%, 운전거리 20km, 범행연도 2021, 차종(아우디)"
5805,gpt,few_shot_open_book,2,3,"음주 전과 2회(징역형 포함), 혈중알코올농도 0.214%, 운전거리 0.3km, 범행연도 2020, 동종 누범"
5806,gpt,few_shot_open_book,2,2,"음주 전과 1회, 혈중알코올농도 0.125%, 운전거리 10km, 범행연도 2020, 차종 대형세단"
5807,gpt,few_shot_open_book,2,2,"음주 전과 1회, 혈중알코올농도 0.242%, 운전거리 2.0km, 범행연도 2021, 화물차(포터) 운전"
5808,gpt,few_shot_open_book,2,2,"음주 전과 2회, 혈중알코올농도 0.114%, 운전거리 0.2km, 범행연도 2020, 동종 누범(재범)"
5809,gpt,few_shot_open_book,2,0,"음주 전과 1회(오래된 전과), 혈중알코올농도 0.039%, 운전거리 5m, 범행연도 2019, 주차장 내 단거리 운전"
5810,gpt,few_shot_open_book,2,1,"음주 전과 1회, 혈중알코올농도 0.099%, 운전거리 2km, 범행연도 2020, 재범(2회 이상 위반)"
5811,gpt,few_shot_open_book,2,1,"음주 전과 1회, 혈중알코올농도 0.150%, 운전거리 0.05km, 범행연도 2019, 차종 승용차"
5812,gpt,few_shot_open_book,2,2,"음주 전과 2회, 혈중알코올농도 0.097%, 운전거리 1.5km, 범행연도 2021, 고급 승용차 G90 운전"
5813,gpt,few_shot_open_book,2,1,"음주 전과 1회, 혈중알코올농도 0.097%, 운전거리 0.5km, 범행연도 2021, 차종 승용차"
5814,gpt,few_shot_open_book,2,2,"음주 전과 2회(징유 1회 포함), 혈중알코올농도 0.159%, 운전거리 0.05km, 범행연도 2020, 동종 누범(재범)"
5815,gpt,few_shot_open_book,2,0,"음주 전과 1회(2013, 장기 경과), 혈중알코올농도 0.035%(최저 구간), 운전거리 약 5m(매우 단거리), 범행연도 2019, 차종 승용차"
5816,gpt,few_shot_open_book,2,2,"음주 전과 1회, 혈중알코올농도 0.153%, 운전거리 4km, 범행연도 2021, 차종 승용차"
5817,gpt,few_shot_open_book,2,2,"음주 전과 2회, 혈중알코올농도 0.211%, 운전거리 0.05km, 범행연도 2020, 동종 누범(10년 내 재범 아님)"
5818,gpt,few_shot_open_book,2,2,"음주 전과 1회, 혈중알코올농도 0.229%, 운전거리 0.5km, 범행연도 2019, 재범(2회 이상 위반)"
5819,gpt,few_shot_open_book,0,1,"음주 전과 1회(집행유예 전력), 혈중알코올농도 0.034%, 운전거리 0.15km, 범행연도 2020, 재범(2회 이상 위반)"
5820,gpt,few_shot_open_book,1,1,"음주 전과 불명(기재 없음), 혈중알코올농도 0.155%, 운전거리 2.0km, 범행연도 2021"
5821,gpt,few_shot_open_book,2,1,"음주 전과 불명, 혈중알코올농도 0.235%, 운전거리 0.1km, 범행연도 2019, 차종 화물차"
5822,gpt,few_shot_open_book,2,2,"음주 전과 1회, 혈중알코올농도 0.141%, 운전거리 99km, 범행연도 2020, 장거리 운전으로 위험성 높음"
5823,gpt,few_shot_open_book,2,2,"음주 전과 3회, 혈중알코올농도 0.149%, 운전거리 1.0km, 범행연도 2019, 동종 누범(10년 내 재범 해당 가능성)"
5824,gpt,few_shot_open_book,2,1,"음주 전과 1회, 혈중알코올농도 0.087%, 운전거리 0.05km, 범행연도 2019, 고급차종 여부 영향 미미"
5825,gpt,few_shot_open_book,3,2,"음주 전과 1회, 혈중알코올농도 0.135%, 운전거리 0.5km, 범행연도 2021, 차종 카니발"
5826,gpt,few_shot_open_book,2,2,"음주 전과 1회, 혈중알코올농도 0.173%, 운전거리 0.02km, 범행연도 2021, 동종 재범"
5827,gpt,few_shot_open_book,2,2,"음주 전과 1회 이상(재범), 혈중알코올농도 0.117%, 운전거리 매우 짧음(10m), 범행연도 2021"
5828,gpt,few_shot_open_book,3,2,"음주 전과 2회, 혈중알코올농도 0.179%, 운전거리 0.8km, 범행연도 2021, 재범(2회 이상 위반)"
5829,gpt,few_shot_open_book,0,2,"음주 전과 1회(재범), 혈중알코올농도 0.116%, 운전거리 2km, 범행연도 2020, 재범 간격 9년 이상(장기 경과)"
5830,gpt,few_shot_open_book,2,1,"음주 전과 2회, 혈중알코올농도 0.062%, 운전거리 2km, 범행연도 2020, 동종 누범(10년 내 재범 해당 안 됨)"
5831,gpt,few_shot_open_book,2,2,"음주 전과 2회, 혈중알코올농도 0.127%, 운전거리 1.7km, 범행연도 2021, 동종 누범 가능성"
5832,gpt,few_shot_open_book,3,2,"음주 전과 1회(집행유예 포함), 혈중알코올농도 0.140%, 운전거리 0.1km, 범행연도 2020, 차종 화물차"
5833,gpt,few_shot_open_book,2,1,"음주 전과 1회, 혈중알코올농도 0.069%, 운전거리 0.5km, 범행연도 2021, 재범(2회 이상)"
5834,gpt,few_shot_open_book,2,2,"동종 전과 2회(누범 아님), 혈중알코올농도 0.169%, 운전거리 매우 짧음(약 5m), 범행연도 2021, 차종 승용차"
5835,gpt,few_shot_open_book,2,2,"음주 전과 1회(측정거부), 혈중알코올농도 0.145%, 운전거리 0.19km, 범행연도 2021"
5836,gpt,few_shot_open_book,1,1,"음주 전과 불명, 혈중알코올농도 0.167%, 운전거리 0.15km, 범행연도 2021, 차종 승용차"
5837,gpt,few_shot_open_book,2,1,"음주 전과 1회, 혈중알코올농도 0.057%, 운전거리 1.6km, 범행연도 2020, 2회 이상 위반"
5838,gpt,few_shot_open_book,3,3,"음주 전과 다수(집유 2회·실형 1회 포함), 혈중알코올농도 0.145%, 운전거리 1.5km, 범행연도 2020, 차종 원동기장치자전거"
5839,gpt,few_shot_open_book,2,2,"음주 전과 1회, 혈중알코올농도 0.156%, 운전거리 18km, 범행연도 2021, 재범(2회 이상 위반)"
5840,gpt,few_shot_open_book,2,2,"음주 전과 2회, 혈중알코올농도 0.164%, 운전거리 1.0km, 범행연도 2020, 차종 승용차"
5841,gpt,few_shot_open_book,2,2,"음주 전과 불명, 혈중알코올농도 0.263%, 운전거리 0.05km, 범행연도 2021, 차종 카니발"
5843,gpt,few_shot_open_book,2,1,"음주 전과 1회, 혈중알코올농도 0.117% 및 0.053%, 운전거리 2m 및 3km, 범행연도 2020, 동일 기간 2회 위반"
5844,gpt,few_shot_open_book,3,2,"음주 전과 1회, 혈중알코올농도 0.116%, 운전거리 1.0km, 범행연도 2021, 재범(2회 이상 위반)"
5845,gpt,few_shot_open_book,2,2,"음주 전과 1회(재범), 혈중알코올농도 0.089%, 운전거리 매우 짧음(약 10m), 범행연도 2020, 차종 승용차"
5846,gpt,few_shot_open_book,2,2,"음주 전과 1회, 혈중알코올농도 0.167%, 운전거리 3km, 범행연도 2020, 차종 승용차"
5847,gpt,few_shot_open_book,3,2,"음주 전과 다수(누범·집행유예 전력), 혈중알코올농도 0.075%, 운전거리 0.5km, 범행연도 2020, 재범(10년 내 동종 전과 포함 여부 불명이나 누범성 강함)"
5848,gpt,few_shot_open_book,3,3,"음주 전과 3회(집행유예 포함), 혈중알코올농도 0.106%, 운전거리 2km, 범행연도 2020, 고급 차종(포르쉐)"
5849,gpt,few_shot_open_book,2,1,"음주 전과 2회(오래된 전력), 혈중알코올농도 0.078%, 운전거리 7km, 범행연도 2020, 재범(10년 내 동종전과 불명확)"
5850,gpt,few_shot_open_book,0,2,"음주 전과 2회(재범, 10년 내 포함), 혈중알코올농도 0.095%, 운전거리 25km, 범행연도 2020, 장거리 운전"
5851,gpt,few_shot_open_book,2,2,"음주 전과 3회(집행유예 포함), 혈중알코올농도 0.086%, 운전거리 0.7km, 범행연도 2021, 다회 재범(동종 누범에 준)"
5852,gpt,few_shot_open_book,2,2,"음주 전과 1회, 혈중알코올농도 0.172%, 운전거리 7km, 차종 이륜차, 범행연도 2020"
5853,gpt,few_shot_open_book,2,3,"음주 전과 다수(벌금 2회+집행유예 1회), 혈중알코올농도 0.110%, 운전거리 5km, 범행연도 2020, 동종 누범(재범)"
5854,gpt,few_shot_open_book,2,2,"음주 전과 2회, 혈중알코올농도 0.188%, 운전거리 0.02km, 범행연도 2020, 동종 누범(10년 내 전과 포함)"
5855,gpt,few_shot_open_book,2,1,"음주 전과 1회(오래전), 혈중알코올농도 0.144%, 운전거리 12km, 범행연도 2019, 차종 승용차"
5856,gpt,few_shot_open_book,2,1,"음주 전과 1회(오래전, 10년 초과), 혈중알코올농도 0.150%, 운전거리 0.3km, 범행연도 2021, 차종 일반승용(벤츠 GLE)"
5857,gpt,few_shot_open_book,2,2,"음주 전과 2회, 혈중알코올농도 0.105%, 운전거리 0.2km, 범행연도 2020, 동종 누범(재범)"
5858,gpt,few_shot_open_book,2,2,"음주 전과 2회, 혈중알코올농도 0.161%, 운전거리 0.5km, 범행연도 2020, 동종 반복범(10년 내 재범 아님)"
5859,gpt,few_shot_open_book,1,1,"음주 전과 불명, 혈중알코올농도 0.175%, 운전거리 2.0km, 범행연도 2022, 차종 승용차"
5861,gpt,few_shot_open_book,2,2,"음주 전과 2회 이상, 혈중알코올농도 0.114%, 운전거리 1.0km, 범행연도 2020, 화물차 운전"
5864,gpt,few_shot_open_book,2,2,"음주 전과 1회, 혈중알코올농도 0.152%, 운전거리 8km, 범행연도 2021, 차종 승용차"
5865,gpt,few_shot_open_book,2,2,"음주 전과 1회, 혈중알코올농도 0.134%, 운전거리 20km, 범행연도 2020, 재범(2회 이상)"
5866,gpt,few_shot_open_book,1,1,"음주 전과 불명, 혈중알코올농도 0.120%, 운전거리 0.8km, 범행연도 2021, 차종 SUV"
5867,gpt,few_shot_open_book,0,1,"음주 전과 0회, 혈중알코올농도 0.111%, 운전거리 6km, 범행연도 2021, 차종(카니발)"
5868,gpt,few_shot_open_book,2,2,"음주 전과 1회, 혈중알코올농도 0.197%, 운전거리 4.0km, 범행연도 2020, 재범(2회 이상 위반)"
5869,gpt,few_shot_open_book,2,2,"음주 전과 1회, 혈중알코올농도 0.143%, 운전거리 1km, 범행연도 2021, 차량 소형 승용차"
5870,gpt,few_shot_open_book,2,2,"음주 전과 1회, 혈중알코올농도 0.100%, 운전거리 3km, 범행연도 2021, 재범(2회 이상 위반)"
5871,gpt,few_shot_open_book,2,1,"음주 전과 불명, 혈중알코올농도 0.222%, 운전거리 0.2km, 범행연도 2020, 차종 승용차"
5872,gpt,few_shot_open_book,3,2,"음주 전과 2회, 혈중알코올농도 0.160%, 운전거리 10km, 범행연도 2020, 동종 누범(2회 이상 위반)"
5874,gpt,few_shot_open_book,2,2,"음주 전과 2회, 혈중알코올농도 0.107%, 운전거리 0.3km, 범행연도 2020, 동종 누범(재범)"
5875,gpt,few_shot_open_book,2,2,"음주 전과 불명, 혈중알코올농도 0.205%, 운전거리 7.0km, 범행연도 2020, 차종 승용차"
5876,gpt,few_shot_open_book,0,1,"음주 전과 불명, 혈중알코올농도 0.191%, 운전거리 4.0km, 범행연도 2013, 차종(승용차)"
5877,gpt,few_shot_open_book,2,2,"음주 전과 1회, 혈중알코올농도 0.131%, 운전거리 1.5km, 범행연도 2020"
5878,gpt,few_shot_open_book,2,2,"음주 전과 1회, 혈중알코올농도 0.177%, 운전거리 0.05km, 범행연도 2021, 차종 승용차"
5879,gpt,few_shot_open_book,2,1,"음주 전과 1회(10년 이상 경과), 혈중알코올농도 0.112%, 운전거리 1m, 범행연도 2021, 차종 승용차"
5881,gpt,few_shot_open_book,2,1,"음주 전과 1회(동종), 혈중알코올농도 0.036%, 운전거리 0.5km, 범행연도 2020, 재범(2회 이상 위반)"
5882,gpt,few_shot_open_book,0,1,"음주 전과 1회(2007, 장기 경과), 혈중알코올농도 0.120%, 운전거리 2km, 범행연도 2020, 차종 승용차"
5883,gpt,few_shot_open_book,0,2,"음주 전과 2회, 혈중알코올농도 0.144%, 운전거리 0.2km, 범행연도 2021, 동종 누범(재범)"
5884,gpt,few_shot_open_book,1,0,"음주 전과 불명(언급 없음), 혈중알코올농도 0.094%, 운전거리 3km, 범행연도 2020, 차종 SUV(싼타페)"
5885,gpt,few_shot_open_book,2,1,"음주 전과 1회, 혈중알코올농도 0.078%, 운전거리 0.3km, 범행연도 2021"
5886,gpt,few_shot_open_book,2,1,"음주 전과 2회(재범), 혈중알코올농도 0.075%, 운전거리 0.2km, 범행연도 2020, 차량종류(승용차)"
5887,gpt,few_shot_open_book,0,1,"음주 전과 불상, 혈중알코올농도 0.133%, 운전거리 0.5km, 범행연도 2021, 차종 대형SUV"
5888,gpt,few_shot_open_book,3,2,"음주 전과 1회(동종 재범), 혈중알코올농도 0.125%, 운전거리 23km(장거리), 범행연도 2020"
5889,gpt,few_shot_open_book,3,2,"음주 전과 1회(집행유예 포함), 혈중알코올농도 0.171%, 운전거리 10km, 범행연도 2020, 차종 승용차"
5890,gpt,few_shot_open_book,2,1,"음주 전과 불명, 혈중알코올농도 0.120%, 운전거리 0.001km, 범행연도 2021, 차종 SUV"
5891,gpt,few_shot_open_book,2,1,"음주 전과 불명, 혈중알코올농도 0.155%, 운전거리 1.0km, 범행연도 2021, 차종 SUV"
5892,gpt,few_shot_open_book,2,1,"음주 전과 1회(오래전), 혈중알코올농도 0.089%, 운전거리 0.1km, 범행연도 2020, 차종 승용차"
5893,gpt,few_shot_open_book,2,1,"음주 전과 2회(동종 전과, 10년 초과이나 누범 아님), 혈중알코올농도 0.047%, 운전거리 5km, 범행연도 2021, 차종 소형승용(프라이드)"
5894,gpt,few_shot_open_book,3,2,"음주 전과 1회, 혈중알코올농도 0.142%, 운전거리 9km, 범행연도 2020, 재범(2회 이상 위반)"
5895,gpt,few_shot_open_book,2,2,"음주 전과 2회, 혈중알코올농도 0.131%, 운전거리 2.0km, 화물차, 범행연도 2021"
5896,gpt,few_shot_open_book,2,3,"음주 전과 다수(측정거부 2회, 집행유예 전력), 혈중알코올농도 0.130%, 운전거리 0.2km, 범행연도 2021, 동종 누범(재범)"
5897,gpt,few_shot_open_book,2,2,"음주 전과 다수(4회, 집행유예 전력 포함), 혈중알코올농도 0.098%, 운전거리 10km, 범행연도 2020, 누범에 준하는 중한 동종 전과"
5898,gpt,few_shot_open_book,2,2,"음주 전과 1회, 혈중알코올농도 0.117%, 운전거리 5km, 범행연도 2020, 재범(2회 이상 위반)"
5899,gpt,few_shot_open_book,3,2,"음주 전과 2회(동종 누범), 혈중알코올농도 0.113%, 운전거리 1km, 범행연도 2020, 차종 승용차"
5900,gpt,few_shot_open_book,2,1,"음주 전과 0회, 혈중알코올농도 0.144%, 운전거리 2.0km, 범행연도 2021, 차종 승용차"
5901,gpt,few_shot_open_book,2,1,"음주 전과 2회, 혈중알코올농도 0.070%, 운전거리 0.5km, 범행연도 2019, 동종 누범(재범 간 경과 10년 미만)"
5902,gpt,few_shot_open_book,2,2,"음주 전과 1회, 혈중알코올농도 0.172%, 운전거리 0.2km, 범행연도 2020, 재범(2회 이상)"
5903,gpt,few_shot_open_book,2,1,"음주 전과 2회(구 10년 경과), 혈중알코올농도 0.049%, 운전거리 0.8km, 범행연도 2019, 차종 SUV"
5904,gpt,few_shot_open_book,3,2,"음주 전과 1회, 혈중알코올농도 0.152%, 운전거리 5km, 범행연도 2021, 자동차(중형 SUV)"
5906,gpt,few_shot_open_book,2,1,"음주 전과 불명(기재 없음), 혈중알코올농도 0.126%, 운전거리 0.1km, 범행연도 2021, 차종 승용차"
5907,gpt,few_shot_open_book,2,2,"음주 전과 1회, 혈중알코올농도 0.116%, 운전거리 0.02km, 범행연도 2021, 차종 SUV"
5908,gpt,few_shot_open_book,0,2,"음주 전과 1회, 혈중알코올농도 0.128%, 운전거리 4km, 범행연도 2020, 재범(2회 이상)"
5909,gpt,few_shot_open_book,2,1,"다수의 음주 전과(집행유예 포함), 혈중알코올농도 0.067%, 운전거리 5km, 범행연도 2020, 동종 누범에 가까운 전력"
5910,gpt,few_shot_open_book,3,1,"음주 전과 불상, 혈중알코올농도 0.225%, 운전거리 2.2km, 범행연도 2021, 차종 승용차"
5911,gpt,few_shot_open_book,2,0,"음주 전과 2회, 혈중알코올농도 0.031%, 운전거리 1.0km, 범행연도 2019, 동종 누범 여부 불명(10년 경과)"
5912,gpt,few_shot_open_book,2,2,"음주 전과 1회, 혈중알코올농도 0.199%, 운전거리 1.0km, 차종 화물차, 범행연도 2020"
5913,gpt,few_shot_open_book,2,3,"음주 전과 2회(집행유예 전력 포함), 혈중알코올농도 0.126%, 운전거리 0.1km, 범행연도 2020, 동종 누범(2회 이상 위반)"
5914,gpt,few_shot_open_book,0,1,"음주 전과 1회, 혈중알코올농도 0.056%, 운전거리 0.15km, 범행연도 2020, 재범(2회 이상 위반)"
5915,gpt,few_shot_open_book,2,2,"음주 전과 2회, 혈중알코올농도 0.105%, 운전거리 0.2km, 범행연도 2021, 재범(2회 이상)"
5916,gpt,few_shot_open_book,2,2,"음주 전과 2회, 혈중알코올농도 0.144%, 운전거리 8km, 범행연도 2020, 동종 누범(2회 이상 위반)"
5917,gpt,few_shot_open_book,1,1,"음주 전과 불명, 혈중알코올농도 0.186%, 운전거리 8.0km, 범행연도 2019, 차종 SUV"
5918,gpt,few_shot_open_book,2,0,"음주 전과 불명(기재 없음), 혈중알코올농도 0.092%, 운전거리 0.2km, 범행연도 2021, 차종 화물차"
5919,gpt,few_shot_open_book,2,2,"음주 전과 2회(동종 누범), 혈중알코올농도 0.102%, 운전거리 1.0km, 범행연도 2020, 승용차(일반)"
5920,gpt,few_shot_open_book,2,1,"음주 전과 불명(기재 없음), 혈중알코올농도 0.146%, 운전거리 0.3km, 범행연도 2021, 차종 승용차"
5921,gpt,few_shot_open_book,2,2,"음주 전과 1회, 혈중알코올농도 0.145%, 운전거리 3.0km, 범행연도 2021"
5923,gpt,few_shot_open_book,2,2,"음주 전과 2회, 혈중알코올농도 0.126%, 운전거리 0.7km, 범행연도 2021, 차종 고급세단"
5924,gpt,few_shot_open_book,2,3,"음주 전과 2회(동종 누범), 혈중알코올농도 0.120%, 운전거리 2km, 범행연도 2020, 반복범행(재범 간격 짧음)"
5925,gpt,few_shot_open_book,2,1,"음주 전과 1회, 혈중알코올농도 0.069%, 운전거리 2.8km, 범행연도 2020, 재범(10년 내 아님)"
5926,gpt,few_shot_open_book,2,2,"음주 전과 1회(재범), 혈중알코올농도 0.111%, 운전거리 4.7km, 범행연도 2021, 차종 승용차"
5928,gpt,few_shot_open_book,2,2,"음주 전과 2회(동종 누범), 혈중알코올농도 0.104%, 운전거리 0.5km, 범행연도 2021, 차량 종류 승용차"
5929,gpt,few_shot_open_book,2,2,"음주 전과 1회, 혈중알코올농도 0.103%, 운전거리 0.8km, 범행연도 2020, 동종 재범(2회 이상)"
5930,gpt,few_shot_open_book,2,2,"음주 전과 2회, 혈중알코올농도 0.096%, 운전거리 0.1km, 범행연도 2019, 차종(벤츠 E220)"
5931,gpt,few_shot_open_book,2,2,"음주 전과 2회, 혈중알코올농도 0.129%, 운전거리 6.0km, 범행연도 2019, 차종 SUV"
5932,gpt,few_shot_open_book,0,0,"음주 전과 불명(기재 없음), 혈중알코올농도 0.095%, 운전거리 2~3m, 범행연도 2021, 차종(소형 승용)"
5933,gpt,few_shot_open_book,2,1,"음주 전과 다수(3회), 혈중알코올농도 0.066%, 운전거리 0.5km, 범행연도 2019, 재범(2회 이상 위반)"
5934,gpt,few_shot_open_book,0,1,"음주 전과 불명, 혈중알코올농도 0.108%, 운전거리 10km, 범행연도 2021, 차종 승용차"
5935,gpt,few_shot_open_book,2,1,"음주 전과 2회, 혈중알코올농도 0.103%, 운전거리 약 1m(위험도 낮음), 범행연도 2020"
5936,gpt,few_shot_open_book,0,1,"음주 전과 불명, 혈중알코올농도 0.187%, 운전거리 0.05km, 범행연도 2020, 차종 승용차"
5937,gpt,few_shot_open_book,3,2,"음주 전과 2회(측정거부 포함), 혈중알코올농도 0.212%, 운전거리 3.0km, 범행연도 2021, 차종 SUV"
5938,gpt,few_shot_open_book,2,2,"음주 전과 1회, 혈중알코올농도 0.165%, 운전거리 1.0km, 범행연도 2020"
5939,gpt,few_shot_open_book,3,2,"음주 전과 1회, 혈중알코올농도 0.270%, 운전거리 2km, 범행연도 2020, 재범(2회 이상 위반)"
5940,gpt,few_shot_open_book,2,1,"음주 전과 1회, 혈중알코올농도 0.095%, 운전거리 0.1km, 범행연도 2020"
5941,gpt,few_shot_open_book,2,3,"음주 전과 1회(측정거부), 혈중알코올농도 0.296%, 운전거리 1.0km, 범행연도 2020, 외제 SUV 운전"
5943,gpt,few_shot_open_book,3,1,"음주 전과 2회(장기 경과), 혈중알코올농도 0.103%, 운전거리 0.85km, 범행연도 2021, 차종 소형 승용"
5944,gpt,few_shot_open_book,2,2,"음주 전과 2회, 혈중알코올농도 0.131%, 운전거리 5.0km, 범행연도 2021, 차종 승용차"
5945,gpt,few_shot_open_book,2,1,"음주 전과 불명, 혈중알코올농도 0.212%, 운전거리 15km, 범행연도 2020, 차종 소형승용차"
5946,gpt,few_shot_open_book,2,1,"음주 전과 다수(3회 이상), 혈중알코올농도 0.067%, 운전거리 0.03km, 범행연도 2020, 동종 누범(10년 내 전과 포함)"
5947,gpt,few_shot_open_book,2,1,"음주 전과 불명, 혈중알코올농도 0.181%, 운전거리 0.3km, 범행연도 2021, 차종 승용차"
5948,gpt,few_shot_open_book,2,1,"음주 전과 불명(기재 없음), 혈중알코올농도 0.162%, 운전거리 3.5km, 범행연도 2021, 차종 승용차"
5949,gpt,few_shot_open_book,3,3,"음주 전과 다수(징역 실형 전력 포함), 혈중알코올농도 0.241%, 운전거리 2km, 범행연도 2021, 재범(2회 이상 위반)"
5950,gpt,few_shot_open_book,2,3,"음주 전과 다수(벌금 2회+집행유예 1회), 혈중알코올농도 0.131%, 운전거리 2.5km, 범행연도 2019"
5951,gpt,few_shot_open_book,2,1,"음주 전과 2회, 혈중알코올농도 0.098%, 운전거리 1.0km, 범행연도 2019, 동종 누범(재범)"
5952,gpt,few_shot_open_book,0,1,"음주 전과 1회(오래된 전과), 혈중알코올농도 0.095%, 운전거리 1.0km, 범행연도 2021, 차종 승용차"
5953,gpt,few_shot_open_book,2,1,"음주 전과 2회(오래된 전과), 혈중알코올농도 0.069%, 운전거리 0.1km, 범행연도 2019, 승합차(그랜드카니발)"
5954,gpt,few_shot_open_book,2,2,"음주 전과 1회, 혈중알코올농도 0.130%, 운전거리 10km, 범행연도 2021, 2회 이상 위반"
5955,gpt,few_shot_open_book,2,2,"음주 전과 1회, 혈중알코올농도 0.252%, 운전거리 4km, 범행연도 2021, 재범(2회 이상 위반)"
5956,gpt,few_shot_open_book,2,3,"음주 전과 2회, 혈중알코올농도 0.167%, 운전거리 1.0km, 범행연도 2020, 차종 화물차"
5957,gpt,few_shot_open_book,1,2,"음주 전과 2회, 혈중알코올농도 0.104%, 운전거리 20km, 범행연도 2019, 장거리 운전"
5958,gpt,few_shot_open_book,2,1,"음주 전과 1회, 혈중알코올농도 0.080%, 운전거리 1km, 범행연도 2019, 차종 화물차"
5959,gpt,few_shot_open_book,2,2,"음주 전과 2회(과거), 동종 재범 2회 동시 기소, 혈중알코올농도 0.068%·0.115%, 운전거리 3km·1.5km, 범행연도 2019"
5960,gpt,few_shot_open_book,2,1,"음주 전과 불명, 혈중알코올농도 0.109%, 운전거리 1.0km, 범행연도 2019, 차종 승합차"
5961,gpt,few_shot_open_book,2,1,"음주 전과 불명(기재 없음), 혈중알코올농도 0.155%, 운전거리 0.5km, 범행연도 2021, 차종 승용차"
5962,gpt,few_shot_open_book,2,2,"음주 전과 2회(재범·2회 이상 위반), 혈중알코올농도 0.098%, 운전거리 1km, 범행연도 2021, 차종 소형승용차"
5963,gpt,few_shot_open_book,2,1,"음주 전과 불명, 혈중알코올농도 0.145%, 운전거리 1.5km, 범행연도 2021, 차종 소형 승용차"
5964,gpt,few_shot_open_book,1,1,"음주 전과 불명, 혈중알코올농도 0.103%, 운전거리 5km, 범행연도 2021, 차종 화물차"
5965,gpt,few_shot_open_book,2,2,"음주 전과 2회(재범), 혈중알코올농도 0.241%, 운전거리 0.3km, 범행연도 2020, 동종 누범(2회 이상 위반)"
5966,gpt,few_shot_open_book,2,1,"음주 전과 1회, 혈중알코올농도 0.098%, 운전거리 0.3km, 범행연도 2019"
5967,gpt,few_shot_open_book,0,1,"음주 전과 불명(기재 없음), 혈중알코올농도 0.126%, 운전거리 0.3km, 범행연도 2021, 차종 카니발"
5968,gpt,few_shot_open_book,3,2,"음주 전과 다수(3회, 실형 전력, 집행종료 2013.11.28), 혈중알코올농도 0.210%, 운전거리 0.06km, 범행연도 2015, 차종 승용차"
5969,gpt,few_shot_open_book,2,2,"음주 전과 1회, 혈중알코올농도 0.142%, 운전거리 12.0km, 범행연도 2020, 교통사고 정황 존재"
5970,gpt,few_shot_open_book,3,3,"다수 동종 전과(징역형 집행유예 포함), 혈중알코올농도 0.209%, 운전거리 0.1km(단거리), 범행연도 2021, 승용차 운전"
5971,gpt,few_shot_open_book,2,3,"동종 전과 다수(징역형 집유 2회 포함), 혈중알코올농도 0.092%, 운전거리 0.05km, 범행연도 2021, 재범(2회 이상 위반)"
5972,gpt,few_shot_open_book,2,2,"음주 전과 1회(재범), 혈중알코올농도 0.089%, 운전거리 4km, 범행연도 2019, 차량 종류 SUV"
5973,gpt,few_shot_open_book,2,1,"음주 전과 1회, 혈중알코올농도 0.093%, 운전거리 1.0km, 범행연도 2021"
5975,gpt,few_shot_open_book,2,1,"음주 전과 불명, 혈중알코올농도 0.150%, 운전거리 5km, 범행연도 2021, 화물차 운전"
5976,gpt,few_shot_open_book,2,1,"음주 전과 1회(2010, 장기 경과), 혈중알코올농도 0.099%, 운전거리 2.7km, 범행연도 2021"
5978,gpt,few_shot_open_book,3,2,"음주 전과 2회, 혈중알코올농도 0.114%, 운전거리 1.0km, 범행연도 2021, 화물차 운전"
5979,gpt,few_shot_open_book,2,1,"음주 전과 1회, 혈중알코올농도 0.051%, 운전거리 1.0km, 범행연도 2020, 차종 화물차"
5980,gpt,few_shot_open_book,3,2,"음주 전과 1회, 혈중알코올농도 0.172%, 운전거리 1.0km, 범행연도 2019, 차종 승용차"
5981,gpt,few_shot_open_book,2,2,"음주 전과 1회 이상(재범), 혈중알코올농도 0.166%, 운전거리 0.05km, 범행연도 2021, 고급 승용차(벤츠) 운전"
5982,gpt,few_shot_open_book,2,2,"음주 전과 2회, 혈중알코올농도 0.141%, 운전거리 0.2km, 범행연도 2020, 차종 승용차"
5983,gpt,few_shot_open_book,0,0,"음주 전과 불명(기재 없음), 혈중알코올농도 0.040%, 운전거리 1.0km, 범행연도 2021, 차종 승용차"
5984,gpt,few_shot_open_book,2,1,"음주 전과 불명, 혈중알코올농도 0.080%, 운전거리 2km, 차종 화물차, 범행연도 2019"
5985,gpt,few_shot_open_book,2,2,"음주 전과 1회, 혈중알코올농도 0.139%, 운전거리 7.0km, 범행연도 2021, 차종 승용차"
5986,gpt,few_shot_open_book,2,3,"동종 집행유예 기간 중 재범, 음주 전과 다수, 혈중알코올농도 0.071%, 운전거리 1.0km, 범행연도 2021, 화물차 운전"
5987,gpt,few_shot_open_book,2,2,"음주 전과 1회, 혈중알코올농도 0.175%, 운전거리 2km, 범행연도 2021, 재범(2회 이상 위반)"
5990,gpt,few_shot_open_book,2,2,"음주 전과 2회, 혈중알코올농도 0.153%, 운전거리 8km, 범행연도 2020, 동종 누범(10년 내 재범 아님)"
5991,gpt,few_shot_open_book,1,2,"음주 전과 2회, 혈중알코올농도 0.151%, 운전거리 0.04km, 범행연도 2018, 이종 전과 및 최근 가석방 경력"
5992,gpt,few_shot_open_book,0,2,"음주 전과 1회, 혈중알코올농도 0.130%, 운전거리 매우 짧음(0.02km), 범행연도 2020, 2회 위반(재범)"
5993,gpt,few_shot_open_book,3,1,"음주 전과 다수(3회 이상), 혈중알코올농도 0.047%, 운전거리 매우 단거리(약 3m), 범행연도 2020, 직업상 운전업무 종사"
5995,gpt,few_shot_open_book,2,2,"음주 전과 2회, 혈중알코올농도 0.085%, 운전거리 10km, 범행연도 2020, 재범(동종 전과 누범 아님)"
5996,gpt,few_shot_open_book,3,2,"음주 전과 2회, 혈중알코올농도 0.125%, 운전거리 0.1km, 범행연도 2021, 동종 누범 가능성"
5997,gpt,few_shot_open_book,2,2,"음주 전과 2회, 혈중알코올농도 0.204%, 운전거리 0.1km, 범행연도 2020, 동종 누범(10년 내 재범 아님)"
5998,gpt,few_shot_open_book,2,1,"음주 전과 1회(측정거부), 혈중알코올농도 0.077%, 운전거리 1km, 범행연도 2021, 재범(10년 내 동종)"
5999,gpt,few_shot_open_book,3,1,"음주 전과 불명, 혈중알코올농도 0.182%, 운전거리 0.5km, 범행연도 2021, 차종 승용차"
4525,qwen,zero_shot_closed_book,2,2,"음주 전과, 혈중알코올농도"
4531,qwen,zero_shot_closed_book,2,2,"혈중알코올농도, 운전거리"
4573,qwen,zero_shot_closed_book,2,2,"음주 전과, 혈중알코올농도, 범행연도"
4575,qwen,zero_shot_closed_book,3,2,"음주 전과, 혈중알코올농도, 운전거리"
4607,qwen,zero_shot_closed_book,2,2,"혈중알코올농도, 운전거리"
4635,qwen,zero_shot_closed_book,2,2,"음주 전과, 혈중알코올농도, 범행연도, 차종"
4654,qwen,zero_shot_closed_book,2,2,"음주 전과, 혈중알코올농도, 운전거리"
4674,qwen,zero_shot_closed_book,2,3,"음주 전과(2회), 혈중알코올농도(0.103%), 운전거리(20km)"
4678,qwen,zero_shot_closed_book,2,3,"음주 전과(3회), 혈중알코올농도(0.188%), 범행연도(2021년), 운전거리(약 3km)"
4682,qwen,zero_shot_closed_book,2,3,"음주운전 전과(2회), 혈중알코올농도 0.234% (고도 음주), 반복 위반"
4691,qwen,zero_shot_closed_book,2,2,"음주운전 전과, 혈중알코올농도"
4700,qwen,zero_shot_closed_book,2,3,"혈중알코올농도, 운전거리"
4712,qwen,zero_shot_closed_book,2,2,"음주 전과, 혈중알코올농도, 범행연도, 차종"
4719,qwen,zero_shot_closed_book,2,2,"음주 전과, 혈중알코올농도, 운전거리, 범행연도"
4744,qwen,zero_shot_closed_book,2,2,"음주 전과(2회), 혈중알코올농도(0.062%), 범행연도(2020년), 차종(원동기자전거)"
4752,qwen,zero_shot_closed_book,2,2,"음주 전과, 혈중알코올농도, 범행연도, 운전거리, 차종"
4777,qwen,zero_shot_closed_book,2,3,"음주 전과, 혈중알코올농도, 운전거리"
4781,qwen,zero_shot_closed_book,1,2,"혈중알코올농도, 운전거리"
4818,qwen,zero_shot_closed_book,3,2,"음주운전 전과, 혈중알코올농도(0.173%), 운전거리(3킬로미터)"
4844,qwen,zero_shot_closed_book,2,2,"음주 전과, 혈중알코올농도, 운전거리"
4845,qwen,zero_shot_closed_book,1,2,"혈중알코올농도, 운전거리"
4848,qwen,zero_shot_closed_book,2,1,"음주운전 전과, 혈중알코올농도 0.189%, 운전거리 10m"
4857,qwen,zero_shot_closed_book,3,3,"음주 전과, 혈중알코올농도, 운전거리"
4867,qwen,zero_shot_closed_book,0,1,"혈중알코올농도, 운전거리"
4889,qwen,zero_shot_closed_book,3,2,"음주운전 전과, 혈중알코올농도, 운전거리"
4987,qwen,zero_shot_closed_book,2,2,"음주 전과, 혈중알코올농도, 운전거리"
4996,qwen,zero_shot_closed_book,2,3,"음주 전과, 혈중알코올농도, 운전거리, 범행연도"
5006,qwen,zero_shot_closed_book,2,2,"음주 전과(3회), 혈중알코올농도(0.171%), 운전거리(8km), 차종(쏘렌토)"
5008,qwen,zero_shot_closed_book,2,2,"음주 전과, 혈중알코올농도, 운전거리, 범행연도, 차종"
5019,qwen,zero_shot_closed_book,2,2,"음주 전과, 혈중알코올농도, 운전거리"
5063,qwen,zero_shot_closed_book,2,2,"음주 전과(2회), 혈중알코올농도(0.074%), 범행연도(2021년), 차종(쏘나타)"
5084,qwen,zero_shot_closed_book,0,2,"음주 전과, 혈중알코올농도, 범행연도, 차종"
5105,qwen,zero_shot_closed_book,0,2,"혈중알코올농도, 운전거리, 범행연도, 차종"
5108,qwen,zero_shot_closed_book,2,2,"음주 전과(2회), 혈중알코올농도(0.116%), 운전거리(30km)"
5122,qwen,zero_shot_closed_book,2,2,"음주 전과, 혈중알코올농도"
5137,qwen,zero_shot_closed_book,2,2,"음주 전과, 혈중알코올농도"
5175,qwen,zero_shot_closed_book,2,2,"음주 전과, 혈중알코올농도, 범행연도"
5217,qwen,zero_shot_closed_book,0,2,"혈중알코올농도, 운전거리"
5219,qwen,zero_shot_closed_book,1,2,"혈중알코올농도, 운전거리"
5237,qwen,zero_shot_closed_book,2,2,"음주 전과, 혈중알코올농도"
5244,qwen,zero_shot_closed_book,2,3,"음주 전과, 혈중알코올농도, 운전거리"
5249,qwen,zero_shot_closed_book,1,0,혈중알코올농도
5251,qwen,zero_shot_closed_book,3,2,"음주 전과, 혈중알코올농도"
5253,qwen,zero_shot_closed_book,2,2,"음주 전과, 혈중알코올농도, 범행연도"
5293,qwen,zero_shot_closed_book,1,2,"혈중알코올농도, 음주 전과"
5310,qwen,zero_shot_closed_book,0,2,"음주 전과, 혈중알코올농도"
5318,qwen,zero_shot_closed_book,3,3,"음주 전과(4회 이상), 혈중알코올농도 0.145% (높은 수치), 반복적 위반"
5334,qwen,zero_shot_closed_book,2,1,"음주운전 전과, 혈중알코올농도(0.036%), 운전거리(10m), 범행연도(2021), 차종(택시)"
5362,qwen,zero_shot_closed_book,3,2,"음주 전과, 혈중알코올농도, 운전거리, 범행연도"
5365,qwen,zero_shot_closed_book,1,2,"음주 전과, 혈중알코올농도(0.107%), 범행연도(2021)"
5372,qwen,zero_shot_closed_book,2,2,"음주 전과(4회), 혈중알코올농도(0.143%), 차종(택시)"
5386,qwen,zero_shot_closed_book,2,2,"음주 전과, 혈중알코올농도, 운전거리, 범행연도, 차종"
5397,qwen,zero_shot_closed_book,2,2,"음주 전과, 혈중알코올농도, 차종"
5415,qwen,zero_shot_closed_book,0,2,"혈중알코올농도, 운전거리, 범행연도"
5419,qwen,zero_shot_closed_book,1,2,"혈중알코올농도, 차종, 범행연도"
5442,qwen,zero_shot_closed_book,2,0,"혈중알코올농도, 운전거리"
5451,qwen,zero_shot_closed_book,0,2,"음주운전 전과(2회), 혈중알코올농도(0.068%), 운전거리(6km)"
5452,qwen,zero_shot_closed_book,2,2,"음주 전과(2회), 혈중알코올농도(0.091%)"
5469,qwen,zero_shot_closed_book,2,2,"음주 전과(2회), 혈중알코올농도(0.073%), 운전거리(약 1km)"
5472,qwen,zero_shot_closed_book,2,2,"음주운전 전과, 혈중알코올농도, 범행연도(재범)"
5500,qwen,zero_shot_closed_book,2,2,"음주운전 전과, 혈중알코올농도, 도로교통법 위반 2회 이상"
5521,qwen,zero_shot_closed_book,0,1,"혈중알코올농도, 운전거리"
5524,qwen,zero_shot_closed_book,0,2,"혈중알코올농도, 음주 전과"
5543,qwen,zero_shot_closed_book,2,2,"혈중알코올농도, 운전거리"
5558,qwen,zero_shot_closed_book,2,2,"음주 전과, 혈중알코올농도, 운전거리"
5567,qwen,zero_shot_closed_book,2,2,"음주 전과(2회), 혈중알코올농도(0.063%), 운전거리(약 10km)"
5611,qwen,zero_shot_closed_book,0,2,"혈중알코올농도, 차종(택시)"
5612,qwen,zero_shot_closed_book,2,2,"음주 전과, 혈중알코올농도"
5639,qwen,zero_shot_closed_book,2,2,"음주 전과, 혈중알코올농도"
5685,qwen,zero_shot_closed_book,2,2,"음주 전과, 혈중알코올농도, 범행연도, 차종"
5695,qwen,zero_shot_closed_book,0,2,"음주 전과, 혈중알코올농도, 운전거리"
5713,qwen,zero_shot_closed_book,2,2,"음주 전과, 혈중알코올농도, 운전거리"
5744,qwen,zero_shot_closed_book,2,2,"음주 전과, 혈중알코올농도"
5749,qwen,zero_shot_closed_book,3,2,"음주 전과, 혈중알코올농도, 범행연도"
5753,qwen,zero_shot_closed_book,2,2,"혈중알코올농도, 운전거리"
5783,qwen,zero_shot_closed_book,1,2,"혈중알코올농도, 운전거리"
5787,qwen,zero_shot_closed_book,2,3,"혈중알코올농도, 운전거리"
5793,qwen,zero_shot_closed_book,2,2,"음주 전과, 혈중알코올농도"
5798,qwen,zero_shot_closed_book,2,1,"음주 전과, 혈중알코올농도"
5802,qwen,zero_shot_closed_book,2,2,"음주 전과, 혈중알코올농도, 2회 이상 위반"
5804,qwen,zero_shot_closed_book,2,2,"음주 전과(2회), 혈중알코올농도(0.153%), 운전거리(약 100미터), 범행연도(2021), 차종(BMW 520d)"
5862,qwen,zero_shot_closed_book,2,2,"음주운전 전과, 혈중알코올농도 0.162%"
5863,qwen,zero_shot_closed_book,2,2,"음주 전과, 혈중알코올농도, 운전거리"
5873,qwen,zero_shot_closed_book,3,2,"혈중알코올농도, 운전거리"
5905,qwen,zero_shot_closed_book,1,2,"혈중알코올농도, 운전거리"
5942,qwen,zero_shot_closed_book,3,2,"음주 전과, 혈중알코올농도"
5977,qwen,zero_shot_closed_book,2,3,"혈중알코올농도, 운전거리"
5988,qwen,zero_shot_closed_book,0,2,"음주 전과, 혈중알코올농도, 운전거리"
5989,qwen,zero_shot_closed_book,2,2,"음주 전과, 혈중알코올농도, 운전거리"
5994,qwen,zero_shot_closed_book,3,2,"음주 전과(2회 이상 위반), 혈중알코올농도(0.152% 및 0.143%), 운전거리(4km 구간)"
4551,qwen,zero_shot_closed_book,2,2,"음주 전과, 혈중알코올농도, 범행연도, 차종"
4686,qwen,zero_shot_closed_book,2,2,"음주 전과, 혈중알코올농도, 범행연도, 차종"
4856,qwen,zero_shot_closed_book,2,2,"음주 전과, 혈중알코올농도"
4969,qwen,zero_shot_closed_book,2,2,"음주운전 전과, 혈중알코올농도, 차종"
5009,qwen,zero_shot_closed_book,2,2,"음주 전과, 혈중알코올농도, 운전거리"
5116,qwen,zero_shot_closed_book,2,3,"음주 전과, 혈중알코올농도"
5178,qwen,zero_shot_closed_book,2,3,"음주 전과, 혈중알코올농도, 범행연도"
5192,qwen,zero_shot_closed_book,2,2,"음주운전 전과(2회), 혈중알코올농도(0.103%), 운전거리(약 50m)"
5292,qwen,zero_shot_closed_book,2,2,"음주 전과, 혈중알코올농도, 범행연도, 차종"
5296,qwen,zero_shot_closed_book,2,2,"음주 전과, 혈중알코올농도"
5577,qwen,zero_shot_closed_book,2,2,"전과, 혈중알코올농도, 차종"
5690,qwen,zero_shot_closed_book,2,2,"음주 전과(2회), 혈중알코올농도(0.067%), 운전거리(3km)"
5927,qwen,zero_shot_closed_book,2,2,"음주 전과, 혈중알코올농도, 운전거리, 범행연도, 차종"
4664,qwen,zero_shot_closed_book,3,3,"음주 전과(총 8회), 혈중알코올농도(0.073%), 운전거리(약 60km)"
4658,qwen,zero_shot_closed_book,2,3,"음주 전과(2002, 2006, 2010, 2016, 2017), 혈중알코올농도 0.156% 이상, 징역형 선고 기록, 유예기간 중 재범, 차종(싼타페)"
4878,qwen,zero_shot_closed_book,3,3,"음주 전과(4회 이상), 혈중알코올농도 0.135%, 운전거리 6km, 범행연도(2020년), 차종(승용차)"
5128,qwen,zero_shot_closed_book,0,3,"음주 전과, 혈중알코올농도, 운전거리"
5208,qwen,zero_shot_closed_book,3,3,"음주 전과(약식명령, 집행유예 실효), 혈중알코올농도(0.184%), 운전거리(10km), 범행연도(2020년), 차종(SM승용차)"
5494,qwen,zero_shot_closed_book,2,3,"음주 전과, 혈중알코올농도, 차종"
5517,qwen,zero_shot_closed_book,3,2,"음주 전과(5회), 혈중알코올농도(0.094%), 운전거리(100m), 범행연도(2021), 차종(그랜저)"
5623,qwen,zero_shot_closed_book,3,3,"음주 전과(총 8회), 혈중알코올농도(0.271%), 차종(포터II 화물차)"
4680,qwen,zero_shot_closed_book,2,2,"음주 전과, 혈중알코올농도, 2회 이상 운전"
4958,qwen,zero_shot_closed_book,2,2,"음주 전과(3회), 혈중알코올농도(0.097%), 차종(일반 차량)"
5369,qwen,zero_shot_closed_book,2,2,"혈중알코올농도, 음주 전과"
5539,qwen,zero_shot_closed_book,0,1,"혈중알코올농도, 차종"
5458,qwen,zero_shot_closed_book,2,3,"음주 전과(2회), 혈중알코올농도(0.152%), 범행연도(2019년), 운전거리(2회 이상 위반)"
4549,qwen,zero_shot_closed_book,0,2,"음주 전과, 혈중알코올농도"
4576,qwen,zero_shot_closed_book,2,2,"음주 전과, 혈중알코올농도, 2회 이상 음주운전 위반"
4601,qwen,zero_shot_closed_book,2,2,"음주 전과, 혈중알코올농도"
4692,qwen,zero_shot_closed_book,2,2,"음주 전과, 혈중알코올농도"
4723,qwen,zero_shot_closed_book,2,2,"음주 전과, 혈중알코올농도, 범행연도"
4896,qwen,zero_shot_closed_book,2,2,"혈중알코올농도, 차종"
4922,qwen,zero_shot_closed_book,0,2,"음주 전과, 혈중알코올농도, 범행연도"
4960,qwen,zero_shot_closed_book,2,2,"음주 전과, 혈중알코올농도, 차종"
5028,qwen,zero_shot_closed_book,2,2,"음주 전과, 혈중알코올농도 0.160%"
5085,qwen,zero_shot_closed_book,1,2,"혈중알코올농도, 차종"
5091,qwen,zero_shot_closed_book,2,3,"음주 전과(2회), 혈중알코올농도(0.121%), 차종(포터 화물자동차), 운전거리(대화역~B아파트 구간), 범행연도(2021년)"
5115,qwen,zero_shot_closed_book,0,2,"혈중알코올농도, 범행연도, 차종"
5132,qwen,zero_shot_closed_book,2,2,"음주 전과, 혈중알코올농도, 범행연도"
5267,qwen,zero_shot_closed_book,2,2,"음주 전과, 혈중알코올농도"
5312,qwen,zero_shot_closed_book,1,1,"혈중알코올농도, 차종"
5319,qwen,zero_shot_closed_book,2,2,"음주 전과, 혈중알코올농도, 범행연도"
5378,qwen,zero_shot_closed_book,3,1,"음주 전과, 혈중알코올농도"
5394,qwen,zero_shot_closed_book,2,2,"음주 전과, 혈중알코올농도, 차종"
5534,qwen,zero_shot_closed_book,2,3,"혈중알코올농도, 음주 전과"
5579,qwen,zero_shot_closed_book,2,2,"음주 전과, 혈중알코올농도"
5626,qwen,zero_shot_closed_book,2,1,"음주 전과, 혈중알코올농도"
5708,qwen,zero_shot_closed_book,2,2,"음주 전과, 혈중알코올농도, 운전거리"
5732,qwen,zero_shot_closed_book,2,3,"음주 전과, 혈중알코올농도, 범행연도"
5738,qwen,zero_shot_closed_book,3,2,"음주 전과, 혈중알코올농도"
5739,qwen,zero_shot_closed_book,2,2,"음주 전과, 혈중알코올농도, 차종"
5745,qwen,zero_shot_closed_book,0,3,"혈중알코올농도, 범행연도"
5794,qwen,zero_shot_closed_book,0,2,혈중알코올농도
5880,qwen,zero_shot_closed_book,2,1,"음주 전과, 혈중알코올농도"
5974,qwen,zero_shot_closed_book,2,2,"음주운전 전과(2회), 혈중알코올농도(0.049%)"
4510,qwen,zero_shot_closed_book,3,2,"음주 전과, 혈중알코올농도, 운전거리"
4511,qwen,zero_shot_closed_book,2,2,"음주 전과(3회), 혈중알코올농도(0.145%), 운전거리(약 100km)"
4579,qwen,zero_shot_closed_book,2,2,"음주 전과, 혈중알코올농도, 운전거리, 범행연도, 차종"
4634,qwen,zero_shot_closed_book,0,2,"혈중알코올농도, 운전거리"
4806,qwen,zero_shot_closed_book,2,2,"음주 전과(3회), 혈중알코올농도(0.129%), 운전거리(약 60km)"
5086,qwen,zero_shot_closed_book,3,2,"음주 전과(2회), 혈중알코올농도(0.066%), 운전거리(12km)"
5382,qwen,zero_shot_closed_book,3,2,"혈중알코올농도, 운전거리, 범행연도, 차종"
5505,qwen,zero_shot_closed_book,2,2,"음주 전과, 혈중알코올농도, 운전거리, 범행연도"
5656,qwen,zero_shot_closed_book,2,2,"음주운전 전과, 혈중알코올농도 0.110%, 운전거리 121km"
5691,qwen,zero_shot_closed_book,0,2,"음주 전과, 혈중알코올농도, 운전거리"
5842,qwen,zero_shot_closed_book,0,1,"혈중알코올농도, 운전거리"
5248,qwen,zero_shot_closed_book,0,1,"혈중알코올농도, 운전거리"
5557,qwen,zero_shot_closed_book,3,2,"음주 전과, 혈중알코올농도, 범행연도"
5860,qwen,zero_shot_closed_book,3,2,"음주 전과, 혈중알코올농도"
5922,qwen,zero_shot_closed_book,2,2,"음주 전과(2회), 혈중알코올농도(0.111%), 범행연도(2020년)"
5305,qwen,zero_shot_closed_book,2,3,"음주 전과(4회), 음주측정요구에 대한 회피(2회 이상 위반), 범행연도(2020년)"
5443,qwen,zero_shot_closed_book,3,2,"음주 전과(2회), 음주측정 거부, 도로교통법 위반 2회 이상"
5727,qwen,zero_shot_closed_book,2,2,"음주운전 전과, 음주측정거부 전과, 2회 이상 위반"
5716,qwen,zero_shot_closed_book,0,1,"혈중알코올농도, 운전거리"
5758,qwen,zero_shot_closed_book,2,2,"음주 전과 (3회), 혈중알코올농도 (0.152%), 범행연도 (2020년)"
5795,qwen,zero_shot_closed_book,2,2,"음주 전과, 혈중알코올농도, 범행연도"
4500,qwen,zero_shot_closed_book,2,2,"음주 전과, 혈중알코올농도, 범행연도, 차종"
4501,qwen,zero_shot_closed_book,3,2,"음주 전과, 혈중알코올농도"
4502,qwen,zero_shot_closed_book,2,2,"음주 전과, 혈중알코올농도, 차종"
4503,qwen,zero_shot_closed_book,0,2,"혈중알코올농도, 운전거리"
4504,qwen,zero_shot_closed_book,2,2,"음주운전 전과, 혈중알코올농도"
4505,qwen,zero_shot_closed_book,3,2,"음주운전 전과, 혈중알코올농도, 반복범행"
4506,qwen,zero_shot_closed_book,0,2,"음주 전과, 혈중알코올농도, 운전거리, 범행연도, 차종"
4507,qwen,zero_shot_closed_book,2,2,"혈중알코올농도, 운전거리"
4508,qwen,zero_shot_closed_book,2,2,"음주 전과, 혈중알코올농도, 운전거리, 범행연도"
4509,qwen,zero_shot_closed_book,2,2,"음주 전과, 혈중알코올농도, 차종"
4512,qwen,zero_shot_closed_book,2,3,"음주 전과(4회), 혈중알코올농도(0.146%), 범행연도(2020), 차종(투싼)"
4513,qwen,zero_shot_closed_book,1,2,"혈중알코올농도, 운전거리"
4514,qwen,zero_shot_closed_book,0,2,"혈중알코올농도, 범행연도"
4515,qwen,zero_shot_closed_book,2,3,"음주운전 전과(2회), 혈중알코올농도(0.160%), 범행연도(2020년)"
4516,qwen,zero_shot_closed_book,2,2,"혈중알코올농도, 차종"
4517,qwen,zero_shot_closed_book,2,2,"음주 전과(2회), 혈중알코올농도(0.157%), 운전거리(1.5km)"
4518,qwen,zero_shot_closed_book,3,2,"음주 전과, 혈중알코올농도, 범행연도"
4519,qwen,zero_shot_closed_book,0,2,"음주 전과(2회), 혈중알코올농도(0.190%)"
4520,qwen,zero_shot_closed_book,2,2,"음주 전과, 혈중알코올농도, 운전거리"
4521,qwen,zero_shot_closed_book,2,2,"혈중알코올농도, 운전거리"
4522,qwen,zero_shot_closed_book,1,2,"혈중알코올농도, 운전거리, 범행연도"
4523,qwen,zero_shot_closed_book,2,2,"혈중알코올농도, 차종"
4524,qwen,zero_shot_closed_book,0,2,"음주 전과, 혈중알코올농도"
4526,qwen,zero_shot_closed_book,0,2,"음주 전과, 혈중알코올농도, 범행연도, 차종"
4527,qwen,zero_shot_closed_book,2,2,"음주 전과(2회), 혈중알코올농도(0.062%), 운전거리(400m)"
4528,qwen,zero_shot_closed_book,2,2,"음주 전과, 혈중알코올농도"
4529,qwen,zero_shot_closed_book,2,2,"음주 전과, 혈중알코올농도, 차종"
4530,qwen,zero_shot_closed_book,2,2,"혈중알코올농도, 운전거리"
4532,qwen,zero_shot_closed_book,2,2,"음주 전과, 혈중알코올농도, 운전거리"
4533,qwen,zero_shot_closed_book,3,2,"음주 전과, 혈중알코올농도, 차종"
4534,qwen,zero_shot_closed_book,2,2,"혈중알코올농도, 운전거리"
4535,qwen,zero_shot_closed_book,0,2,"음주 전과, 혈중알코올농도, 운전거리"
4536,qwen,zero_shot_closed_book,3,2,"음주 전과, 혈중알코올농도"
4537,qwen,zero_shot_closed_book,0,2,"음주 전과, 혈중알코올농도"
4538,qwen,zero_shot_closed_book,3,3,"음주운전 전력 3회, 혈중알코올농도 0.153%, 차종(E 포터 화물차)"
4539,qwen,zero_shot_closed_book,2,2,"음주 전과(2회), 혈중알코올농도(0.107%), 범행연도(2020년)"
4540,qwen,zero_shot_closed_book,2,2,"음주 전과, 혈중알코올농도, 차종"
4541,qwen,zero_shot_closed_book,0,1,"혈중알코올농도, 운전거리"
4542,qwen,zero_shot_closed_book,2,2,"음주 전과, 혈중알코올농도"
4543,qwen,zero_shot_closed_book,2,2,"음주 전과(2회), 혈중알코올농도(0.077%), 운전거리(20km)"
4544,qwen,zero_shot_closed_book,1,1,"혈중알코올농도, 운전거리"
4545,qwen,zero_shot_closed_book,0,2,"음주 전과(2회), 혈중알코올농도(0.209%), 2회 이상 운전"
4546,qwen,zero_shot_closed_book,2,2,"음주 전과, 혈중알코올농도, 운전거리"
4547,qwen,zero_shot_closed_book,2,2,"혈중알코올농도, 운전거리, 차종"
4548,qwen,zero_shot_closed_book,2,3,"음주 전과, 혈중알코올농도"
4550,qwen,zero_shot_closed_book,0,3,"혈중알코올농도, 운전거리"
4552,qwen,zero_shot_closed_book,2,2,"음주 전과, 혈중알코올농도, 운전거리"
4553,qwen,zero_shot_closed_book,2,2,"음주 전과, 혈중알코올농도, 범행연도, 차종"
4554,qwen,zero_shot_closed_book,3,3,"음주 전과(3회), 혈중알코올농도(0.103%), 운전거리(4km), 범행연도(2020년)"
4555,qwen,zero_shot_closed_book,0,2,"음주 전과, 혈중알코올농도"
4556,qwen,zero_shot_closed_book,2,2,"음주 전과, 혈중알코올농도"
4557,qwen,zero_shot_closed_book,2,2,"음주 전과, 혈중알코올농도, 범행연도, 차종"
4558,qwen,zero_shot_closed_book,2,1,"음주 전과, 혈중알코올농도"
4559,qwen,zero_shot_closed_book,3,2,"음주 전과, 혈중알코올농도, 범행연도, 운전거리"
4560,qwen,zero_shot_closed_book,0,1,"혈중알코올농도, 운전거리, 범행연도"
4561,qwen,zero_shot_closed_book,2,2,"음주 전과(3회), 혈중알코올농도(0.037%)"
4562,qwen,zero_shot_closed_book,2,2,"음주 전과, 혈중알코올농도, 운전거리, 범행연도, 차종"
4563,qwen,zero_shot_closed_book,2,2,"음주운전 전과, 혈중알코올농도, 운전거리"
4564,qwen,zero_shot_closed_book,2,2,"음주 전과(2회), 혈중알코올농도(0.077%)"
4565,qwen,zero_shot_closed_book,2,2,"음주 전과(3회), 혈중알코올농도(0.119%), 범행연도(2021)"
4566,qwen,zero_shot_closed_book,0,2,"음주운전 전과, 혈중알코올농도 0.195%, 2회 이상 위반"
4567,qwen,zero_shot_closed_book,2,2,"음주 전과, 혈중알코올농도, 범행연도"
4568,qwen,zero_shot_closed_book,2,2,"혈중알코올농도, 운전거리"
4569,qwen,zero_shot_closed_book,2,2,"음주 전과, 혈중알코올농도"
4570,qwen,zero_shot_closed_book,2,2,"음주 전과, 혈중알코올농도"
4571,qwen,zero_shot_closed_book,2,3,"음주 전과(4회), 혈중알코올농도 0.104% 초과, 운전거리 20km, 범행연도(2020)"
4572,qwen,zero_shot_closed_book,2,2,"음주 전과, 혈중알코올농도, 2회 이상"
4574,qwen,zero_shot_closed_book,1,2,"혈중알코올농도, 차종"
4577,qwen,zero_shot_closed_book,2,2,"혈중알코올농도, 운전거리"
4578,qwen,zero_shot_closed_book,0,2,"음주 전과, 혈중알코올농도, 범행연도"
4580,qwen,zero_shot_closed_book,2,2,"혈중알코올농도, 차종, 운전거리"
4581,qwen,zero_shot_closed_book,2,2,"음주 전과(2회), 혈중알코올농도(0.040%), 운전거리(약 300m)"
4582,qwen,zero_shot_closed_book,2,1,"혈중알코올농도, 운전거리"
4583,qwen,zero_shot_closed_book,2,2,"음주 전과, 혈중알코올농도, 범행연도"
4584,qwen,zero_shot_closed_book,2,2,"음주 전과, 혈중알코올농도, 운전거리"
4585,qwen,zero_shot_closed_book,2,2,"음주 전과, 혈중알코올농도, 운전거리"
4586,qwen,zero_shot_closed_book,2,2,"음주 전과, 혈중알코올농도"
4587,qwen,zero_shot_closed_book,2,2,"음주 전과, 혈중알코올농도, 범행연도"
4588,qwen,zero_shot_closed_book,2,2,"음주 전과, 혈중알코올농도, 범행연도, 차종"
4589,qwen,zero_shot_closed_book,0,2,"혈중알코올농도, 운전거리, 차종"
4590,qwen,zero_shot_closed_book,2,3,"혈중알코올농도, 운전거리"
4591,qwen,zero_shot_closed_book,2,2,"음주 전과, 혈중알코올농도, 운전거리"
4592,qwen,zero_shot_closed_book,2,2,"음주 전과, 혈중알코올농도, 차종"
4593,qwen,zero_shot_closed_book,2,2,"음주 전과, 혈중알코올농도, 범행연도"
4594,qwen,zero_shot_closed_book,2,2,"혈중알코올농도, 운전거리"
4595,qwen,zero_shot_closed_book,2,2,"음주 전과, 혈중알코올농도"
4596,qwen,zero_shot_closed_book,1,2,"음주 전과, 혈중알코올농도, 범행연도"
4597,qwen,zero_shot_closed_book,2,2,"음주 전과, 혈중알코올농도, 운전거리, 범행연도"
4598,qwen,zero_shot_closed_book,2,2,"혈중알코올농도, 운전거리"
4599,qwen,zero_shot_closed_book,2,2,"음주운전 전과, 혈중알코올농도, 차종"
4600,qwen,zero_shot_closed_book,2,2,"혈중알코올농도, 음주운전 전과, 범행연도"
4602,qwen,zero_shot_closed_book,2,2,"음주 전과, 혈중알코올농도, 운전거리, 범행연도"
4603,qwen,zero_shot_closed_book,2,2,"음주 전과, 혈중알코올농도, 차종(오토바이)"
4604,qwen,zero_shot_closed_book,2,2,"음주 전과, 혈중알코올농도, 운전거리"
4605,qwen,zero_shot_closed_book,0,1,"혈중알코올농도, 운전거리"
4606,qwen,zero_shot_closed_book,3,2,"혈중알코올농도, 운전거리"
4608,qwen,zero_shot_closed_book,2,2,"혈중알코올농도, 차종"
4609,qwen,zero_shot_closed_book,2,2,"혈중알코올농도, 운전거리"
4610,qwen,zero_shot_closed_book,2,2,"음주 전과(2회), 혈중알코올농도(0.105%), 운전거리(약 3m)"
4611,qwen,zero_shot_closed_book,2,2,"음주 전과, 혈중알코올농도, 범행연도"
4612,qwen,zero_shot_closed_book,3,3,"음주 전과(3회), 혈중알코올농도(0.190%), 운전거리(2km), 범행연도(2020), 차종(F 쏘나타)"
4613,qwen,zero_shot_closed_book,0,2,"혈중알코올농도, 차종"
4614,qwen,zero_shot_closed_book,2,2,"혈중알코올농도, 운전거리"
4615,qwen,zero_shot_closed_book,3,2,"음주 전과, 혈중알코올농도, 운전거리"
4616,qwen,zero_shot_closed_book,3,2,"혈중알코올농도, 운전거리"
4617,qwen,zero_shot_closed_book,2,2,"혈중알코올농도, 운전거리"
4618,qwen,zero_shot_closed_book,3,2,"음주 전과, 혈중알코올농도, 운전거리, 범행연도, 차종"
4619,qwen,zero_shot_closed_book,2,2,"음주 전과, 혈중알코올농도, 운전거리"
4620,qwen,zero_shot_closed_book,2,2,"음주 전과, 혈중알코올농도, 운전거리, 범행연도, 차종"
4621,qwen,zero_shot_closed_book,2,2,"음주 전과, 혈중알코올농도 0.124%, 운전거리 5km, 범행연도 2021, 차종 아반떼"
4622,qwen,zero_shot_closed_book,2,2,"음주 전과, 혈중알코올농도, 운전거리"
4623,qwen,zero_shot_closed_book,2,2,"혈중알코올농도, 운전거리"
4624,qwen,zero_shot_closed_book,2,1,"혈중알코올농도, 운전거리, 범행연도"
4625,qwen,zero_shot_closed_book,2,2,"음주운전 전과, 혈중알코올농도(0.075%)"
4626,qwen,zero_shot_closed_book,0,2,"음주 전과, 혈중알코올농도"
4627,qwen,zero_shot_closed_book,2,2,"음주 전과, 혈중알코올농도, 차종"
4628,qwen,zero_shot_closed_book,2,2,"음주 전과, 혈중알코올농도, 운전거리"
4629,qwen,zero_shot_closed_book,0,2,"음주 전과, 혈중알코올농도 0.103%, 운전거리 1.3km, 차종(화물차)"
4630,qwen,zero_shot_closed_book,2,3,"음주 전과(3회), 혈중알코올농도(0.276%), 운전거리(5m), 범행연도(2020), 차종(포터 화물자동차)"
4631,qwen,zero_shot_closed_book,2,2,"음주 전과, 혈중알코올농도"
4632,qwen,zero_shot_closed_book,2,2,"음주 전과, 혈중알코올농도, 차종"
4633,qwen,zero_shot_closed_book,2,2,"음주 전과, 혈중알코올농도, 범행연도, 도로교통법 제44조 2회 이상 위반"
4636,qwen,zero_shot_closed_book,3,3,"음주 전과, 혈중알코올농도, 범행연도, 차종"
4637,qwen,zero_shot_closed_book,2,3,"음주 전과, 혈중알코올농도 0.209%, 차종(화물차)"
4638,qwen,zero_shot_closed_book,2,2,"음주 전과, 혈중알코올농도, 범행연도"
4639,qwen,zero_shot_closed_book,2,2,"음주 전과, 혈중알코올농도"
4640,qwen,zero_shot_closed_book,3,3,"음주 전과, 혈중알코올농도, 차종"
4641,qwen,zero_shot_closed_book,2,2,"음주 전과, 혈중알코올농도, 운전거리"
4642,qwen,zero_shot_closed_book,2,2,"음주 전과, 혈중알코올농도 0.156%, 2회 이상 음주 운전 금지 위반"
4643,qwen,zero_shot_closed_book,2,1,"음주 전과, 혈중알코올농도, 운전거리"
4644,qwen,zero_shot_closed_book,2,2,"음주 전과, 혈중알코올농도"
4645,qwen,zero_shot_closed_book,2,2,"음주 전과, 혈중알코올농도, 운전거리"
4646,qwen,zero_shot_closed_book,0,2,"혈중알코올농도, 운전거리"
4647,qwen,zero_shot_closed_book,2,2,"음주 전과, 혈중알코올농도, 운전거리"
4648,qwen,zero_shot_closed_book,2,2,"혈중알코올농도, 운전거리"
4649,qwen,zero_shot_closed_book,2,3,"음주 전과 (3회), 혈중알코올농도 (0.072%), 운전거리 (약 300m)"
4650,qwen,zero_shot_closed_book,2,2,"음주 전과, 혈중알코올농도, 운전거리"
4651,qwen,zero_shot_closed_book,2,2,"음주 전과, 혈중알코올농도, 운전거리"
4652,qwen,zero_shot_closed_book,2,2,"혈중알코올농도, 차종"
4653,qwen,zero_shot_closed_book,2,2,"음주 전과, 혈중알코올농도, 운전거리, 범행연도, 차종"
4655,qwen,zero_shot_closed_book,2,2,"혈중알코올농도, 차종"
4656,qwen,zero_shot_closed_book,2,2,"음주운전 전과, 혈중알코올농도, 범행연도"
4657,qwen,zero_shot_closed_book,3,2,"음주 전과, 혈중알코올농도, 범행연도"
4659,qwen,zero_shot_closed_book,3,2,"음주 전과, 혈중알코올농도, 범행연도"
4660,qwen,zero_shot_closed_book,2,2,"음주 전과, 혈중알코올농도, 범행연도"
4661,qwen,zero_shot_closed_book,1,2,"혈중알코올농도, 운전거리"
4662,qwen,zero_shot_closed_book,3,2,"음주 전과, 혈중알코올농도, 운전거리"
4663,qwen,zero_shot_closed_book,3,2,"음주 전과(3회), 혈중알코올농도(0.208%), 운전거리(약 2km)"
4665,qwen,zero_shot_closed_book,2,1,"음주 전과, 혈중알코올농도"
4666,qwen,zero_shot_closed_book,2,2,"음주 전과 (2회), 혈중알코올농도 (0.205%), 범행연도 (2020년), 차종 (E 싼타페)"
4667,qwen,zero_shot_closed_book,1,0,"혈중알코올농도, 운전거리"
4668,qwen,zero_shot_closed_book,2,2,"음주운전 전과, 혈중알코올농도"
4669,qwen,zero_shot_closed_book,3,2,"음주운전 전과(2회), 혈중알코올농도(0.244%)"
4670,qwen,zero_shot_closed_book,2,2,"음주 전과, 혈중알코올농도, 차종"
4671,qwen,zero_shot_closed_book,3,2,"음주 전과, 혈중알코올농도, 운전거리"
4672,qwen,zero_shot_closed_book,1,2,"혈중알코올농도, 차종, 운전거리"
4673,qwen,zero_shot_closed_book,3,2,"음주 전과(2회), 혈중알코올농도(0.049%)"
4675,qwen,zero_shot_closed_book,2,2,"음주 전과, 혈중알코올농도(0.248%), 2회 이상 음주운전, 범행연도(2020)"
4676,qwen,zero_shot_closed_book,2,2,"혈중알코올농도, 운전거리"
4677,qwen,zero_shot_closed_book,0,2,"음주 전과, 혈중알코올농도, 운전거리"
4679,qwen,zero_shot_closed_book,2,2,"음주운전 전과, 혈중알코올농도 0.08%"
4681,qwen,zero_shot_closed_book,2,2,"음주 전과, 혈중알코올농도"
4683,qwen,zero_shot_closed_book,2,2,"음주 전과, 혈중알코올농도, 범행연도"
4684,qwen,zero_shot_closed_book,2,2,"혈중알코올농도, 운전거리"
4685,qwen,zero_shot_closed_book,2,2,"음주 전과(3회), 혈중알코올농도(0.034%), 운전거리(12km)"
4687,qwen,zero_shot_closed_book,2,2,"음주 전과(2회), 혈중알코올농도(0.095%), 범행연도(2019년), 차종(E 포터Ⅱ)"
4688,qwen,zero_shot_closed_book,2,2,"음주 전과, 혈중알코올농도, 운전거리"
4689,qwen,zero_shot_closed_book,2,2,"전과, 혈중알코올농도, 2회 이상 위반"
4690,qwen,zero_shot_closed_book,2,2,"음주 전과, 혈중알코올농도, 운전거리"
4693,qwen,zero_shot_closed_book,0,2,"음주 전과, 혈중알코올농도"
4694,qwen,zero_shot_closed_book,2,2,"혈중알코올농도, 운전거리"
4695,qwen,zero_shot_closed_book,2,2,"음주 전과, 혈중알코올농도, 운전거리"
4696,qwen,zero_shot_closed_book,0,2,"음주 전과, 혈중알코올농도, 차종"
4697,qwen,zero_shot_closed_book,2,2,"음주 전과, 혈중알코올농도, 범행연도, 차종"
4698,qwen,zero_shot_closed_book,2,2,"음주 전과, 혈중알코올농도, 운전거리, 범행연도, 차종"
4699,qwen,zero_shot_closed_book,2,2,"음주 전과, 혈중알코올농도, 운전거리"
4701,qwen,zero_shot_closed_book,0,1,"혈중알코올농도, 운전거리"
4702,qwen,zero_shot_closed_book,2,2,"음주 전과, 혈중알코올농도"
4703,qwen,zero_shot_closed_book,2,3,"음주 전과(2회), 혈중알코올농도(0.156%), 운전거리(약 50m), 범행연도(2020), 차종(승용차)"
4704,qwen,zero_shot_closed_book,3,1,"음주 전과, 혈중알코올농도"
4705,qwen,zero_shot_closed_book,2,2,"음주운전 전과, 혈중알코올농도, 운전거리"
4706,qwen,zero_shot_closed_book,3,2,"음주 전과(2회 이상), 혈중알코올농도(0.079%), 운전거리(약 15m), 범행연도(2020년), 차종(E QM6)"
4707,qwen,zero_shot_closed_book,0,2,"음주 전과, 혈중알코올농도, 범행연도"
4708,qwen,zero_shot_closed_book,2,2,"음주 전과, 혈중알코올농도, 범행연도"
4709,qwen,zero_shot_closed_book,2,2,"음주 전과, 혈중알코올농도"
4710,qwen,zero_shot_closed_book,0,1,"음주 전과, 혈중알코올농도, 범행연도"
4711,qwen,zero_shot_closed_book,2,2,"음주운전 전과, 혈중알코올농도(0.097%), 2회 이상 위반"
4713,qwen,zero_shot_closed_book,2,2,"음주 전과(2회), 혈중알코올농도(0.148%), 도로교통법 제44조 2회 이상 위반"
4714,qwen,zero_shot_closed_book,2,2,"음주운전 전과, 혈중알코올농도, 운전거리"
4715,qwen,zero_shot_closed_book,0,2,"음주 전과, 혈중알코올농도, 범행연도, 차종"
4716,qwen,zero_shot_closed_book,2,2,"음주운전 전과, 혈중알코올농도"
4717,qwen,zero_shot_closed_book,2,2,"음주 전과, 혈중알코올농도"
4718,qwen,zero_shot_closed_book,2,2,"음주 전과(2회), 혈중알코올농도(0.107%), 운전거리(1km), 범행연도(2021)"
4720,qwen,zero_shot_closed_book,2,2,"음주 전과, 혈중알코올농도, 운전거리, 범행연도, 차종"
4721,qwen,zero_shot_closed_book,1,1,"혈중알코올농도, 운전거리"
4722,qwen,zero_shot_closed_book,0,2,"음주 전과, 혈중알코올농도, 차종"
4724,qwen,zero_shot_closed_book,0,2,"음주 전과, 혈중알코올농도, 범행연도, 차종"
4725,qwen,zero_shot_closed_book,2,2,"혈중알코올농도, 운전거리"
4726,qwen,zero_shot_closed_book,2,2,"음주 전과, 혈중알코올농도, 운전거리"
4727,qwen,zero_shot_closed_book,2,2,"음주 전과, 혈중알코올농도"
4728,qwen,zero_shot_closed_book,1,2,"음주 전과, 혈중알코올농도, 범행연도, 차종"
4729,qwen,zero_shot_closed_book,2,3,"음주 전과(3회), 혈중알코올농도(0.195%), 범행연도(2021년), 차종(그랜저)"
4730,qwen,zero_shot_closed_book,3,2,"음주 전과, 혈중알코올농도"
4731,qwen,zero_shot_closed_book,3,2,"음주 전과, 혈중알코올농도, 운전거리"
4732,qwen,zero_shot_closed_book,2,2,"혈중알코올농도, 운전거리"
4733,qwen,zero_shot_closed_book,2,2,"음주 전과(2회), 혈중알코올농도(0.179%), 운전거리(약 2km)"
4734,qwen,zero_shot_closed_book,2,2,"혈중알코올농도, 운전거리"
4735,qwen,zero_shot_closed_book,2,2,"음주 전과, 혈중알코올농도, 범행연도, 차종"
4736,qwen,zero_shot_closed_book,2,2,"혈중알코올농도, 차종"
4737,qwen,zero_shot_closed_book,1,2,"혈중알코올농도, 차종"
4738,qwen,zero_shot_closed_book,1,2,"혈중알코올농도, 운전거리"
4739,qwen,zero_shot_closed_book,2,2,"음주 전과, 혈중알코올농도, 운전거리"
4740,qwen,zero_shot_closed_book,0,2,"음주 전과, 혈중알코올농도, 운전거리"
4741,qwen,zero_shot_closed_book,2,2,"음주 전과, 혈중알코올농도, 범행연도"
4742,qwen,zero_shot_closed_book,2,2,"음주 전과, 혈중알코올농도"
4743,qwen,zero_shot_closed_book,2,2,"음주 전과, 혈중알코올농도, 범행연도"
4745,qwen,zero_shot_closed_book,2,2,"음주 전과(2회), 혈중알코올농도(0.124%), 운전거리(30km)"
4746,qwen,zero_shot_closed_book,0,2,"혈중알코올농도, 전과"
4747,qwen,zero_shot_closed_book,2,2,"음주 전과, 혈중알코올농도, 범행연도"
4748,qwen,zero_shot_closed_book,3,2,"음주 전과, 혈중알코올농도, 차종"
4749,qwen,zero_shot_closed_book,1,2,"혈중알코올농도, 운전거리, 차종"
4750,qwen,zero_shot_closed_book,0,2,"음주 전과, 혈중알코올농도, 범행연도"
4751,qwen,zero_shot_closed_book,2,2,"음주 전과, 혈중알코올농도, 운전거리"
4753,qwen,zero_shot_closed_book,2,2,"음주 전과, 혈중알코올농도, 운전거리"
4754,qwen,zero_shot_closed_book,3,2,"음주 전과(2회), 혈중알코올농도(0.078%), 운전거리(약 30m)"
4755,qwen,zero_shot_closed_book,2,2,"혈중알코올농도, 차종"
4756,qwen,zero_shot_closed_book,3,3,"음주 전과, 혈중알코올농도, 운전거리"
4757,qwen,zero_shot_closed_book,2,2,"혈중알코올농도, 운전거리"
4758,qwen,zero_shot_closed_book,0,2,"음주 전과, 혈중알코올농도, 운전거리"
4759,qwen,zero_shot_closed_book,0,2,"음주 전과(2회), 혈중알코올농도(0.150%), 운전거리(약 300m)"
4760,qwen,zero_shot_closed_book,2,2,"음주운전 전과, 혈중알코올농도"
4761,qwen,zero_shot_closed_book,1,2,"음주 전과, 혈중알코올농도, 운전거리"
4762,qwen,zero_shot_closed_book,2,2,"음주 전과, 혈중알코올농도, 차종, 운전거리"
4763,qwen,zero_shot_closed_book,2,2,"음주 전과, 혈중알코올농도, 범행연도, 운전거리"
4764,qwen,zero_shot_closed_book,0,1,"혈중알코올농도, 운전거리"
4765,qwen,zero_shot_closed_book,2,2,"음주 전과(2회), 혈중알코올농도(0.096%), 운전거리(약 500m), 범행연도(2020년), 차종(F 포드 승용차)"
4766,qwen,zero_shot_closed_book,2,2,"음주운전 전과, 혈중알코올농도, 차종"
4767,qwen,zero_shot_closed_book,2,2,"음주 전과(2회), 혈중알코올농도(0.153%), 범행연도(2021)"
4768,qwen,zero_shot_closed_book,1,1,"혈중알코올농도, 운전거리"
4769,qwen,zero_shot_closed_book,2,2,"음주 전과, 혈중알코올농도, 차종"
4770,qwen,zero_shot_closed_book,2,2,"음주 전과, 혈중알코올농도, 범행연도, 차종"
4771,qwen,zero_shot_closed_book,0,2,"음주 전과, 혈중알코올농도, 운전거리"
4772,qwen,zero_shot_closed_book,2,2,"음주 전과(2회), 혈중알코올농도(0.068%), 운전거리(약 642m)"
4773,qwen,zero_shot_closed_book,2,2,"음주 전과(2회), 혈중알코올농도(0.077%), 운전거리(약 50미터)"
4774,qwen,zero_shot_closed_book,3,2,"음주 전과, 혈중알코올농도, 운전거리"
4775,qwen,zero_shot_closed_book,2,2,"음주 전과, 혈중알코올농도, 2회 이상 위반"
4776,qwen,zero_shot_closed_book,0,2,"혈중알코올농도, 운전거리"
4778,qwen,zero_shot_closed_book,0,1,"혈중알코올농도, 운전거리"
4779,qwen,zero_shot_closed_book,2,2,"음주 전과, 혈중알코올농도"
4780,qwen,zero_shot_closed_book,2,2,"혈중알코올농도, 운전거리"
4782,qwen,zero_shot_closed_book,2,2,"음주 전과, 혈중알코올농도, 운전거리"
4783,qwen,zero_shot_closed_book,2,1,"혈중알코올농도, 차종"
4784,qwen,zero_shot_closed_book,0,2,"음주운전 전과(2회), 혈중알코올농도 0.156%"
4785,qwen,zero_shot_closed_book,2,3,"혈중알코올농도, 운전거리"
4786,qwen,zero_shot_closed_book,2,3,"혈중알코올농도, 차종"
4787,qwen,zero_shot_closed_book,0,2,"음주 전과, 혈중알코올농도, 운전거리, 범행연도, 차종"
4788,qwen,zero_shot_closed_book,2,1,"혈중알코올농도, 음주 전과"
4789,qwen,zero_shot_closed_book,2,2,"음주 전과, 혈중알코올농도, 범행연도"
4790,qwen,zero_shot_closed_book,2,3,"혈중알코올농도(0.215%), 운전거리(약 7km), 범행연도(2020년)"
4791,qwen,zero_shot_closed_book,1,1,"혈중알코올농도(0.131%), 운전거리(500m), 범행연도(2021)"
4792,qwen,zero_shot_closed_book,3,2,"음주 전과, 혈중알코올농도, 범행연도, 차종"
4793,qwen,zero_shot_closed_book,0,2,"혈중알코올농도, 운전거리"
4794,qwen,zero_shot_closed_book,2,2,"음주 전과, 혈중알코올농도, 범행연도, 차종"
4795,qwen,zero_shot_closed_book,2,2,"음주운전 전과, 혈중알코올농도"
4796,qwen,zero_shot_closed_book,2,2,"음주 전과(2회), 혈중알코올농도(0.091%), 운전거리(약 3km)"
4797,qwen,zero_shot_closed_book,2,2,"음주 전과(2회), 혈중알코올농도(0.098%), 운전거리(700m)"
4798,qwen,zero_shot_closed_book,2,2,"혈중알코올농도, 차종"
4799,qwen,zero_shot_closed_book,2,2,"음주 전과, 혈중알코올농도, 운전거리"
4800,qwen,zero_shot_closed_book,2,2,"음주 전과, 혈중알코올농도"
4801,qwen,zero_shot_closed_book,0,2,"음주 전과, 혈중알코올농도, 운전거리, 범행연도, 차종"
4802,qwen,zero_shot_closed_book,0,2,"혈중알코올농도, 운전거리"
4803,qwen,zero_shot_closed_book,2,2,"음주 전과(2회), 혈중알코올농도(0.150%), 2회 이상 음주운전, 범행연도(2020)"
4804,qwen,zero_shot_closed_book,2,2,"혈중알코올농도, 운전거리"
4805,qwen,zero_shot_closed_book,2,2,"음주 전과, 혈중알코올농도, 운전거리, 범행연도, 차종"
4807,qwen,zero_shot_closed_book,2,2,"혈중알코올농도(0.192%), 운전거리(13km), 범행연도(2021)"
4808,qwen,zero_shot_closed_book,2,2,"음주 전과, 혈중알코올농도, 범행연도, 차종"
4809,qwen,zero_shot_closed_book,2,2,"혈중알코올농도, 운전거리"
4810,qwen,zero_shot_closed_book,0,3,"음주 전과, 혈중알코올농도, 운전거리"
4811,qwen,zero_shot_closed_book,2,2,"음주 전과, 혈중알코올농도"
4812,qwen,zero_shot_closed_book,0,1,"혈중알코올농도(0.099%), 운전거리(500m), 범행연도(2019)"
4813,qwen,zero_shot_closed_book,1,2,"혈중알코올농도, 운전거리, 범행연도"
4814,qwen,zero_shot_closed_book,0,2,"음주 전과, 혈중알코올농도, 운전거리, 범행연도"
4815,qwen,zero_shot_closed_book,2,3,"음주 전과(2회), 혈중알코올농도(0.167%), 범행연도(2021년), 차종(그랜저)"
4816,qwen,zero_shot_closed_book,0,2,"혈중알코올농도, 운전거리"
4817,qwen,zero_shot_closed_book,0,2,"혈중알코올농도, 운전거리"
4819,qwen,zero_shot_closed_book,2,2,"음주 전과, 혈중알코올농도, 운전거리"
4820,qwen,zero_shot_closed_book,3,2,"음주 전과, 혈중알코올농도"
4821,qwen,zero_shot_closed_book,2,2,"음주 전과, 혈중알코올농도, 차종"
4822,qwen,zero_shot_closed_book,2,3,"음주 전과(2회), 혈중알코올농도(0.088%), 운전거리(4km)"
4823,qwen,zero_shot_closed_book,1,2,"음주 전과, 혈중알코올농도, 운전거리"
4824,qwen,zero_shot_closed_book,2,2,"음주 전과, 혈중알코올농도, 범행연도"
4825,qwen,zero_shot_closed_book,2,2,"혈중알코올농도, 차종"
4826,qwen,zero_shot_closed_book,2,2,"음주 전과, 혈중알코올농도, 범행연도"
4827,qwen,zero_shot_closed_book,0,2,"음주 전과(2회), 혈중알코올농도(0.045%), 운전거리(4km), 범행연도(2021)"
4828,qwen,zero_shot_closed_book,2,1,"음주 전과, 혈중알코올농도"
4829,qwen,zero_shot_closed_book,2,2,"음주 전과, 혈중알코올농도, 운전거리"
4830,qwen,zero_shot_closed_book,1,2,"혈중알코올농도, 운전거리"
4831,qwen,zero_shot_closed_book,2,1,혈중알코올농도
4832,qwen,zero_shot_closed_book,0,2,"혈중알코올농도, 차종"
4833,qwen,zero_shot_closed_book,2,2,"음주운전 전과, 혈중알코올농도(0.153%), 범행연도(2020년)"
4834,qwen,zero_shot_closed_book,2,2,"음주 전과, 혈중알코올농도"
4835,qwen,zero_shot_closed_book,2,2,"음주 전과, 혈중알코올농도"
4836,qwen,zero_shot_closed_book,2,2,"음주운전 전과, 혈중알코올농도, 운전거리"
4837,qwen,zero_shot_closed_book,2,2,"음주 전과, 혈중알코올농도, 운전거리, 범행연도"
4838,qwen,zero_shot_closed_book,2,2,"음주 전과, 혈중알코올농도, 운전거리"
4839,qwen,zero_shot_closed_book,2,2,"음주 전과, 혈중알코올농도, 범행연도"
4840,qwen,zero_shot_closed_book,2,2,"음주 전과, 혈중알코올농도, 범행연도"
4841,qwen,zero_shot_closed_book,2,2,"음주 전과, 혈중알코올농도, 범행연도"
4842,qwen,zero_shot_closed_book,2,3,"음주 전과(2회), 혈중알코올농도(0.120%), 운전거리(약 2km)"
4843,qwen,zero_shot_closed_book,3,3,"음주 전과(2회), 혈중알코올농도(0.262%), 운전거리(600m), 범행연도(2020), 차종(D 쎄라토 승용차)"
4846,qwen,zero_shot_closed_book,2,2,"혈중알코올농도, 운전거리"
4847,qwen,zero_shot_closed_book,2,2,"음주 전과, 혈중알코올농도"
4849,qwen,zero_shot_closed_book,3,2,"음주 전과(2회), 혈중알코올농도(0.149%), 운전거리(약 2킬로미터)"
4850,qwen,zero_shot_closed_book,2,2,"음주운전 전과, 혈중알코올농도"
4851,qwen,zero_shot_closed_book,2,2,"음주 전과, 혈중알코올농도, 차종"
4852,qwen,zero_shot_closed_book,3,2,"음주 전과, 혈중알코올농도, 범행연도"
4853,qwen,zero_shot_closed_book,2,2,"음주운전 전과, 혈중알코올농도, 운전거리, 범행연도"
4854,qwen,zero_shot_closed_book,2,2,"음주 전과, 혈중알코올농도, 범행연도, 운전거리"
4855,qwen,zero_shot_closed_book,2,2,"음주 전과(2회), 혈중알코올농도(0.084%), 운전거리(2km)"
4858,qwen,zero_shot_closed_book,2,2,"음주 전과, 혈중알코올농도, 차종"
4859,qwen,zero_shot_closed_book,2,2,"음주 전과, 혈중알코올농도, 운전거리"
4860,qwen,zero_shot_closed_book,2,2,"음주운전 전과(2회), 혈중알코올농도 0.179%, 차종(승용차)"
4861,qwen,zero_shot_closed_book,1,1,"혈중알코올농도, 운전거리, 범행연도"
4862,qwen,zero_shot_closed_book,0,2,"음주운전 전과(2회), 혈중알코올농도 0.145%, 차종(화물차), 범행연도(2021)"
4863,qwen,zero_shot_closed_book,2,2,"음주 전과(2회), 혈중알코올농도(0.052%), 운전거리(4.4km), 범행연도(2020), 차종(모하비)"
4864,qwen,zero_shot_closed_book,2,3,"혈중알코올농도, 운전거리"
4865,qwen,zero_shot_closed_book,2,2,"음주 전과, 혈중알코올농도, 범행연도, 차종"
4866,qwen,zero_shot_closed_book,1,1,"혈중알코올농도, 범행연도"
4868,qwen,zero_shot_closed_book,0,1,"음주 전과, 혈중알코올농도(0.093%)"
4869,qwen,zero_shot_closed_book,2,2,"음주 전과, 혈중알코올농도, 범행연도, 차종"
4870,qwen,zero_shot_closed_book,2,2,"음주 전과, 혈중알코올농도, 운전거리"
4871,qwen,zero_shot_closed_book,2,2,"음주 전과, 혈중알코올농도, 운전거리"
4872,qwen,zero_shot_closed_book,2,1,"음주운전 전과, 혈중알코올농도 0.085%"
4873,qwen,zero_shot_closed_book,2,2,"혈중알코올농도, 차종"
4874,qwen,zero_shot_closed_book,1,2,"음주 전과, 혈중알코올농도, 운전거리, 범행연도, 차종"
4875,qwen,zero_shot_closed_book,3,2,"음주운전 전과(2회), 혈중알코올농도 0.153%, 운전거리(700m), 범행연도(2020년), 차종(봉고화물차)"
4876,qwen,zero_shot_closed_book,2,1,"음주 전과, 혈중알코올농도, 운전거리"
4877,qwen,zero_shot_closed_book,2,3,"음주 전과(3회), 혈중알코올농도(0.062%), 운전거리(약 670m)"
4879,qwen,zero_shot_closed_book,3,3,"음주 전과(2014년 징역형 선고), 혈중알코올농도(0.120%), 운전거리(4km)"
4880,qwen,zero_shot_closed_book,2,2,"혈중알코올농도, 차종"
4881,qwen,zero_shot_closed_book,0,2,"혈중알코올농도, 차종"
4882,qwen,zero_shot_closed_book,2,2,"음주 전과, 혈중알코올농도, 범행연도"
4883,qwen,zero_shot_closed_book,2,1,"음주 전과, 혈중알코올농도, 범행연도"
4884,qwen,zero_shot_closed_book,3,2,"음주운전 전과(2회), 혈중알코올농도(0.056%)"
4885,qwen,zero_shot_closed_book,2,2,"음주 전과(2회), 혈중알코올농도(0.136%), 범행연도(2021년), 차종(승용차)"
4886,qwen,zero_shot_closed_book,2,3,"음주 전과, 혈중알코올농도, 차종"
4887,qwen,zero_shot_closed_book,0,2,"음주 전과(2회), 혈중알코올농도(0.068%), 운전거리(약 100m), 범행연도(2020년)"
4888,qwen,zero_shot_closed_book,0,2,"혈중알코올농도, 운전거리"
4890,qwen,zero_shot_closed_book,0,2,"음주 전과, 혈중알코올농도, 운전거리"
4891,qwen,zero_shot_closed_book,2,2,"음주 전과, 혈중알코올농도, 범행연도"
4892,qwen,zero_shot_closed_book,2,2,"음주 전과, 혈중알코올농도, 차종"
4893,qwen,zero_shot_closed_book,2,2,"음주 전과, 혈중알코올농도, 범행연도"
4894,qwen,zero_shot_closed_book,0,2,"음주 전과, 혈중알코올농도, 범행연도"
4895,qwen,zero_shot_closed_book,2,2,"혈중알코올농도, 음주운전 반복, 운전거리"
4897,qwen,zero_shot_closed_book,2,2,"혈중알코올농도, 운전거리, 차종"
4898,qwen,zero_shot_closed_book,2,2,"혈중알코올농도, 운전거리"
4899,qwen,zero_shot_closed_book,2,2,"음주 전과, 혈중알코올농도, 범행연도, 차종"
4900,qwen,zero_shot_closed_book,1,2,"혈중알코올농도, 운전거리"
4901,qwen,zero_shot_closed_book,2,2,"음주 전과, 혈중알코올농도, 2회 이상 위반"
4902,qwen,zero_shot_closed_book,0,2,"음주 전과, 혈중알코올농도, 범행연도, 차종"
4903,qwen,zero_shot_closed_book,2,2,"음주 전과, 혈중알코올농도, 차종"
4904,qwen,zero_shot_closed_book,2,1,"음주 전과, 혈중알코올농도"
4905,qwen,zero_shot_closed_book,0,2,"혈중알코올농도, 차종"
4906,qwen,zero_shot_closed_book,2,2,"음주 전과, 혈중알코올농도, 범행연도"
4907,qwen,zero_shot_closed_book,3,2,"음주 전과, 혈중알코올농도, 범행연도, 차종"
4908,qwen,zero_shot_closed_book,2,3,"음주 전과(2회), 혈중알코올농도(0.089%), 운전거리(약 1m), 범행연도(2020), 차종(D 스포티지)"
4909,qwen,zero_shot_closed_book,1,1,"혈중알코올농도, 운전거리"
4910,qwen,zero_shot_closed_book,2,2,"음주 전과, 혈중알코올농도, 범행연도, 차종"
4911,qwen,zero_shot_closed_book,2,2,"혈중알코올농도, 운전거리"
4912,qwen,zero_shot_closed_book,3,2,"음주 전과, 혈중알코올농도, 운전거리"
4913,qwen,zero_shot_closed_book,1,1,"혈중알코올농도, 운전거리, 차종"
4914,qwen,zero_shot_closed_book,3,3,"혈중알코올농도, 운전거리"
4915,qwen,zero_shot_closed_book,2,2,"음주 전과, 혈중알코올농도, 운전거리, 범행연도, 차종"
4916,qwen,zero_shot_closed_book,2,2,"음주 전과, 혈중알코올농도, 운전거리"
4917,qwen,zero_shot_closed_book,2,2,"음주 전과, 혈중알코올농도, 범행연도"
4918,qwen,zero_shot_closed_book,3,3,"음주 전과(4회), 혈중알코올농도(0.151%, 0.142%), 운전거리(40m, 15m), 범행연도(2021), 차종(쏘렌토)"
4919,qwen,zero_shot_closed_book,2,3,"음주 전과, 혈중알코올농도, 운전거리"
4920,qwen,zero_shot_closed_book,2,2,"음주 전과, 혈중알코올농도, 운전거리"
4921,qwen,zero_shot_closed_book,2,2,"음주 전과, 혈중알코올농도, 차종(화물차), 범행연도"
4923,qwen,zero_shot_closed_book,3,2,"음주 전과(3회), 혈중알코올농도(0.074%), 운전거리(3km)"
4924,qwen,zero_shot_closed_book,2,2,"음주 전과(2회), 혈중알코올농도(0.144%), 범행연도(2021), 차종(아반떼)"
4925,qwen,zero_shot_closed_book,2,2,"음주 전과, 혈중알코올농도, 범행연도, 차종"
4926,qwen,zero_shot_closed_book,2,2,"음주 전과, 혈중알코올농도, 범행장소"
4927,qwen,zero_shot_closed_book,2,2,"음주 전과, 혈중알코올농도, 차종"
4928,qwen,zero_shot_closed_book,2,3,"음주 전과(2회), 혈중알코올농도(0.114%), 운전거리(3km)"
4929,qwen,zero_shot_closed_book,2,2,"혈중알코올농도, 운전거리"
4930,qwen,zero_shot_closed_book,2,3,"음주운전 전과(2회), 혈중알코올농도(0.142%), 2회 이상 위반"
4931,qwen,zero_shot_closed_book,0,1,"혈중알코올농도, 운전거리"
4932,qwen,zero_shot_closed_book,2,2,"음주 전과(2회), 혈중알코올농도(0.113%)"
4933,qwen,zero_shot_closed_book,1,2,"혈중알코올농도, 운전거리"
4934,qwen,zero_shot_closed_book,2,2,"음주 전과, 혈중알코올농도, 운전거리"
4935,qwen,zero_shot_closed_book,1,2,"혈중알코올농도, 운전거리, 범행연도"
4936,qwen,zero_shot_closed_book,2,3,"음주 전과, 혈중알코올농도, 운전거리, 범행연도, 차종"
4937,qwen,zero_shot_closed_book,2,2,"혈중알코올농도, 운전거리"
4938,qwen,zero_shot_closed_book,2,2,"음주운전 전과, 혈중알코올농도, 차종"
4939,qwen,zero_shot_closed_book,2,2,"음주 전과, 혈중알코올농도"
4940,qwen,zero_shot_closed_book,2,1,"혈중알코올농도, 음주 전과, 운전거리"
4941,qwen,zero_shot_closed_book,2,3,"음주 전과(3회), 혈중알코올농도(0.104%), 범행연도(2020년)"
4942,qwen,zero_shot_closed_book,2,2,"음주 전과, 혈중알코올농도"
4943,qwen,zero_shot_closed_book,2,2,"혈중알코올농도, 운전거리"
4944,qwen,zero_shot_closed_book,2,3,"혈중알코올농도, 운전거리"
4945,qwen,zero_shot_closed_book,0,2,"음주 전과, 혈중알코올농도, 운전거리"
4946,qwen,zero_shot_closed_book,3,3,"음주 전과(3회), 혈중알코올농도 0.120%, 운전거리 28km"
4947,qwen,zero_shot_closed_book,0,2,"음주 전과, 혈중알코올농도, 운전거리"
4948,qwen,zero_shot_closed_book,2,2,"음주 전과, 혈중알코올농도, 차종"
4949,qwen,zero_shot_closed_book,2,2,"음주 전과, 혈중알코올농도, 운전거리"
4950,qwen,zero_shot_closed_book,2,2,"음주 전과, 혈중알코올농도"
4951,qwen,zero_shot_closed_book,3,3,"음주 전과, 혈중알코올농도, 범행연도, 차종"
4952,qwen,zero_shot_closed_book,2,1,"혈중알코올농도, 운전거리, 범행연도"
4953,qwen,zero_shot_closed_book,3,2,"음주 전과, 혈중알코올농도, 차종"
4954,qwen,zero_shot_closed_book,2,2,"음주 전과, 혈중알코올농도, 범행연도, 차종"
4955,qwen,zero_shot_closed_book,0,2,"음주 전과, 혈중알코올농도, 범행연도"
4956,qwen,zero_shot_closed_book,0,2,"혈중알코올농도, 운전거리"
4957,qwen,zero_shot_closed_book,0,2,"음주 전과, 혈중알코올농도 0.166%"
4959,qwen,zero_shot_closed_book,2,2,"음주 전과, 혈중알코올농도"
4961,qwen,zero_shot_closed_book,2,2,"음주 전과, 혈중알코올농도, 운전거리"
4962,qwen,zero_shot_closed_book,2,1,"혈중알코올농도, 운전거리"
4963,qwen,zero_shot_closed_book,2,2,"혈중알코올농도, 운전거리"
4964,qwen,zero_shot_closed_book,2,2,"음주운전 전과, 혈중알코올농도 0.127%, 운전거리 2km"
4965,qwen,zero_shot_closed_book,2,2,"혈중알코올농도, 운전거리"
4966,qwen,zero_shot_closed_book,2,2,"음주 전과, 혈중알코올농도, 운전거리"
4967,qwen,zero_shot_closed_book,0,2,"혈중알코올농도, 차종(택시), 운전거리"
4968,qwen,zero_shot_closed_book,2,2,"음주 전과, 혈중알코올농도, 운전거리"
4970,qwen,zero_shot_closed_book,0,2,"음주 전과, 혈중알코올농도, 범행연도"
4971,qwen,zero_shot_closed_book,2,2,"음주 전과, 혈중알코올농도, 범행연도"
4972,qwen,zero_shot_closed_book,2,2,"음주 전과, 혈중알코올농도"
4973,qwen,zero_shot_closed_book,0,3,"음주 전과, 혈중알코올농도, 운전거리"
4974,qwen,zero_shot_closed_book,2,2,"음주 전과, 혈중알코올농도, 운전거리, 범행연도, 차종"
4975,qwen,zero_shot_closed_book,2,1,"음주 전과, 혈중알코올농도"
4976,qwen,zero_shot_closed_book,2,2,"음주 전과, 혈중알코올농도, 운전거리, 범행연도"
4977,qwen,zero_shot_closed_book,0,2,"음주 전과, 혈중알코올농도, 범행연도"
4978,qwen,zero_shot_closed_book,0,2,"음주 전과, 혈중알코올농도, 차종"
4979,qwen,zero_shot_closed_book,1,2,"혈중알코올농도, 차종"
4980,qwen,zero_shot_closed_book,2,3,"음주 전과(2회), 혈중알코올농도(0.139%), 운전거리(약 2km), 범행연도(2019), 차종(토요타 캠리 하이브리드)"
4981,qwen,zero_shot_closed_book,0,2,"음주전과, 혈중알코올농도(0.206%), 범행연도(2020년), 운전거리(약 1km)"
4982,qwen,zero_shot_closed_book,2,2,"음주 전과, 혈중알코올농도, 운전거리, 범행연도"
4983,qwen,zero_shot_closed_book,2,2,"음주 전과, 혈중알코올농도"
4984,qwen,zero_shot_closed_book,2,3,"음주 전과(2회), 혈중알코올농도(0.213%), 도로교통법 제44조 2회 이상 위반(3회차)"
4985,qwen,zero_shot_closed_book,2,2,"음주 전과, 혈중알코올농도, 운전거리"
4986,qwen,zero_shot_closed_book,2,2,"혈중알코올농도, 운전거리"
4988,qwen,zero_shot_closed_book,2,2,"음주 전과(3회), 혈중알코올농도(0.097%), 운전거리(4km), 범행연도(2020), 차종(C 그랜저)"
4989,qwen,zero_shot_closed_book,2,2,"음주 전과, 혈중알코올농도, 운전거리"
4990,qwen,zero_shot_closed_book,0,2,"음주 전과, 혈중알코올농도"
4991,qwen,zero_shot_closed_book,2,2,"음주 전과, 혈중알코올농도"
4992,qwen,zero_shot_closed_book,2,2,"음주 전과(2회), 혈중알코올농도(0.052%), 운전거리(약 3km)"
4993,qwen,zero_shot_closed_book,0,2,"음주운전 전과, 혈중알코올농도(0.139%), 범행장소(학교 주변)"
4994,qwen,zero_shot_closed_book,2,2,"음주 전과, 혈중알코올농도"
4995,qwen,zero_shot_closed_book,2,2,"음주 전과, 혈중알코올농도, 범행연도"
4997,qwen,zero_shot_closed_book,3,2,"음주 전과, 혈중알코올농도"
4998,qwen,zero_shot_closed_book,2,2,"음주 전과, 혈중알코올농도"
4999,qwen,zero_shot_closed_book,1,2,"혈중알코올농도, 운전거리"
5000,qwen,zero_shot_closed_book,2,2,"음주 전과, 혈중알코올농도, 운전거리, 범행연도"
5001,qwen,zero_shot_closed_book,2,1,"음주 전과, 혈중알코올농도, 운전거리, 범행연도, 차종"
5002,qwen,zero_shot_closed_book,2,2,"음주 전과, 혈중알코올농도(0.147%), 차종(화물차), 범행연도(2021년)"
5003,qwen,zero_shot_closed_book,2,2,"음주 전과, 혈중알코올농도, 차종, 범행연도"
5004,qwen,zero_shot_closed_book,2,3,"음주 전과(4회), 혈중알코올농도(0.059%), 운전거리(32km), 범행연도(2021), 차종(그랜저)"
5005,qwen,zero_shot_closed_book,2,2,"음주 전과, 혈중알코올농도, 범행연도"
5007,qwen,zero_shot_closed_book,2,2,"음주 전과, 혈중알코올농도"
5010,qwen,zero_shot_closed_book,2,1,"혈중알코올농도, 운전거리"
5011,qwen,zero_shot_closed_book,2,3,"혈중알코올농도, 차종"
5012,qwen,zero_shot_closed_book,3,2,"음주 전과, 혈중알코올농도, 운전거리, 범행연도, 차종"
5013,qwen,zero_shot_closed_book,3,2,"음주운전 전과, 혈중알코올농도, 운전거리"
5014,qwen,zero_shot_closed_book,1,2,"혈중알코올농도, 운전거리"
5015,qwen,zero_shot_closed_book,3,2,"음주 전과, 혈중알코올농도, 운전거리"
5016,qwen,zero_shot_closed_book,0,3,"혈중알코올농도, 차종(봉고III 화물차), 운전거리"
5017,qwen,zero_shot_closed_book,2,1,"음주 전과, 혈중알코올농도, 범행연도"
5018,qwen,zero_shot_closed_book,1,1,"혈중알코올농도, 운전거리"
5020,qwen,zero_shot_closed_book,2,2,"음주 전과, 혈중알코올농도, 운전거리"
5021,qwen,zero_shot_closed_book,2,2,"혈중알코올농도, 차종, 운전거리"
5022,qwen,zero_shot_closed_book,0,2,"음주 전과, 혈중알코올농도, 운전거리"
5023,qwen,zero_shot_closed_book,0,1,"혈중알코올농도, 운전거리"
5024,qwen,zero_shot_closed_book,2,2,"음주운전 전과, 혈중알코올농도, 범행연도"
5025,qwen,zero_shot_closed_book,2,2,"음주운전 전과, 혈중알코올농도 0.158%, 2회 이상 위반"
5026,qwen,zero_shot_closed_book,2,2,"음주운전 전과, 혈중알코올농도 0.188%, 2회 이상 위반"
5027,qwen,zero_shot_closed_book,2,2,"혈중알코올농도, 차종"
5029,qwen,zero_shot_closed_book,1,2,"혈중알코올농도, 범행연도, 운전거리"
5030,qwen,zero_shot_closed_book,2,2,"음주운전 전과, 혈중알코올농도 0.126%, 운전거리 3km, 범행연도 2020년"
5031,qwen,zero_shot_closed_book,2,2,"음주운전 전과, 혈중알코올농도"
5032,qwen,zero_shot_closed_book,2,3,"음주운전 전과(3회), 혈중알코올농도(0.221%), 범행연도(2021년), 차종(렉스턴스포츠)"
5033,qwen,zero_shot_closed_book,2,2,"음주 전과, 혈중알코올농도, 범행연도, 차종"
5034,qwen,zero_shot_closed_book,2,2,"혈중알코올농도, 운전거리"
5035,qwen,zero_shot_closed_book,2,2,"혈중알코올농도(0.132%), 차종(봉고 화물차), 범행연도(2021)"
5036,qwen,zero_shot_closed_book,3,2,"혈중알코올농도, 운전거리"
5037,qwen,zero_shot_closed_book,2,2,"음주 전과, 혈중알코올농도, 운전거리"
5038,qwen,zero_shot_closed_book,2,2,"음주 전과, 혈중알코올농도, 범행연도, 차종"
5039,qwen,zero_shot_closed_book,0,2,"혈중알코올농도, 운전거리"
5040,qwen,zero_shot_closed_book,2,2,"음주 전과, 혈중알코올농도"
5041,qwen,zero_shot_closed_book,2,3,"음주 전과(2회), 혈중알코올농도(0.209%), 운전거리(약 1m)"
5042,qwen,zero_shot_closed_book,2,2,"음주운전 전과, 혈중알코올농도"
5043,qwen,zero_shot_closed_book,3,2,"혈중알코올농도, 운전거리"
5044,qwen,zero_shot_closed_book,2,2,"혈중알코올농도, 운전거리"
5045,qwen,zero_shot_closed_book,3,2,"음주 전과, 혈중알코올농도"
5046,qwen,zero_shot_closed_book,0,2,"음주 전과, 혈중알코올농도, 범행연도"
5047,qwen,zero_shot_closed_book,2,2,"음주 전과, 혈중알코올농도"
5048,qwen,zero_shot_closed_book,0,1,"혈중알코올농도, 운전거리, 차종"
5049,qwen,zero_shot_closed_book,2,2,"음주 전과, 혈중알코올농도, 범행연도, 차종"
5050,qwen,zero_shot_closed_book,1,2,"혈중알코올농도, 차종"
5051,qwen,zero_shot_closed_book,2,2,"음주 전과, 혈중알코올농도, 도로교통법 위반 2회 이상"
5052,qwen,zero_shot_closed_book,2,2,"음주 전과, 혈중알코올농도"
5053,qwen,zero_shot_closed_book,2,2,"혈중알코올농도, 운전거리"
5054,qwen,zero_shot_closed_book,0,2,"혈중알코올농도, 운전거리"
5055,qwen,zero_shot_closed_book,2,2,"음주운전 전과, 혈중알코올농도 0.231%"
5056,qwen,zero_shot_closed_book,2,2,"음주 전과, 혈중알코올농도, 운전거리"
5057,qwen,zero_shot_closed_book,2,2,"음주운전 전과, 혈중알코올농도 0.208%, 운전거리 8km, 범행연도 2021년"
5058,qwen,zero_shot_closed_book,1,1,"혈중알코올농도, 운전거리"
5059,qwen,zero_shot_closed_book,2,2,"음주 전과, 혈중알코올농도 0.100%, 운전거리, 범행연도, 차종"
5060,qwen,zero_shot_closed_book,2,2,"음주 전과, 혈중알코올농도(0.130%), 운전거리(30km), 범행연도(2019년)"
5061,qwen,zero_shot_closed_book,2,3,"음주 전과(2회), 혈중알코올농도(0.113%), 운전거리(4.8km)"
5062,qwen,zero_shot_closed_book,2,2,"음주 전과, 혈중알코올농도"
5064,qwen,zero_shot_closed_book,2,2,"음주 전과(2회), 혈중알코올농도(0.085%)"
5065,qwen,zero_shot_closed_book,0,1,"혈중알코올농도, 운전거리, 범행연도"
5066,qwen,zero_shot_closed_book,2,3,"음주 전과(2회), 혈중알코올농도(0.061%), 운전거리(28km), 범행연도(2021년), 차종(D 그랜저)"
5067,qwen,zero_shot_closed_book,2,2,"음주 전과, 혈중알코올농도, 운전거리"
5068,qwen,zero_shot_closed_book,2,2,"음주 전과(2회), 혈중알코올농도(0.102%), 범행연도(2020년)"
5069,qwen,zero_shot_closed_book,2,1,"음주운전 전과, 혈중알코올농도, 운전거리"
5070,qwen,zero_shot_closed_book,2,2,"음주 전과, 혈중알코올농도, 차종"
5071,qwen,zero_shot_closed_book,0,2,혈중알코올농도
5072,qwen,zero_shot_closed_book,2,2,"음주 전과, 혈중알코올농도, 범행연도, 차종"
5073,qwen,zero_shot_closed_book,1,2,"혈중알코올농도, 차종"
5074,qwen,zero_shot_closed_book,2,2,"혈중알코올농도, 운전거리"
5075,qwen,zero_shot_closed_book,0,2,"음주 전과, 혈중알코올농도, 운전거리"
5076,qwen,zero_shot_closed_book,2,2,"혈중알코올농도, 운전거리"
5077,qwen,zero_shot_closed_book,2,2,"음주 전과, 혈중알코올농도, 범행연도, 차종"
5078,qwen,zero_shot_closed_book,2,2,"음주 전과, 혈중알코올농도, 운전거리"
5079,qwen,zero_shot_closed_book,3,2,"혈중알코올농도, 운전거리"
5080,qwen,zero_shot_closed_book,2,2,"음주운전 전과, 혈중알코올농도 0.184%, 운전거리(50m), 범행연도(2020), 차종(싼타페)"
5081,qwen,zero_shot_closed_book,2,2,"음주 전과(2회), 혈중알코올농도(0.047%), 운전거리(약 50m)"
5082,qwen,zero_shot_closed_book,2,2,"음주 전과, 혈중알코올농도, 운전거리"
5083,qwen,zero_shot_closed_book,3,2,"음주 전과 (3회), 혈중알코올농도 (0.140%), 범행연도 (2019년)"
5087,qwen,zero_shot_closed_book,0,2,"음주 전과, 혈중알코올농도, 차종"
5088,qwen,zero_shot_closed_book,2,3,"음주 전과(2회), 혈중알코올농도(0.147%), 범행연도(2020년), 차종(모하비)"
5089,qwen,zero_shot_closed_book,2,2,"음주 전과, 혈중알코올농도"
5090,qwen,zero_shot_closed_book,2,2,"음주 전과(3회), 혈중알코올농도(0.05%), 운전거리(약 5km)"
5092,qwen,zero_shot_closed_book,2,2,"음주 전과, 혈중알코올농도, 운전거리"
5093,qwen,zero_shot_closed_book,2,2,"음주 전과, 혈중알코올농도, 범행연도"
5094,qwen,zero_shot_closed_book,0,2,"음주 전과, 혈중알코올농도, 범행연도"
5095,qwen,zero_shot_closed_book,0,1,"혈중알코올농도, 운전거리"
5096,qwen,zero_shot_closed_book,1,1,"혈중알코올농도(0.076%), 운전거리(1.3km)"
5097,qwen,zero_shot_closed_book,0,2,"음주 전과, 혈중알코올농도"
5098,qwen,zero_shot_closed_book,2,2,"음주 전과, 혈중알코올농도, 운전거리"
5099,qwen,zero_shot_closed_book,2,2,"음주 전과, 혈중알코올농도, 운전거리"
5100,qwen,zero_shot_closed_book,2,2,"음주 전과, 혈중알코올농도, 운전거리"
5101,qwen,zero_shot_closed_book,2,2,"음주 전과, 혈중알코올농도, 차종"
5102,qwen,zero_shot_closed_book,2,2,"음주 전과, 혈중알코올농도, 범행연도, 차종"
5103,qwen,zero_shot_closed_book,2,2,"혈중알코올농도, 운전거리"
5104,qwen,zero_shot_closed_book,2,2,"음주 전과, 혈중알코올농도"
5106,qwen,zero_shot_closed_book,2,2,"음주 전과, 혈중알코올농도, 2회 이상 위반"
5107,qwen,zero_shot_closed_book,2,2,"음주 전과(3회), 혈중알코올농도(0.172%), 운전거리(단거리), 범행연도(2021년)"
5109,qwen,zero_shot_closed_book,3,2,"음주 전과(2회), 혈중알코올농도(0.121%), 운전거리(2km)"
5110,qwen,zero_shot_closed_book,2,3,"음주 전과, 혈중알코올농도"
5111,qwen,zero_shot_closed_book,1,1,"혈중알코올농도(0.040%), 운전거리(약 3.5km), 범행연도(2021)"
5112,qwen,zero_shot_closed_book,2,3,"음주 전과, 혈중알코올농도"
5113,qwen,zero_shot_closed_book,2,2,"혈중알코올농도, 음주운전 전과"
5114,qwen,zero_shot_closed_book,0,2,"혈중알코올농도, 운전거리"
5117,qwen,zero_shot_closed_book,2,2,"음주 전과, 혈중알코올농도, 운전거리"
5118,qwen,zero_shot_closed_book,3,2,"음주 전과, 혈중알코올농도, 범행연도, 차종"
5119,qwen,zero_shot_closed_book,2,2,"음주 전과, 혈중알코올농도"
5120,qwen,zero_shot_closed_book,2,2,"음주 전과, 혈중알코올농도, 범행연도"
5121,qwen,zero_shot_closed_book,2,2,"음주 전과, 혈중알코올농도"
5123,qwen,zero_shot_closed_book,2,2,"음주 전과, 혈중알코올농도, 범행연도, 차종"
5124,qwen,zero_shot_closed_book,3,3,"음주 전과(3회), 혈중알코올농도 0.080% (법정 한도 0.05% 초과), 차종(싼타페 승용차), 범행연도(2021년)"
5125,qwen,zero_shot_closed_book,0,1,"음주운전 전과, 혈중알코올농도"
5126,qwen,zero_shot_closed_book,2,3,"음주 전과, 혈중알코올농도, 운전거리"
5127,qwen,zero_shot_closed_book,1,2,"음주 전과(2회 이상), 혈중알코올농도(0.192%), 차종(스포티지)"
5129,qwen,zero_shot_closed_book,2,2,"음주 전과, 혈중알코올농도"
5130,qwen,zero_shot_closed_book,2,2,"음주 전과, 혈중알코올농도, 운전거리"
5131,qwen,zero_shot_closed_book,3,3,"음주 전과(4회), 혈중알코올농도 0.125%(법정한도 0.05% 초과), 범행연도(2019년), 차종(승용차)"
5133,qwen,zero_shot_closed_book,2,2,"음주 전과, 혈중알코올농도, 운전거리, 범행연도, 차종"
5134,qwen,zero_shot_closed_book,2,2,"음주 전과, 혈중알코올농도, 운전거리"
5135,qwen,zero_shot_closed_book,2,2,"음주 전과, 혈중알코올농도, 운전거리"
5136,qwen,zero_shot_closed_book,2,2,"혈중알코올농도, 운전거리"
5138,qwen,zero_shot_closed_book,2,2,"음주 전과, 혈중알코올농도"
5139,qwen,zero_shot_closed_book,3,2,"음주 전과, 혈중알코올농도, 범행연도, 차종"
5140,qwen,zero_shot_closed_book,0,2,"음주운전 전과, 혈중알코올농도, 운전거리"
5141,qwen,zero_shot_closed_book,2,2,"음주 전과, 혈중알코올농도, 차종"
5142,qwen,zero_shot_closed_book,3,3,"음주 전과(2회), 혈중알코올농도(0.120%), 운전거리(100m), 범행연도(2021), 차종(아반떼)"
5143,qwen,zero_shot_closed_book,2,2,"음주 전과, 혈중알코올농도, 운전거리"
5144,qwen,zero_shot_closed_book,1,1,"혈중알코올농도, 운전거리, 범행연도"
5145,qwen,zero_shot_closed_book,2,2,"음주 전과(2회), 혈중알코올농도(0.081%), 운전거리(4㎞)"
5146,qwen,zero_shot_closed_book,1,1,"혈중알코올농도, 운전거리"
5147,qwen,zero_shot_closed_book,2,2,"음주 전과, 혈중알코올농도, 범행연도, 차종"
5148,qwen,zero_shot_closed_book,2,2,"음주 전과, 혈중알코올농도, 범행연도"
5149,qwen,zero_shot_closed_book,2,2,"혈중알코올농도, 운전거리"
5150,qwen,zero_shot_closed_book,2,3,"음주 전과, 혈중알코올농도, 운전거리"
5151,qwen,zero_shot_closed_book,3,2,"혈중알코올농도, 범행연도"
5152,qwen,zero_shot_closed_book,3,2,"음주 전과, 혈중알코올농도, 차종"
5153,qwen,zero_shot_closed_book,2,2,"음주운전 전과, 혈중알코올농도, 운전거리"
5154,qwen,zero_shot_closed_book,2,2,"음주 전과, 혈중알코올농도, 운전거리"
5155,qwen,zero_shot_closed_book,2,2,"음주 전과, 혈중알코올농도"
5156,qwen,zero_shot_closed_book,2,2,"음주운전 전과, 혈중알코올농도 0.216%"
5157,qwen,zero_shot_closed_book,2,2,"음주 전과, 혈중알코올농도"
5158,qwen,zero_shot_closed_book,0,1,"음주운전 재범, 혈중알코올농도 0.076%, 운전거리 200미터"
5159,qwen,zero_shot_closed_book,2,2,"음주 전과, 혈중알코올농도, 범행연도, 차종"
5160,qwen,zero_shot_closed_book,2,3,"혈중알코올농도, 차종"
5161,qwen,zero_shot_closed_book,2,2,"음주 전과, 혈중알코올농도, 범행연도, 차종"
5162,qwen,zero_shot_closed_book,2,2,"음주 전과, 혈중알코올농도, 운전거리"
5163,qwen,zero_shot_closed_book,2,2,"음주 전과, 혈중알코올농도, 범행연도"
5164,qwen,zero_shot_closed_book,2,1,"음주 전과, 혈중알코올농도, 범행연도"
5165,qwen,zero_shot_closed_book,2,2,"혈중알코올농도, 운전거리"
5166,qwen,zero_shot_closed_book,2,2,"음주 전과, 혈중알코올농도"
5167,qwen,zero_shot_closed_book,0,2,"혈중알코올농도, 운전거리"
5168,qwen,zero_shot_closed_book,0,2,"음주 전과, 혈중알코올농도, 범행연도, 차종"
5169,qwen,zero_shot_closed_book,2,2,"음주 전과, 혈중알코올농도, 운전거리, 범행연도, 차종"
5170,qwen,zero_shot_closed_book,2,2,"음주 전과, 혈중알코올농도, 범행연도, 차종"
5171,qwen,zero_shot_closed_book,2,2,"음주 전과, 혈중알코올농도, 운전거리, 범행연도, 차종"
5172,qwen,zero_shot_closed_book,2,2,"음주 전과, 혈중알코올농도, 범행연도"
5173,qwen,zero_shot_closed_book,2,2,"혈중알코올농도, 운전거리"
5174,qwen,zero_shot_closed_book,2,2,"음주 전과, 혈중알코올농도"
5176,qwen,zero_shot_closed_book,2,2,"혈중알코올농도, 운전거리"
5177,qwen,zero_shot_closed_book,0,2,"혈중알코올농도, 운전거리"
5179,qwen,zero_shot_closed_book,1,0,"혈중알코올농도, 범행연도"
5180,qwen,zero_shot_closed_book,0,1,"혈중알코올농도, 운전거리"
5181,qwen,zero_shot_closed_book,2,2,"음주 전과, 혈중알코올농도, 운전거리"
5182,qwen,zero_shot_closed_book,0,3,"혈중알코올농도, 운전거리"
5183,qwen,zero_shot_closed_book,0,2,"혈중알코올농도, 차종"
5184,qwen,zero_shot_closed_book,3,2,"음주 전과, 혈중알코올농도, 운전거리"
5185,qwen,zero_shot_closed_book,0,1,"혈중알코올농도(0.056%), 운전거리(약 1m), 범행연도(2021)"
5186,qwen,zero_shot_closed_book,2,2,"음주측정거부 전과, 혈중알코올농도 0.137%, 운전거리(50m)"
5187,qwen,zero_shot_closed_book,0,3,"혈중알코올농도, 운전거리, 범행연도"
5188,qwen,zero_shot_closed_book,1,2,"혈중알코올농도, 차종"
5189,qwen,zero_shot_closed_book,2,2,"음주 전과, 혈중알코올농도"
5190,qwen,zero_shot_closed_book,2,2,"혈중알코올농도, 범행연도"
5191,qwen,zero_shot_closed_book,0,2,"음주운전 전과, 혈중알코올농도, 범행연도, 차종"
5193,qwen,zero_shot_closed_book,2,2,"음주 전과, 혈중알코올농도, 운전거리"
5194,qwen,zero_shot_closed_book,0,2,"음주운전 전과, 혈중알코올농도(0.141%), 범행연도(2020년)"
5195,qwen,zero_shot_closed_book,2,2,"혈중알코올농도, 운전거리"
5196,qwen,zero_shot_closed_book,2,2,"혈중알코올농도, 운전거리"
5197,qwen,zero_shot_closed_book,2,2,"혈중알코올농도, 음주운전 전과, 운전거리"
5198,qwen,zero_shot_closed_book,2,3,"음주 전과, 혈중알코올농도, 운전거리"
5199,qwen,zero_shot_closed_book,0,2,"음주운전 전과, 혈중알코올농도, 운전거리, 차종"
5200,qwen,zero_shot_closed_book,2,2,"음주 전과, 혈중알코올농도, 운전거리"
5201,qwen,zero_shot_closed_book,2,2,"음주 전과, 혈중알코올농도, 운전거리, 범행연도, 차종"
5202,qwen,zero_shot_closed_book,2,2,"음주 전과, 혈중알코올농도, 운전거리, 범행연도, 차종"
5203,qwen,zero_shot_closed_book,1,2,혈중알코올농도
5204,qwen,zero_shot_closed_book,3,2,"음주 전과, 혈중알코올농도, 범행연도, 차종"
5205,qwen,zero_shot_closed_book,2,2,"음주운전 전과, 혈중알코올농도 0.184%"
5206,qwen,zero_shot_closed_book,2,2,"음주 전과(2회), 혈중알코올농도(0.169%), 범행연도(2020년)"
5207,qwen,zero_shot_closed_book,0,1,"혈중알코올농도, 운전거리"
5209,qwen,zero_shot_closed_book,2,2,"음주 전과, 혈중알코올농도"
5210,qwen,zero_shot_closed_book,2,2,"음주 전과(2회), 혈중알코올농도(0.138%), 운전거리(약 3km)"
5211,qwen,zero_shot_closed_book,2,2,"음주운전 전과, 혈중알코올농도 0.153%, 차종(승합차)"
5212,qwen,zero_shot_closed_book,0,1,"혈중알코올농도(0.076%), 운전거리(5.4Km), 범행연도(2020)"
5213,qwen,zero_shot_closed_book,2,2,"음주 전과, 혈중알코올농도, 운전거리, 범행연도"
5214,qwen,zero_shot_closed_book,2,2,"혈중알코올농도, 운전거리"
5215,qwen,zero_shot_closed_book,2,2,"혈중알코올농도, 운전거리"
5216,qwen,zero_shot_closed_book,3,3,"음주 전과(2회), 혈중알코올농도(0.223%), 차종(화물차)"
5218,qwen,zero_shot_closed_book,3,2,"음주 전과, 혈중알코올농도, 운전거리, 범행연도, 차종"
5220,qwen,zero_shot_closed_book,2,2,"음주 전과, 혈중알코올농도, 범행연도, 차종"
5221,qwen,zero_shot_closed_book,0,1,"혈중알코올농도(0.034%), 범행연도(2021), 운전거리(350m)"
5222,qwen,zero_shot_closed_book,1,2,"혈중알코올농도, 운전거리, 범행연도"
5223,qwen,zero_shot_closed_book,2,2,"음주운전 전과, 혈중알코올농도, 범행연도, 차종"
5224,qwen,zero_shot_closed_book,2,2,"음주 전과, 혈중알코올농도(0.047%), 운전거리(약 3km)"
5225,qwen,zero_shot_closed_book,2,3,"음주 전과(3회), 혈중알코올농도(0.230%), 운전거리(500m), 범행연도(2019년)"
5226,qwen,zero_shot_closed_book,3,2,"음주 전과(2회), 혈중알코올농도(0.116%), 차종(4.5톤 트럭)"
5227,qwen,zero_shot_closed_book,2,2,"혈중알코올농도, 운전거리"
5228,qwen,zero_shot_closed_book,3,2,"음주 전과(2회), 혈중알코올농도(0.211%), 도로교통법 제44조 2회 이상 위반"
5229,qwen,zero_shot_closed_book,2,2,"음주 전과, 혈중알코올농도"
5230,qwen,zero_shot_closed_book,2,3,"음주 전과(2회), 혈중알코올농도(0.085%), 차종(화물차)"
5231,qwen,zero_shot_closed_book,1,1,"혈중알코올농도, 운전거리, 범행연도"
5232,qwen,zero_shot_closed_book,2,2,"음주 전과, 혈중알코올농도"
5233,qwen,zero_shot_closed_book,2,2,"음주 전과, 혈중알코올농도"
5234,qwen,zero_shot_closed_book,2,2,"음주 전과, 혈중알코올농도, 운전거리, 범행연도, 차종"
5235,qwen,zero_shot_closed_book,2,2,"음주 전과, 혈중알코올농도"
5236,qwen,zero_shot_closed_book,2,2,"음주 전과, 혈중알코올농도"
5238,qwen,zero_shot_closed_book,2,2,"음주 전과, 혈중알코올농도, 운전거리"
5239,qwen,zero_shot_closed_book,2,3,"음주 전과(2회), 혈중알코올농도(0.163%), 운전거리(3km), 범행연도(2021), 차종(승용차)"
5240,qwen,zero_shot_closed_book,2,2,"음주 전과, 혈중알코올농도"
5241,qwen,zero_shot_closed_book,2,2,"음주 전과, 혈중알코올농도, 차종"
5242,qwen,zero_shot_closed_book,2,2,"음주 전과, 혈중알코올농도, 운전거리"
5243,qwen,zero_shot_closed_book,3,2,"혈중알코올농도, 운전거리"
5245,qwen,zero_shot_closed_book,1,2,"음주 전과(2회), 혈중알코올농도(0.094%), 운전거리(약 500m)"
5246,qwen,zero_shot_closed_book,0,3,"혈중알코올농도, 운전거리"
5247,qwen,zero_shot_closed_book,0,2,"음주 전과, 혈중알코올농도, 차종"
5250,qwen,zero_shot_closed_book,3,2,"음주 전과, 혈중알코올농도, 2회 이상 음주운전, 범행연도"
5252,qwen,zero_shot_closed_book,2,1,"혈중알코올농도, 음주 전과 유무"
5254,qwen,zero_shot_closed_book,2,2,"음주 전과, 혈중알코올농도, 차종"
5255,qwen,zero_shot_closed_book,2,2,"음주운전 전과, 혈중알코올농도, 범행연도"
5256,qwen,zero_shot_closed_book,2,2,"음주 전과, 혈중알코올농도, 차종"
5257,qwen,zero_shot_closed_book,2,2,"음주 전과, 혈중알코올농도"
5258,qwen,zero_shot_closed_book,2,2,혈중알코올농도
5259,qwen,zero_shot_closed_book,2,2,"음주 전과(2회), 혈중알코올농도(0.143%), 운전거리(약 2km)"
5260,qwen,zero_shot_closed_book,2,2,"음주 전과(4회), 혈중알코올농도(0.195%), 운전거리(약 200m), 범행연도(2020년)"
5261,qwen,zero_shot_closed_book,2,2,"음주 전과, 혈중알코올농도, 운전거리"
5262,qwen,zero_shot_closed_book,2,2,"음주운전 전과, 혈중알코올농도, 운전거리"
5263,qwen,zero_shot_closed_book,1,1,"혈중알코올농도, 운전거리"
5264,qwen,zero_shot_closed_book,1,2,"혈중알코올농도, 운전거리"
5265,qwen,zero_shot_closed_book,2,2,"음주 전과, 혈중알코올농도, 범행연도"
5266,qwen,zero_shot_closed_book,2,2,"음주 전과, 혈중알코올농도"
5268,qwen,zero_shot_closed_book,2,2,"혈중알코올농도, 운전거리"
5269,qwen,zero_shot_closed_book,0,2,"음주 전과, 혈중알코올농도"
5270,qwen,zero_shot_closed_book,3,2,"혈중알코올농도, 범행연도, 차종"
5271,qwen,zero_shot_closed_book,3,2,"음주 전과, 혈중알코올농도, 운전거리"
5272,qwen,zero_shot_closed_book,2,2,"혈중알코올농도, 운전거리"
5273,qwen,zero_shot_closed_book,1,3,"혈중알코올농도, 차종"
5274,qwen,zero_shot_closed_book,0,2,"음주 전과, 혈중알코올농도, 운전거리, 범행연도, 차종"
5275,qwen,zero_shot_closed_book,1,2,"음주 전과, 혈중알코올농도, 운전거리, 범행연도"
5276,qwen,zero_shot_closed_book,2,2,"음주 전과, 혈중알코올농도, 운전거리"
5277,qwen,zero_shot_closed_book,2,2,"음주 전과, 혈중알코올농도, 운전거리"
5278,qwen,zero_shot_closed_book,2,3,"음주 전과(4회), 혈중알코올농도(0.145%), 차종(화물차)"
5279,qwen,zero_shot_closed_book,2,2,"혈중알코올농도, 운전거리"
5280,qwen,zero_shot_closed_book,3,3,"음주 전과(2회), 혈중알코올농도(0.143%), 운전거리(7km), 범행연도(2020년), 차종(D 레이)"
5281,qwen,zero_shot_closed_book,0,2,"음주 전과, 혈중알코올농도, 운전거리"
5282,qwen,zero_shot_closed_book,2,2,"음주 전과, 혈중알코올농도, 범행연도"
5283,qwen,zero_shot_closed_book,1,2,"혈중알코올농도, 운전거리"
5284,qwen,zero_shot_closed_book,2,2,"음주 전과, 혈중알코올농도"
5285,qwen,zero_shot_closed_book,2,2,"음주운전 전과, 혈중알코올농도 0.153%, 2회 이상 위반"
5286,qwen,zero_shot_closed_book,2,2,"음주 전과, 혈중알코올농도, 범행연도"
5287,qwen,zero_shot_closed_book,2,2,"음주운전 전과, 혈중알코올농도, 차종"
5288,qwen,zero_shot_closed_book,0,2,"음주 전과, 혈중알코올농도, 운전거리"
5289,qwen,zero_shot_closed_book,2,1,"음주 전과, 혈중알코올농도 0.074% (0.05% 초과), 운전거리 1km"
5290,qwen,zero_shot_closed_book,2,2,"음주 전과(2회), 혈중알코올농도(0.102%), 운전거리(100m), 범행연도(2019), 차종(E 그랜저)"
5291,qwen,zero_shot_closed_book,2,2,"음주 전과, 혈중알코올농도"
5294,qwen,zero_shot_closed_book,2,1,"혈중알코올농도, 운전거리"
5295,qwen,zero_shot_closed_book,3,2,"음주 전과, 혈중알코올농도(0.182%), 운전거리(6㎞), 차종(화물차)"
5297,qwen,zero_shot_closed_book,2,3,"음주운전 전과(3회 이상), 혈중알코올농도 0.199% (0.05% 초과), 차종(화물차), 범행연도(2020년)"
5298,qwen,zero_shot_closed_book,2,3,"음주운전 2회 이상 위반, 혈중알코올농도 0.225% (법정 한도 초과), 전과(2010년 소년부 송치)"
5299,qwen,zero_shot_closed_book,3,2,"음주 전과, 혈중알코올농도, 범행연도"
5300,qwen,zero_shot_closed_book,2,1,"음주운전 전과, 혈중알코올농도"
5301,qwen,zero_shot_closed_book,2,3,"음주 전과, 혈중알코올농도, 범행연도"
5302,qwen,zero_shot_closed_book,2,2,"음주 전과, 혈중알코올농도, 범행연도"
5303,qwen,zero_shot_closed_book,2,2,"음주 전과(2회), 혈중알코올농도(0.184%)"
5304,qwen,zero_shot_closed_book,2,2,혈중알코올농도
5306,qwen,zero_shot_closed_book,2,2,"혈중알코올농도, 운전거리"
5307,qwen,zero_shot_closed_book,1,2,"혈중알코올농도, 차종"
5308,qwen,zero_shot_closed_book,2,2,"음주 전과, 혈중알코올농도, 차종"
5309,qwen,zero_shot_closed_book,0,1,"혈중알코올농도, 운전거리"
5311,qwen,zero_shot_closed_book,2,2,"음주 전과(2회 이상), 혈중알코올농도(0.191%), 운전거리(200m), 범행연도(2019), 차종(화물차)"
5313,qwen,zero_shot_closed_book,0,2,"음주 전과(2회), 혈중알코올농도(0.081%)"
5314,qwen,zero_shot_closed_book,2,2,"혈중알코올농도, 운전거리"
5315,qwen,zero_shot_closed_book,2,2,"음주 전과, 혈중알코올농도, 범행연도"
5316,qwen,zero_shot_closed_book,2,2,"혈중알코올농도, 운전거리"
5317,qwen,zero_shot_closed_book,2,3,"혈중알코올농도, 차종"
5320,qwen,zero_shot_closed_book,0,2,"음주 전과, 혈중알코올농도, 운전거리"
5321,qwen,zero_shot_closed_book,2,2,"혈중알코올농도, 차종"
5322,qwen,zero_shot_closed_book,2,2,"음주 전과, 혈중알코올농도, 운전거리"
5323,qwen,zero_shot_closed_book,0,1,"음주 전과, 혈중알코올농도"
5324,qwen,zero_shot_closed_book,2,2,"음주 전과(2회), 혈중알코올농도(0.229%), 차종(화물차)"
5325,qwen,zero_shot_closed_book,3,2,"음주 전과, 혈중알코올농도, 범행연도, 차종"
5326,qwen,zero_shot_closed_book,2,2,"혈중알코올농도, 차종"
5327,qwen,zero_shot_closed_book,2,2,"음주 전과, 혈중알코올농도, 운전거리"
5328,qwen,zero_shot_closed_book,2,1,"혈중알코올농도, 운전거리"
5329,qwen,zero_shot_closed_book,2,2,"혈중알코올농도, 운전거리"
5330,qwen,zero_shot_closed_book,2,2,"음주 전과, 혈중알코올농도, 차종"
5331,qwen,zero_shot_closed_book,2,2,"혈중알코올농도, 운전거리"
5332,qwen,zero_shot_closed_book,2,2,"음주 전과(2회), 혈중알코올농도(0.103%), 운전거리(약 2Km), 범행연도(2020), 차종(C 링컨)"
5333,qwen,zero_shot_closed_book,2,3,"음주 전과, 혈중알코올농도"
5335,qwen,zero_shot_closed_book,0,2,"음주 전과, 혈중알코올농도, 범행연도"
5336,qwen,zero_shot_closed_book,3,2,"음주 전과, 혈중알코올농도"
5337,qwen,zero_shot_closed_book,2,2,"음주 전과, 혈중알코올농도, 운전거리"
5338,qwen,zero_shot_closed_book,0,2,"혈중알코올농도, 범행연도"
5339,qwen,zero_shot_closed_book,2,2,"혈중알코올농도, 차종"
5340,qwen,zero_shot_closed_book,3,2,"음주 전과, 혈중알코올농도, 운전거리"
5341,qwen,zero_shot_closed_book,2,2,"혈중알코올농도, 차종, 운전거리"
5342,qwen,zero_shot_closed_book,2,2,"혈중알코올농도, 차종"
5343,qwen,zero_shot_closed_book,2,3,"음주 전과(2회), 혈중알코올농도(0.149%), 운전거리(약 12km)"
5344,qwen,zero_shot_closed_book,2,2,"음주운전 전과, 혈중알코올농도 0.175%, 차종(포터Ⅱ 화물차)"
5345,qwen,zero_shot_closed_book,2,2,"음주운전 전과, 혈중알코올농도"
5346,qwen,zero_shot_closed_book,2,2,"혈중알코올농도, 운전거리"
5347,qwen,zero_shot_closed_book,2,2,"음주 전과, 혈중알코올농도, 범행연도, 차종"
5348,qwen,zero_shot_closed_book,2,2,"음주운전 전과, 혈중알코올농도, 운전거리, 범행연도, 차종"
5349,qwen,zero_shot_closed_book,2,2,"음주 전과, 혈중알코올농도"
5350,qwen,zero_shot_closed_book,2,2,"음주 전과, 혈중알코올농도, 범행연도"
5351,qwen,zero_shot_closed_book,2,3,"음주 전과(3회 이상), 혈중알코올농도(0.168%), 운전거리(2.5km), 범행연도(2020년), 차종(냉동탑차)"
5352,qwen,zero_shot_closed_book,0,2,"음주 전과, 혈중알코올농도, 운전거리"
5353,qwen,zero_shot_closed_book,0,2,"음주 전과(2회), 혈중알코올농도(0.113%), 운전거리(약 1m)"
5354,qwen,zero_shot_closed_book,3,2,"혈중알코올농도, 운전거리"
5355,qwen,zero_shot_closed_book,2,2,"음주 전과, 혈중알코올농도, 운전거리"
5356,qwen,zero_shot_closed_book,2,2,"음주 전과(2회), 혈중알코올농도(0.182%), 운전거리(약 5킬로미터)"
5357,qwen,zero_shot_closed_book,2,2,"음주 전과, 혈중알코올농도, 운전거리, 범행연도"
5358,qwen,zero_shot_closed_book,2,2,"혈중알코올농도, 차종"
5359,qwen,zero_shot_closed_book,2,2,"음주 전과, 혈중알코올농도, 범행연도"
5360,qwen,zero_shot_closed_book,0,1,"혈중알코올농도, 운전거리"
5361,qwen,zero_shot_closed_book,2,3,"음주 전과(4회), 혈중알코올농도(0.172%), 운전거리(약 3km)"
5363,qwen,zero_shot_closed_book,2,2,"음주 전과(2회), 혈중알코올농도(0.149%)"
5364,qwen,zero_shot_closed_book,1,2,"혈중알코올농도, 운전거리"
5366,qwen,zero_shot_closed_book,0,1,"혈중알코올농도, 운전거리"
5367,qwen,zero_shot_closed_book,3,2,"음주 전과, 혈중알코올농도, 운전거리"
5368,qwen,zero_shot_closed_book,1,2,"혈중알코올농도(0.182%), 운전거리(5km)"
5370,qwen,zero_shot_closed_book,0,1,"혈중알코올농도(0.123%), 운전거리(약 200m), 범행연도(2021)"
5371,qwen,zero_shot_closed_book,2,2,"음주 전과, 혈중알코올농도, 범행연도"
5373,qwen,zero_shot_closed_book,2,2,"음주 전과, 혈중알코올농도, 운전거리"
5374,qwen,zero_shot_closed_book,2,2,"음주 전과(2회), 혈중알코올농도(0.168%), 운전거리(약 1km)"
5375,qwen,zero_shot_closed_book,2,2,"음주 전과(3회), 혈중알코올농도(0.137%), 운전거리(1.1km)"
5376,qwen,zero_shot_closed_book,3,2,"음주 전과, 혈중알코올농도, 운전거리"
5377,qwen,zero_shot_closed_book,2,2,"혈중알코올농도, 운전거리"
5379,qwen,zero_shot_closed_book,2,2,"음주 전과(2회), 혈중알코올농도(0.142%), 범행연도(2021년), 운전거리(약 2.5km)"
5380,qwen,zero_shot_closed_book,1,2,"혈중알코올농도, 음주 전과 absence"
5381,qwen,zero_shot_closed_book,2,3,"음주 전과(3회), 혈중알코올농도(0.111%), 차종(화물차)"
5383,qwen,zero_shot_closed_book,2,2,"혈중알코올농도, 차종"
5384,qwen,zero_shot_closed_book,0,2,"혈중알코올농도, 운전거리"
5385,qwen,zero_shot_closed_book,3,2,"혈중알코올농도, 음주 전과 없음"
5387,qwen,zero_shot_closed_book,3,2,"음주 전과, 혈중알코올농도, 범행연도, 차종"
5388,qwen,zero_shot_closed_book,2,2,"음주 전과, 혈중알코올농도, 차종"
5389,qwen,zero_shot_closed_book,2,2,"음주 전과, 혈중알코올농도, 범행연도"
5390,qwen,zero_shot_closed_book,2,2,"음주 전과(3회), 혈중알코올농도 0.122%, 운전거리(400m), 차종(이륜자동차)"
5391,qwen,zero_shot_closed_book,2,2,"음주 전과, 혈중알코올농도, 운전거리"
5392,qwen,zero_shot_closed_book,2,2,"음주 전과, 혈중알코올농도"
5393,qwen,zero_shot_closed_book,3,2,"음주 전과, 혈중알코올농도, 범행연도, 차종"
5395,qwen,zero_shot_closed_book,2,2,"혈중알코올농도, 음주운전 전과, 운전거리"
5396,qwen,zero_shot_closed_book,2,3,"음주 전과, 혈중알코올농도, 2회 이상 음주운전"
5398,qwen,zero_shot_closed_book,2,2,"음주 전과(2회), 혈중알코올농도(0.115%), 운전거리(10km)"
5399,qwen,zero_shot_closed_book,3,3,"음주 전과(2회), 혈중알코올농도(0.101%), 운전거리(20km)"
5400,qwen,zero_shot_closed_book,2,2,"음주 전과, 혈중알코올농도, 범행연도"
5401,qwen,zero_shot_closed_book,2,2,"음주 전과, 혈중알코올농도, 범행연도, 차종"
5402,qwen,zero_shot_closed_book,2,2,"음주 전과, 혈중알코올농도, 범행연도, 운전거리"
5403,qwen,zero_shot_closed_book,2,2,"음주 전과, 혈중알코올농도, 범행연도"
5404,qwen,zero_shot_closed_book,0,2,"음주 전과, 혈중알코올농도, 운전거리"
5405,qwen,zero_shot_closed_book,2,2,"음주운전 전과, 혈중알코올농도"
5406,qwen,zero_shot_closed_book,2,2,"음주 전과, 혈중알코올농도, 범행연도"
5407,qwen,zero_shot_closed_book,2,2,"음주운전 전과, 혈중알코올농도, 운전거리"
5408,qwen,zero_shot_closed_book,2,1,"음주 전과, 혈중알코올농도"
5409,qwen,zero_shot_closed_book,2,2,"혈중알코올농도(0.189%), 운전거리(2.5㎞)"
5410,qwen,zero_shot_closed_book,1,1,"혈중알코올농도(0.078%), 운전거리(약 90km), 차종(화물차)"
5411,qwen,zero_shot_closed_book,2,2,"음주 전과, 혈중알코올농도"
5412,qwen,zero_shot_closed_book,2,2,"음주 전과, 혈중알코올농도, 운전거리"
5413,qwen,zero_shot_closed_book,2,2,"음주 전과(2회), 혈중알코올농도(0.058%), 운전거리(8km)"
5414,qwen,zero_shot_closed_book,0,2,"음주 전과, 혈중알코올농도, 차종"
5416,qwen,zero_shot_closed_book,2,2,"음주 전과(2회), 혈중알코올농도(0.157%), 운전거리(500m), 범행연도(2020)"
5417,qwen,zero_shot_closed_book,2,2,"음주 전과, 혈중알코올농도, 운전거리"
5418,qwen,zero_shot_closed_book,2,3,"음주 전과(2회 이상), 혈중알코올농도(0.093%), 운전거리(약 1km), 범행연도(2021년), 차종(카니발)"
5420,qwen,zero_shot_closed_book,1,1,"혈중알코올농도, 차종"
5421,qwen,zero_shot_closed_book,2,2,"음주 전과, 혈중알코올농도, 범행연도"
5422,qwen,zero_shot_closed_book,2,2,"음주운전 전과, 혈중알코올농도, 범행연도, 차종"
5423,qwen,zero_shot_closed_book,2,2,"혈중알코올농도, 운전거리"
5424,qwen,zero_shot_closed_book,2,2,"음주 전과, 혈중알코올농도"
5425,qwen,zero_shot_closed_book,2,2,"음주운전 전과, 혈중알코올농도, 운전거리"
5426,qwen,zero_shot_closed_book,2,3,"음주 전과(2회), 혈중알코올농도(0.154%), 차종(화물차)"
5427,qwen,zero_shot_closed_book,3,2,"음주 전과, 혈중알코올농도, 차종"
5428,qwen,zero_shot_closed_book,2,2,"음주 전과, 혈중알코올농도, 운전거리"
5429,qwen,zero_shot_closed_book,2,2,"음주 전과, 혈중알코올농도, 차종(화물차), 운전거리"
5430,qwen,zero_shot_closed_book,2,2,"음주 전과, 혈중알코올농도, 범행연도(2회 이상 위반)"
5431,qwen,zero_shot_closed_book,2,2,"음주 전과, 혈중알코올농도, 운전거리"
5432,qwen,zero_shot_closed_book,2,2,"음주운전 전과, 혈중알코올농도, 운전거리"
5433,qwen,zero_shot_closed_book,1,3,"음주 전과(2회 이상), 혈중알코올농도(0.125%), 범행연도(2015년)"
5434,qwen,zero_shot_closed_book,2,2,"음주 전과, 혈중알코올농도, 범행연도, 차종"
5435,qwen,zero_shot_closed_book,2,2,"음주 전과, 혈중알코올농도, 운전거리"
5436,qwen,zero_shot_closed_book,1,2,"혈중알코올농도, 운전거리"
5437,qwen,zero_shot_closed_book,2,2,"음주 전과, 혈중알코올농도, 운전거리"
5438,qwen,zero_shot_closed_book,2,2,"음주 전과(2회), 혈중알코올농도(0.140%), 운전거리(약 30m)"
5439,qwen,zero_shot_closed_book,3,2,"음주 전과(2회), 혈중알코올농도(0.100%)"
5440,qwen,zero_shot_closed_book,2,2,"음주 전과, 혈중알코올농도"
5441,qwen,zero_shot_closed_book,2,2,"음주 전과, 혈중알코올농도, 범행연도, 차종"
5444,qwen,zero_shot_closed_book,2,2,"음주 전과, 혈중알코올농도, 범행연도, 차종"
5445,qwen,zero_shot_closed_book,2,3,"음주 전과(2회), 혈중알코올농도(0.181%), 운전거리(약 2km)"
5446,qwen,zero_shot_closed_book,2,2,혈중알코올농도
5447,qwen,zero_shot_closed_book,2,2,"음주 전과, 혈중알코올농도"
5448,qwen,zero_shot_closed_book,2,2,"음주 전과(2회), 혈중알코올농도(0.112%), 도로교통법 제44조 2회 이상 위반"
5449,qwen,zero_shot_closed_book,2,2,"혈중알코올농도, 운전거리"
5450,qwen,zero_shot_closed_book,3,3,"음주 전과(2회), 혈중알코올농도(0.227%), 운전거리(3km)"
5453,qwen,zero_shot_closed_book,2,2,"음주 전과, 혈중알코올농도"
5454,qwen,zero_shot_closed_book,0,2,"음주 전과, 혈중알코올농도, 범행연도, 차종"
5455,qwen,zero_shot_closed_book,0,2,"음주 전과, 혈중알코올농도"
5456,qwen,zero_shot_closed_book,3,3,"혈중알코올농도(0.197%), 차종(화물차), 운전거리(50km)"
5457,qwen,zero_shot_closed_book,2,2,"음주 전과, 혈중알코올농도, 운전거리"
5459,qwen,zero_shot_closed_book,0,2,"음주 전과, 혈중알코올농도"
5460,qwen,zero_shot_closed_book,2,2,"혈중알코올농도, 음주 전과, 차종"
5461,qwen,zero_shot_closed_book,1,2,"혈중알코올농도, 운전거리"
5462,qwen,zero_shot_closed_book,2,1,"음주 전과, 혈중알코올농도(0.049%)"
5463,qwen,zero_shot_closed_book,3,2,"음주 전과, 혈중알코올농도, 운전거리, 범행연도"
5464,qwen,zero_shot_closed_book,2,2,"혈중알코올농도, 운전거리"
5465,qwen,zero_shot_closed_book,2,1,"음주 전과, 혈중알코올농도, 운전거리"
5466,qwen,zero_shot_closed_book,2,2,"음주 전과(2회 이상), 혈중알코올농도(0.106%), 운전거리(약 100m), 범행연도(2021), 차종(지프)"
5467,qwen,zero_shot_closed_book,2,3,"혈중알코올농도, 범행연도, 차종"
5468,qwen,zero_shot_closed_book,3,2,"음주 전과, 혈중알코올농도, 운전거리"
5470,qwen,zero_shot_closed_book,2,3,"음주 전과, 혈중알코올농도, 운전거리, 범행연도, 차종"
5471,qwen,zero_shot_closed_book,0,2,"혈중알코올농도, 음주운전 전과"
5473,qwen,zero_shot_closed_book,3,2,"음주 전과, 혈중알코올농도, 범행연도(2021), 차종(소나타)"
5474,qwen,zero_shot_closed_book,1,2,"혈중알코올농도, 운전거리"
5475,qwen,zero_shot_closed_book,1,2,"음주 전과(2회), 혈중알코올농도(0.030%), 차종(화물차)"
5476,qwen,zero_shot_closed_book,2,2,"음주 전과(2회), 혈중알코올농도(0.188%), 범행연도(2021), 차종(승용차)"
5477,qwen,zero_shot_closed_book,1,1,"혈중알코올농도(0.079%), 운전거리(약 500m), 범행연도(2021)"
5478,qwen,zero_shot_closed_book,2,2,"혈중알코올농도(0.211%), 차종(BMW), 운전거리(500m)"
5479,qwen,zero_shot_closed_book,1,2,"혈중알코올농도(0.132%), 운전거리(200m), 범행연도(2021)"
5480,qwen,zero_shot_closed_book,1,2,"음주 전과, 혈중알코올농도, 차종"
5481,qwen,zero_shot_closed_book,0,2,"음주 전과, 혈중알코올농도, 범행연도, 차종"
5482,qwen,zero_shot_closed_book,2,2,"음주운전 전과, 혈중알코올농도, 범행연도"
5483,qwen,zero_shot_closed_book,2,2,"혈중알코올농도, 운전거리"
5484,qwen,zero_shot_closed_book,2,2,"음주 전과, 혈중알코올농도, 범행연도"
5485,qwen,zero_shot_closed_book,2,2,"음주 전과, 혈중알코올농도, 범행연도"
5486,qwen,zero_shot_closed_book,2,2,"음주 전과, 혈중알코올농도, 차종"
5487,qwen,zero_shot_closed_book,2,3,"음주 전과, 혈중알코올농도, 운전거리"
5488,qwen,zero_shot_closed_book,0,2,"음주 전과, 혈중알코올농도, 범행연도"
5489,qwen,zero_shot_closed_book,0,2,"음주 전과, 혈중알코올농도"
5490,qwen,zero_shot_closed_book,2,2,"혈중알코올농도, 운전거리"
5491,qwen,zero_shot_closed_book,0,1,"음주 전과, 혈중알코올농도"
5492,qwen,zero_shot_closed_book,0,2,"혈중알코올농도, 운전거리"
5493,qwen,zero_shot_closed_book,2,2,"음주 전과, 혈중알코올농도, 범행연도"
5495,qwen,zero_shot_closed_book,2,3,"음주 전과, 혈중알코올농도, 운전거리"
5496,qwen,zero_shot_closed_book,1,1,"혈중알코올농도, 운전거리, 범행연도"
5497,qwen,zero_shot_closed_book,2,2,"혈중알코올농도, 운전거리"
5498,qwen,zero_shot_closed_book,2,2,"혈중알코올농도, 운전거리"
5499,qwen,zero_shot_closed_book,0,2,"음주 전과, 혈중알코올농도"
5501,qwen,zero_shot_closed_book,2,2,"음주 전과, 혈중알코올농도, 운전거리"
5502,qwen,zero_shot_closed_book,2,1,"음주 전과, 혈중알코올농도, 차종"
5503,qwen,zero_shot_closed_book,1,2,"혈중알코올농도, 운전거리"
5504,qwen,zero_shot_closed_book,2,3,"음주 전과, 혈중알코올농도, 범행연도"
5506,qwen,zero_shot_closed_book,2,2,"음주 전과(3회), 혈중알코올농도(0.082%), 범행연도(2020년), 차종(G80)"
5507,qwen,zero_shot_closed_book,2,2,"음주 전과, 혈중알코올농도, 범행연도"
5508,qwen,zero_shot_closed_book,2,2,"혈중알코올농도, 운전거리"
5509,qwen,zero_shot_closed_book,2,2,"음주 전과, 혈중알코올농도, 범행연도, 차종"
5510,qwen,zero_shot_closed_book,2,2,"음주 전과, 혈중알코올농도, 범행연도, 차종"
5511,qwen,zero_shot_closed_book,0,2,"음주 전과, 혈중알코올농도, 범행연도"
5512,qwen,zero_shot_closed_book,2,2,"음주 전과, 혈중알코올농도, 범행연도"
5513,qwen,zero_shot_closed_book,1,1,"혈중알코올농도, 운전거리"
5514,qwen,zero_shot_closed_book,2,2,"음주 전과(2회), 혈중알코올농도(0.081%), 운전거리(500m), 범행연도(2021)"
5515,qwen,zero_shot_closed_book,2,2,"음주운전 전과, 혈중알코올농도 0.110%, 운전거리 1Km, 범행연도 2020년"
5516,qwen,zero_shot_closed_book,2,2,"음주 전과(2회), 혈중알코올농도(0.245%)"
5518,qwen,zero_shot_closed_book,2,3,"혈중알코올농도, 운전거리"
5519,qwen,zero_shot_closed_book,2,2,"음주 전과, 혈중알코올농도"
5520,qwen,zero_shot_closed_book,2,2,"혈중알코올농도, 운전거리"
5522,qwen,zero_shot_closed_book,2,2,"음주 전과, 혈중알코올농도, 운전거리, 범행연도, 차종"
5523,qwen,zero_shot_closed_book,2,2,"음주 전과, 혈중알코올농도, 범행연도"
5525,qwen,zero_shot_closed_book,0,2,"음주 전과, 혈중알코올농도, 차종"
5526,qwen,zero_shot_closed_book,2,2,"음주 전과(2회), 혈중알코올농도(0.186%), 운전거리(약 100m), 범행연도(2019년), 차종(D SM3)"
5527,qwen,zero_shot_closed_book,2,2,"혈중알코올농도, 차종"
5528,qwen,zero_shot_closed_book,2,2,"음주 전과, 혈중알코올농도, 차종"
5529,qwen,zero_shot_closed_book,2,2,"음주 전과, 혈중알코올농도, 운전거리, 범행연도"
5530,qwen,zero_shot_closed_book,2,2,"음주 전과, 혈중알코올농도, 운전거리"
5531,qwen,zero_shot_closed_book,3,2,"음주 전과(2회 이상), 혈중알코올농도 0.165%, 운전거리(약 3km), 범행연도(2020년), 차종(화물차)"
5532,qwen,zero_shot_closed_book,2,2,"음주운전 전과, 혈중알코올농도"
5533,qwen,zero_shot_closed_book,2,2,"음주 전과, 혈중알코올농도"
5535,qwen,zero_shot_closed_book,2,2,"음주 전과, 혈중알코올농도, 범행연도"
5536,qwen,zero_shot_closed_book,2,2,"음주 전과, 혈중알코올농도"
5537,qwen,zero_shot_closed_book,2,2,"음주 전과, 혈중알코올농도, 범행연도"
5538,qwen,zero_shot_closed_book,2,2,"음주 전과, 혈중알코올농도, 차종"
5540,qwen,zero_shot_closed_book,3,2,"음주 전과(3회), 혈중알코올농도(0.130%), 운전거리(약 60km)"
5541,qwen,zero_shot_closed_book,1,2,"혈중알코올농도, 차종, 운전거리"
5542,qwen,zero_shot_closed_book,2,2,"음주 전과, 혈중알코올농도, 범행연도, 운전거리"
5544,qwen,zero_shot_closed_book,2,2,"음주 전과, 혈중알코올농도, 차종"
5545,qwen,zero_shot_closed_book,3,2,"음주 전과, 혈중알코올농도, 도로교통법 제44조 제1항 2회 이상 위반"
5546,qwen,zero_shot_closed_book,2,2,"음주 전과, 혈중알코올농도, 차종"
5547,qwen,zero_shot_closed_book,2,2,"음주 전과, 혈중알코올농도, 운전거리"
5548,qwen,zero_shot_closed_book,2,1,"음주 전과, 혈중알코올농도"
5549,qwen,zero_shot_closed_book,3,2,"음주 전과, 혈중알코올농도"
5550,qwen,zero_shot_closed_book,2,2,"음주 전과(2회), 혈중알코올농도(0.196%), 범행연도(2021년)"
5551,qwen,zero_shot_closed_book,2,2,"음주 전과(2회), 혈중알코올농도(0.143%), 차종(BMW X5)"
5552,qwen,zero_shot_closed_book,2,2,"음주 전과, 혈중알코올농도, 범행연도"
5553,qwen,zero_shot_closed_book,2,2,"혈중알코올농도(0.141%), 운전거리(300m), 범행연도(2021)"
5554,qwen,zero_shot_closed_book,2,3,"음주 전과, 혈중알코올농도, 운전거리"
5555,qwen,zero_shot_closed_book,2,2,"음주 전과, 혈중알코올농도, 운전거리"
5556,qwen,zero_shot_closed_book,2,2,"혈중알코올농도, 차종, 운전거리"
5559,qwen,zero_shot_closed_book,3,2,혈중알코올농도
5560,qwen,zero_shot_closed_book,0,1,"혈중알코올농도, 운전거리, 범행연도"
5561,qwen,zero_shot_closed_book,0,2,"혈중알코올농도, 운전거리"
5562,qwen,zero_shot_closed_book,2,2,"음주 전과, 혈중알코올농도, 운전거리, 범행연도, 차종"
5563,qwen,zero_shot_closed_book,2,2,"혈중알코올농도, 운전거리"
5564,qwen,zero_shot_closed_book,2,3,"혈중알코올농도(0.208%), 운전거리(24km)"
5565,qwen,zero_shot_closed_book,0,2,"음주 전과, 혈중알코올농도, 운전거리"
5566,qwen,zero_shot_closed_book,2,2,"음주 전과, 혈중알코올농도, 범행연도(2회 이상 위반)"
5568,qwen,zero_shot_closed_book,0,2,"음주 전과, 혈중알코올농도, 범행연도, 차종"
5569,qwen,zero_shot_closed_book,2,2,"음주 전과, 혈중알코올농도, 범행연도"
5570,qwen,zero_shot_closed_book,2,2,"음주 전과, 혈중알코올농도, 범행연도"
5571,qwen,zero_shot_closed_book,2,2,"음주 전과, 혈중알코올농도"
5572,qwen,zero_shot_closed_book,0,2,"음주운전 전과, 혈중알코올농도, 운전거리"
5573,qwen,zero_shot_closed_book,0,2,"혈중알코올농도, 음주 전과"
5574,qwen,zero_shot_closed_book,0,2,"혈중알코올농도(0.128%), 운전거리(52.7km), 범행연도(2020)"
5575,qwen,zero_shot_closed_book,2,1,"음주 전과, 혈중알코올농도, 운전거리"
5576,qwen,zero_shot_closed_book,2,2,"음주 전과, 혈중알코올농도, 범행연도"
5578,qwen,zero_shot_closed_book,2,2,"혈중알코올농도, 운전거리, 차종"
5580,qwen,zero_shot_closed_book,0,2,"음주 전과, 혈중알코올농도, 운전거리, 차종"
5581,qwen,zero_shot_closed_book,2,2,"혈중알코올농도, 운전거리"
5582,qwen,zero_shot_closed_book,0,2,"음주 전과(2회), 혈중알코올농도(0.063%), 운전거리(약 5km)"
5583,qwen,zero_shot_closed_book,2,2,"음주 전과, 혈중알코올농도"
5584,qwen,zero_shot_closed_book,0,2,"음주 전과, 혈중알코올농도, 운전거리"
5585,qwen,zero_shot_closed_book,3,3,"음주 전과, 혈중알코올농도 0.154%, 운전거리 900m"
5586,qwen,zero_shot_closed_book,0,2,"혈중알코올농도, 운전거리"
5587,qwen,zero_shot_closed_book,2,2,"음주 전과(2회), 혈중알코올농도(0.094%), 운전거리(약 2km)"
5588,qwen,zero_shot_closed_book,1,1,"혈중알코올농도, 운전거리, 음주 전과"
5589,qwen,zero_shot_closed_book,2,2,"혈중알코올농도, 운전거리"
5590,qwen,zero_shot_closed_book,2,2,"음주 전과, 혈중알코올농도, 범행연도"
5591,qwen,zero_shot_closed_book,2,2,"혈중알코올농도, 운전거리"
5592,qwen,zero_shot_closed_book,2,2,"음주 전과(2회), 혈중알코올농도(0.115%), 운전거리(15km)"
5593,qwen,zero_shot_closed_book,2,3,"음주 전과(3회), 혈중알코올농도(0.138%), 운전거리(500m), 범행연도(2021), 차종(오토바이)"
5594,qwen,zero_shot_closed_book,2,2,"음주 전과, 혈중알코올농도, 범행연도"
5595,qwen,zero_shot_closed_book,2,2,"음주 전과, 혈중알코올농도"
5596,qwen,zero_shot_closed_book,2,3,"음주 전과(2회), 혈중알코올농도 0.106% 초과, 운전거리(약 50m)"
5597,qwen,zero_shot_closed_book,2,2,"음주 전과, 혈중알코올농도, 운전거리"
5598,qwen,zero_shot_closed_book,2,2,"음주 전과, 혈중알코올농도"
5599,qwen,zero_shot_closed_book,2,2,"음주 전과, 혈중알코올농도, 범행연도, 차종"
5600,qwen,zero_shot_closed_book,1,1,"혈중알코올농도, 운전거리"
5601,qwen,zero_shot_closed_book,0,2,"음주 전과, 혈중알코올농도, 운전거리"
5602,qwen,zero_shot_closed_book,1,1,"혈중알코올농도, 운전거리"
5603,qwen,zero_shot_closed_book,2,2,"음주 전과, 혈중알코올농도, 범행연도, 차종"
5604,qwen,zero_shot_closed_book,0,2,"혈중알코올농도, 운전거리"
5605,qwen,zero_shot_closed_book,2,3,"음주 전과, 혈중알코올농도, 범행연도"
5606,qwen,zero_shot_closed_book,3,2,"음주 전과, 혈중알코올농도(0.188% 및 0.208%), 차종(화물차), 2회 이상 범행"
5607,qwen,zero_shot_closed_book,2,2,"음주 전과, 혈중알코올농도, 운전거리, 범행연도, 차종"
5608,qwen,zero_shot_closed_book,2,3,"음주 전과(3회), 혈중알코올농도(0.128%), 운전거리(10km)"
5609,qwen,zero_shot_closed_book,2,3,"음주 전과(2회), 혈중알코올농도(0.117%), 운전거리(15km)"
5610,qwen,zero_shot_closed_book,2,2,"음주 전과, 혈중알코올농도, 운전거리, 범행연도"
5613,qwen,zero_shot_closed_book,3,2,"음주 전과, 혈중알코올농도, 범행연도, 차종"
5614,qwen,zero_shot_closed_book,0,1,"혈중알코올농도, 운전거리"
5615,qwen,zero_shot_closed_book,2,3,"음주 전과, 혈중알코올농도, 운전거리, 범행연도, 차종"
5616,qwen,zero_shot_closed_book,2,2,"음주 전과, 혈중알코올농도, 운전거리, 범행연도"
5617,qwen,zero_shot_closed_book,2,1,"음주 전과, 혈중알코올농도"
5618,qwen,zero_shot_closed_book,0,2,"음주 전과(2회), 혈중알코올농도(0.056%), 운전거리(2km)"
5619,qwen,zero_shot_closed_book,2,2,"음주 전과, 혈중알코올농도, 2회 이상 음주운전 위반"
5620,qwen,zero_shot_closed_book,2,2,"음주 전과, 혈중알코올농도, 범행연도, 차종"
5621,qwen,zero_shot_closed_book,0,2,"음주 전과, 혈중알코올농도"
5622,qwen,zero_shot_closed_book,2,2,"음주 전과, 혈중알코올농도, 운전거리"
5624,qwen,zero_shot_closed_book,1,2,"혈중알코올농도(0.164%), 운전거리(약 2km), 범행연도(2021)"
5625,qwen,zero_shot_closed_book,2,3,"음주 전과, 혈중알코올농도 0.187%, 차종(포터 화물차)"
5627,qwen,zero_shot_closed_book,2,3,"음주운전 전과(3회), 혈중알코올농도(0.003% 이상), 운전거리(약 1km), 범행연도(2020년), 차종(이륜자동차)"
5628,qwen,zero_shot_closed_book,3,2,"음주 전과(2회), 혈중알코올농도(0.097%), 운전거리(10m), 범행연도(2021), 차종(화물차)"
5629,qwen,zero_shot_closed_book,3,2,"음주 전과, 혈중알코올농도, 운전거리"
5630,qwen,zero_shot_closed_book,2,2,"음주 전과, 혈중알코올농도"
5631,qwen,zero_shot_closed_book,2,1,"음주 전과, 혈중알코올농도, 범행연도"
5632,qwen,zero_shot_closed_book,2,3,"음주 전과(2회), 혈중알코올농도(0.110%), 범행연도(2021년), 차종(지프)"
5633,qwen,zero_shot_closed_book,3,2,"혈중알코올농도, 운전거리"
5634,qwen,zero_shot_closed_book,0,2,"음주 전과, 혈중알코올농도, 범행연도, 차종"
5635,qwen,zero_shot_closed_book,2,3,"음주 전과, 혈중알코올농도, 운전거리"
5636,qwen,zero_shot_closed_book,2,2,"혈중알코올농도, 운전거리"
5637,qwen,zero_shot_closed_book,2,2,"음주 전과, 혈중알코올농도, 범행연도"
5638,qwen,zero_shot_closed_book,2,2,"음주 전과, 혈중알코올농도"
5640,qwen,zero_shot_closed_book,2,2,"음주 전과, 혈중알코올농도, 범행연도, 차종"
5641,qwen,zero_shot_closed_book,2,2,"음주 전과, 혈중알코올농도"
5642,qwen,zero_shot_closed_book,2,2,"음주 전과, 혈중알코올농도"
5643,qwen,zero_shot_closed_book,2,3,"음주 전과, 혈중알코올농도, 범행연도"
5644,qwen,zero_shot_closed_book,2,2,"혈중알코올농도(0.197%), 운전거리(약 3.6km)"
5645,qwen,zero_shot_closed_book,2,2,"음주 전과(2회), 혈중알코올농도(0.166%), 운전거리(7km), 차종(대형차)"
5646,qwen,zero_shot_closed_book,2,2,"혈중알코올농도, 운전거리"
5647,qwen,zero_shot_closed_book,2,2,"음주 전과, 혈중알코올농도, 차종"
5648,qwen,zero_shot_closed_book,2,2,"음주 전과(2회), 혈중알코올농도(0.184%), 운전거리(약 3km), 범행연도(2021)"
5649,qwen,zero_shot_closed_book,2,2,"음주 전과, 혈중알코올농도"
5650,qwen,zero_shot_closed_book,2,2,"음주 전과(2회), 혈중알코올농도(0.138%), 차종(화물차)"
5651,qwen,zero_shot_closed_book,2,2,"음주운전 전과, 혈중알코올농도, 운전거리"
5652,qwen,zero_shot_closed_book,2,2,"음주 전과, 혈중알코올농도"
5653,qwen,zero_shot_closed_book,2,2,"혈중알코올농도, 운전거리"
5654,qwen,zero_shot_closed_book,1,2,"음주 전과(2회), 혈중알코올농도(0.119%)"
5655,qwen,zero_shot_closed_book,2,2,"음주 전과, 혈중알코올농도, 범행연도"
5657,qwen,zero_shot_closed_book,2,1,"음주 전과, 혈중알코올농도, 범행연도"
5658,qwen,zero_shot_closed_book,0,3,"혈중알코올농도, 범행연도"
5659,qwen,zero_shot_closed_book,2,2,"음주 전과, 혈중알코올농도, 범행연도"
5660,qwen,zero_shot_closed_book,2,2,"음주 전과, 혈중알코올농도, 범행연도"
5661,qwen,zero_shot_closed_book,2,2,"음주 전과, 혈중알코올농도, 차종"
5662,qwen,zero_shot_closed_book,2,2,"음주 전과(2회), 혈중알코올농도(0.156%), 운전거리(약 50m)"
5663,qwen,zero_shot_closed_book,1,2,"혈중알코올농도, 차종(화물차), 운전거리"
5664,qwen,zero_shot_closed_book,0,2,"음주 전과, 혈중알코올농도, 범행연도, 차종"
5665,qwen,zero_shot_closed_book,2,2,"음주 전과, 혈중알코올농도, 범행연도, 차종"
5666,qwen,zero_shot_closed_book,2,2,"혈중알코올농도, 운전거리"
5667,qwen,zero_shot_closed_book,3,2,"음주 전과, 혈중알코올농도, 범행연도, 차종(화물차)"
5668,qwen,zero_shot_closed_book,1,2,"혈중알코올농도, 운전거리"
5669,qwen,zero_shot_closed_book,2,3,"혈중알코올농도, 운전거리"
5670,qwen,zero_shot_closed_book,2,2,"음주 전과, 혈중알코올농도, 운전거리"
5671,qwen,zero_shot_closed_book,2,2,"음주 전과, 혈중알코올농도, 운전거리, 범행연도"
5672,qwen,zero_shot_closed_book,2,2,"음주 전과, 혈중알코올농도, 범행연도"
5673,qwen,zero_shot_closed_book,2,2,"음주 전과, 혈중알코올농도, 범행연도, 차종"
5674,qwen,zero_shot_closed_book,2,2,"음주 전과, 혈중알코올농도, 범행연도"
5675,qwen,zero_shot_closed_book,0,2,"음주운전 전과, 혈중알코올농도, 범행연도, 차종"
5676,qwen,zero_shot_closed_book,2,2,"음주 전과, 혈중알코올농도"
5677,qwen,zero_shot_closed_book,2,2,"음주 전과(2회), 혈중알코올농도(0.035%), 운전거리(400m)"
5678,qwen,zero_shot_closed_book,2,2,"혈중알코올농도, 운전거리"
5679,qwen,zero_shot_closed_book,2,2,"음주 전과(2회), 혈중알코올농도(0.062%), 범행연도(2021)"
5680,qwen,zero_shot_closed_book,2,2,"음주 전과, 혈중알코올농도, 운전거리"
5681,qwen,zero_shot_closed_book,0,2,"혈중알코올농도, 운전거리"
5682,qwen,zero_shot_closed_book,2,2,"음주 전과, 혈중알코올농도, 운전거리, 범행연도, 차종"
5683,qwen,zero_shot_closed_book,0,1,"혈중알코올농도, 운전거리"
5684,qwen,zero_shot_closed_book,0,2,"음주 전과, 혈중알코올농도, 운전거리, 범행연도, 차종"
5686,qwen,zero_shot_closed_book,2,2,"음주 전과, 혈중알코올농도, 운전거리"
5687,qwen,zero_shot_closed_book,0,2,"혈중알코올농도, 운전거리"
5688,qwen,zero_shot_closed_book,2,2,"혈중알코올농도, 운전거리"
5689,qwen,zero_shot_closed_book,2,2,"음주 전과, 혈중알코올농도, 운전거리"
5692,qwen,zero_shot_closed_book,0,1,"혈중알코올농도(0.092%), 운전거리(800m)"
5693,qwen,zero_shot_closed_book,2,2,"음주 전과, 혈중알코올농도, 운전거리"
5694,qwen,zero_shot_closed_book,0,1,"혈중알코올농도(0.047%), 운전거리(약 2km)"
5696,qwen,zero_shot_closed_book,2,2,"음주 전과, 혈중알코올농도, 범행연도, 운전거리"
5697,qwen,zero_shot_closed_book,1,1,"혈중알코올농도(0.090%), 운전거리(약 500m)"
5698,qwen,zero_shot_closed_book,2,2,"음주 전과, 혈중알코올농도, 범행연도"
5699,qwen,zero_shot_closed_book,2,2,"음주 전과, 혈중알코올농도, 운전거리"
5700,qwen,zero_shot_closed_book,2,2,"음주 전과, 혈중알코올농도"
5701,qwen,zero_shot_closed_book,2,2,"음주 전과(2회), 혈중알코올농도(0.075%)"
5702,qwen,zero_shot_closed_book,2,2,"음주 전과, 혈중알코올농도(0.185%)"
5703,qwen,zero_shot_closed_book,2,1,"혈중알코올농도, 운전거리"
5704,qwen,zero_shot_closed_book,1,2,"혈중알코올농도(0.191%), 운전거리(약 1m), 범행연도(2021)"
5705,qwen,zero_shot_closed_book,2,3,"음주 전과(2회), 혈중알코올농도(0.224%), 운전거리(약 1km)"
5706,qwen,zero_shot_closed_book,2,2,"음주 전과, 혈중알코올농도, 범행연도, 차종"
5707,qwen,zero_shot_closed_book,3,2,"음주 전과(3회), 혈중알코올농도(0.084%), 범행연도(2021), 차종(BMW)"
5709,qwen,zero_shot_closed_book,2,2,"음주 전과, 혈중알코올농도, 운전거리"
5710,qwen,zero_shot_closed_book,2,2,"음주 전과, 혈중알코올농도, 운전거리, 범행연도"
5711,qwen,zero_shot_closed_book,0,2,"음주운전 전과, 혈중알코올농도, 차종"
5712,qwen,zero_shot_closed_book,2,2,혈중알코올농도
5714,qwen,zero_shot_closed_book,0,2,"혈중알코올농도, 운전거리, 범행연도"
5715,qwen,zero_shot_closed_book,1,1,"혈중알코올농도(0.078%), 운전거리(약 2㎞)"
5717,qwen,zero_shot_closed_book,2,3,"혈중알코올농도, 운전거리"
5718,qwen,zero_shot_closed_book,2,2,"혈중알코올농도, 운전거리"
5719,qwen,zero_shot_closed_book,2,2,"혈중알코올농도, 운전거리"
5720,qwen,zero_shot_closed_book,1,2,"혈중알코올농도, 운전거리"
5721,qwen,zero_shot_closed_book,2,2,"음주 전과, 혈중알코올농도"
5722,qwen,zero_shot_closed_book,2,2,"음주운전 전과, 혈중알코올농도"
5723,qwen,zero_shot_closed_book,3,2,"음주 전과, 혈중알코올농도, 범행연도"
5724,qwen,zero_shot_closed_book,2,2,"음주 전과, 혈중알코올농도, 운전거리"
5725,qwen,zero_shot_closed_book,1,2,"혈중알코올농도, 범행장소(유치원 근처)"
5726,qwen,zero_shot_closed_book,2,3,"혈중알코올농도, 운전거리"
5728,qwen,zero_shot_closed_book,2,3,"혈중알코올농도, 운전거리"
5729,qwen,zero_shot_closed_book,1,2,"혈중알코올농도, 범행연도"
5730,qwen,zero_shot_closed_book,2,2,"음주 전과, 혈중알코올농도, 차종"
5731,qwen,zero_shot_closed_book,2,2,"음주 전과, 혈중알코올농도, 운전거리, 범행연도"
5733,qwen,zero_shot_closed_book,2,3,"음주 전과, 혈중알코올농도, 범행연도"
5734,qwen,zero_shot_closed_book,0,2,"음주 전과(2회), 혈중알코올농도(0.054%), 운전거리(500m)"
5735,qwen,zero_shot_closed_book,0,2,"음주 전과, 혈중알코올농도, 차종"
5736,qwen,zero_shot_closed_book,3,2,"음주운전 전과, 혈중알코올농도, 2회 이상 위반"
5737,qwen,zero_shot_closed_book,2,2,"음주 전과, 혈중알코올농도, 범행연도"
5740,qwen,zero_shot_closed_book,2,2,"음주 전과, 혈중알코올농도, 차종"
5741,qwen,zero_shot_closed_book,0,2,"음주 전과, 혈중알코올농도, 운전거리"
5742,qwen,zero_shot_closed_book,2,2,"음주 전과, 혈중알코올농도, 운전거리"
5743,qwen,zero_shot_closed_book,2,2,"음주 전과, 혈중알코올농도 0.108%"
5746,qwen,zero_shot_closed_book,2,2,"음주운전 전과, 혈중알코올농도"
5747,qwen,zero_shot_closed_book,2,2,"음주 전과, 혈중알코올농도"
5748,qwen,zero_shot_closed_book,2,2,"음주 전과, 혈중알코올농도, 운전거리"
5750,qwen,zero_shot_closed_book,2,2,"음주 전과, 혈중알코올농도, 범행연도, 차종"
5751,qwen,zero_shot_closed_book,2,2,"음주 전과, 혈중알코올농도, 2회 이상 위반"
5752,qwen,zero_shot_closed_book,2,3,"음주 전과, 혈중알코올농도, 차종"
5754,qwen,zero_shot_closed_book,2,2,"음주 전과, 혈중알코올농도, 범행연도, 차종"
5755,qwen,zero_shot_closed_book,2,2,"음주 전과, 혈중알코올농도, 운전거리"
5756,qwen,zero_shot_closed_book,2,1,"음주 전과, 혈중알코올농도, 운전거리, 범행연도, 차종"
5757,qwen,zero_shot_closed_book,3,2,"음주 전과, 혈중알코올농도, 범행연도, 차종"
5759,qwen,zero_shot_closed_book,2,2,"혈중알코올농도, 차종"
5760,qwen,zero_shot_closed_book,2,2,"음주 전과, 혈중알코올농도, 운전거리"
5761,qwen,zero_shot_closed_book,2,2,"음주 전과, 혈중알코올농도, 운전거리"
5762,qwen,zero_shot_closed_book,1,1,"혈중알코올농도, 차종"
5763,qwen,zero_shot_closed_book,2,2,"음주 전과, 혈중알코올농도, 범행연도"
5764,qwen,zero_shot_closed_book,2,3,"음주 전과, 혈중알코올농도, 차종"
5765,qwen,zero_shot_closed_book,2,2,"음주 전과, 혈중알코올농도, 범행연도"
5766,qwen,zero_shot_closed_book,2,2,"음주운전 전과, 혈중알코올농도 0.136%"
5767,qwen,zero_shot_closed_book,3,3,"음주 전과(3회), 혈중알코올농도(0.172%), 운전거리(약 2km)"
5768,qwen,zero_shot_closed_book,2,2,"음주 전과, 혈중알코올농도, 차종"
5769,qwen,zero_shot_closed_book,2,2,"음주 전과, 혈중알코올농도"
5770,qwen,zero_shot_closed_book,2,2,"음주 전과, 혈중알코올농도, 범행연도, 차종"
5771,qwen,zero_shot_closed_book,2,3,"음주 전과, 혈중알코올농도, 운전거리, 범행연도, 차종"
5772,qwen,zero_shot_closed_book,2,3,"음주 전과(3회), 혈중알코올농도(0.085%), 운전거리(4km)"
5773,qwen,zero_shot_closed_book,1,2,"혈중알코올농도, 운전거리"
5774,qwen,zero_shot_closed_book,0,2,"음주 전과, 혈중알코올농도, 범행연도"
5775,qwen,zero_shot_closed_book,2,3,"음주 전과(2회), 혈중알코올농도(0.084%), 운전거리(1km), 범행연도(2021년), 차종(포터2 화물차)"
5776,qwen,zero_shot_closed_book,3,3,"음주 전과, 혈중알코올농도, 차종"
5777,qwen,zero_shot_closed_book,2,2,"음주운전 전과, 혈중알코올농도 0.163%, 운전거리 50m, 범행연도 2021년, 차종 F 카니발"
5778,qwen,zero_shot_closed_book,1,2,"혈중알코올농도, 운전거리"
5779,qwen,zero_shot_closed_book,2,2,"음주 전과, 혈중알코올농도, 차종"
5780,qwen,zero_shot_closed_book,1,2,"혈중알코올농도, 운전거리"
5781,qwen,zero_shot_closed_book,0,2,"혈중알코올농도, 운전거리"
5782,qwen,zero_shot_closed_book,2,2,"음주 전과, 혈중알코올농도, 범행연도"
5784,qwen,zero_shot_closed_book,1,1,"혈중알코올농도, 차종, 운전거리"
5785,qwen,zero_shot_closed_book,2,3,"혈중알코올농도(0.192%), 차종(인피니티 승용차)"
5786,qwen,zero_shot_closed_book,0,2,"음주 전과, 혈중알코올농도, 범행연도, 차종"
5788,qwen,zero_shot_closed_book,2,2,"음주 전과(2회), 혈중알코올농도(0.104%), 범행연도(2019년)"
5789,qwen,zero_shot_closed_book,0,2,"음주 전과, 혈중알코올농도, 운전거리"
5790,qwen,zero_shot_closed_book,2,2,"음주 전과, 혈중알코올농도, 운전거리"
5791,qwen,zero_shot_closed_book,2,2,"음주 전과, 혈중알코올농도, 범행연도"
5792,qwen,zero_shot_closed_book,2,2,"음주 전과, 혈중알코올농도, 운전거리"
5796,qwen,zero_shot_closed_book,2,2,"음주 전과, 혈중알코올농도, 운전거리"
5797,qwen,zero_shot_closed_book,3,2,"혈중알코올농도, 운전거리"
5799,qwen,zero_shot_closed_book,2,2,"음주 전과, 혈중알코올농도, 운전거리, 범행연도"
5800,qwen,zero_shot_closed_book,0,2,"음주 전과, 혈중알코올농도"
5801,qwen,zero_shot_closed_book,2,2,"음주 전과, 혈중알코올농도, 범행연도"
5803,qwen,zero_shot_closed_book,2,2,"혈중알코올농도, 운전거리, 범행연도"
5805,qwen,zero_shot_closed_book,2,3,"음주 전과(2회 이상), 혈중알코올농도(0.214%)"
5806,qwen,zero_shot_closed_book,2,2,"음주 전과, 혈중알코올농도, 운전거리, 범행연도, 차종"
5807,qwen,zero_shot_closed_book,2,2,"음주 전과, 혈중알코올농도, 운전거리"
5808,qwen,zero_shot_closed_book,2,2,"음주 전과(2회), 혈중알코올농도(0.114%), 운전거리(200m), 범행연도(2020), 차종(에쿠스)"
5809,qwen,zero_shot_closed_book,2,1,"음주 전과, 혈중알코올농도, 운전거리, 범행연도, 차종"
5810,qwen,zero_shot_closed_book,2,1,"음주 전과, 혈중알코올농도"
5811,qwen,zero_shot_closed_book,2,1,"음주 전과, 혈중알코올농도, 운전거리, 범행연도, 차종"
5812,qwen,zero_shot_closed_book,2,2,"음주 전과, 혈중알코올농도, 차종"
5813,qwen,zero_shot_closed_book,2,2,"음주 전과, 혈중알코올농도, 범행연도"
5814,qwen,zero_shot_closed_book,2,2,"음주 전과, 혈중알코올농도, 범행연도"
5815,qwen,zero_shot_closed_book,2,2,"음주운전 전과, 혈중알코올농도(0.035%)"
5816,qwen,zero_shot_closed_book,2,2,"음주 전과, 혈중알코올농도, 운전거리"
5817,qwen,zero_shot_closed_book,2,3,"음주 전과(2회), 혈중알코올농도(0.211%)"
5818,qwen,zero_shot_closed_book,2,2,"음주 전과, 혈중알코올농도, 운전거리, 범행연도, 차종"
5819,qwen,zero_shot_closed_book,0,2,"음주 전과, 혈중알코올농도, 범행연도"
5820,qwen,zero_shot_closed_book,1,2,"혈중알코올농도, 운전거리"
5821,qwen,zero_shot_closed_book,2,2,"혈중알코올농도, 차종"
5822,qwen,zero_shot_closed_book,2,2,"음주 전과, 혈중알코올농도, 운전거리"
5823,qwen,zero_shot_closed_book,2,2,"음주 전과(3회), 혈중알코올농도(0.149%), 운전거리(약 1킬로미터)"
5824,qwen,zero_shot_closed_book,2,2,"음주 전과, 혈중알코올농도, 범행연도"
5825,qwen,zero_shot_closed_book,3,2,"음주 전과, 혈중알코올농도"
5826,qwen,zero_shot_closed_book,2,2,"음주 전과, 혈중알코올농도, 범행연도"
5827,qwen,zero_shot_closed_book,2,2,"음주 전과, 혈중알코올농도, 운전거리"
5828,qwen,zero_shot_closed_book,3,2,"음주 전과(2회), 혈중알코올농도(0.179%), 2회 이상 음주운전 금지 위반, 운전거리(800m)"
5829,qwen,zero_shot_closed_book,0,2,"음주 전과, 혈중알코올농도, 범행연도"
5830,qwen,zero_shot_closed_book,2,2,"음주 전과(2회), 혈중알코올농도(0.062%)"
5831,qwen,zero_shot_closed_book,2,2,"음주 전과, 혈중알코올농도, 운전거리"
5832,qwen,zero_shot_closed_book,3,2,"음주 전과, 혈중알코올농도"
5833,qwen,zero_shot_closed_book,2,2,"음주 전과, 혈중알코올농도, 범행연도, 차종"
5834,qwen,zero_shot_closed_book,2,2,"음주 전과(2회), 혈중알코올농도(0.169%), 범행연도(2021)"
5835,qwen,zero_shot_closed_book,2,2,"음주 전과, 혈중알코올농도, 도로교통법 위반 반복, 범행연도"
5836,qwen,zero_shot_closed_book,1,2,"혈중알코올농도, 운전거리"
5837,qwen,zero_shot_closed_book,2,2,"음주 전과, 혈중알코올농도, 범행연도"
5838,qwen,zero_shot_closed_book,3,2,"음주 전과, 혈중알코올농도, 운전거리"
5839,qwen,zero_shot_closed_book,2,2,"음주 전과, 혈중알코올농도, 운전거리"
5840,qwen,zero_shot_closed_book,2,3,"음주 전과(2회), 혈중알코올농도(0.164%), 운전거리(약 1km)"
5841,qwen,zero_shot_closed_book,2,2,"혈중알코올농도(0.263%), 운전거리(50m)"
5843,qwen,zero_shot_closed_book,2,2,"음주 전과, 혈중알코올농도(0.117%), 운전거리(3km), 범행연도(2020), 차종(화물차)"
5844,qwen,zero_shot_closed_book,3,2,"음주 전과, 혈중알코올농도"
5845,qwen,zero_shot_closed_book,2,2,"음주 전과, 혈중알코올농도"
5846,qwen,zero_shot_closed_book,2,2,"음주 전과, 혈중알코올농도, 운전거리"
5847,qwen,zero_shot_closed_book,3,2,"음주 전과(2회 이상), 혈중알코올농도(0.075%), 운전거리(500m), 범행연도(2020), 차종(쏘나타)"
5848,qwen,zero_shot_closed_book,3,2,"음주 전과(약식명령 2회, 징역형 선고 1회), 혈중알코올농도 0.106%(법률위반), 운전거리 2km, 차종(포르쉐 고급차량)"
5849,qwen,zero_shot_closed_book,2,2,"음주 전과, 혈중알코올농도"
5850,qwen,zero_shot_closed_book,0,2,"음주 전과, 혈중알코올농도, 운전거리"
5851,qwen,zero_shot_closed_book,2,3,"음주 전과(3회), 혈중알코올농도(0.086%), 운전거리(700m 이상), 범행연도(2021년)"
5852,qwen,zero_shot_closed_book,2,2,"음주 전과, 혈중알코올농도, 차종"
5853,qwen,zero_shot_closed_book,2,3,"음주 전과(3회), 혈중알코올농도 0.110%, 운전거리(5km), 차종(크루즈 승용차)"
5854,qwen,zero_shot_closed_book,2,2,"음주 전과(2회), 혈중알코올농도(0.188%), 범행연도(2020)"
5855,qwen,zero_shot_closed_book,2,2,"음주 전과, 혈중알코올농도, 범행연도, 차종"
5856,qwen,zero_shot_closed_book,2,2,"음주 전과, 혈중알코올농도, 운전거리"
5857,qwen,zero_shot_closed_book,2,2,"음주 전과(2회), 혈중알코올농도(0.105%), 운전거리(200m)"
5858,qwen,zero_shot_closed_book,2,2,"음주 전과(2회), 혈중알코올농도(0.161%)"
5859,qwen,zero_shot_closed_book,1,2,"혈중알코올농도, 운전거리"
5861,qwen,zero_shot_closed_book,2,2,"음주 전과, 혈중알코올농도, 차종"
5864,qwen,zero_shot_closed_book,2,2,"음주 전과, 혈중알코올농도, 운전거리, 범행연도"
5865,qwen,zero_shot_closed_book,2,2,"음주 전과, 혈중알코올농도, 운전거리"
5866,qwen,zero_shot_closed_book,1,1,"혈중알코올농도, 운전거리"
5867,qwen,zero_shot_closed_book,0,2,"혈중알코올농도(0.111%), 운전거리(약 6㎞)"
5868,qwen,zero_shot_closed_book,2,2,"음주 전과, 혈중알코올농도, 운전거리"
5869,qwen,zero_shot_closed_book,2,2,"음주 전과, 혈중알코올농도, 범행연도"
5870,qwen,zero_shot_closed_book,2,2,"음주 전과, 혈중알코올농도, 운전거리, 범행연도, 차종"
5871,qwen,zero_shot_closed_book,2,2,"혈중알코올농도, 운전거리"
5872,qwen,zero_shot_closed_book,3,3,"음주 전과, 혈중알코올농도, 운전거리"
5874,qwen,zero_shot_closed_book,2,3,"음주 전과(2회), 혈중알코올농도(0.107%)"
5875,qwen,zero_shot_closed_book,2,2,"혈중알코올농도, 운전거리"
5876,qwen,zero_shot_closed_book,0,2,"혈중알코올농도, 운전거리"
5877,qwen,zero_shot_closed_book,2,2,"음주 전과, 혈중알코올농도, 범행연도"
5878,qwen,zero_shot_closed_book,2,2,"혈중알코올농도, 음주 전과"
5879,qwen,zero_shot_closed_book,2,1,"음주 전과, 혈중알코올농도"
5881,qwen,zero_shot_closed_book,2,2,"음주 전과, 혈중알코올농도"
5882,qwen,zero_shot_closed_book,0,2,"음주 전과, 혈중알코올농도, 운전거리, 범행연도, 차종"
5883,qwen,zero_shot_closed_book,0,2,"음주 전과(2회), 혈중알코올농도(0.144%), 운전거리(200m)"
5884,qwen,zero_shot_closed_book,1,2,"혈중알코올농도, 운전거리"
5885,qwen,zero_shot_closed_book,2,1,"음주 전과, 혈중알코올농도"
5886,qwen,zero_shot_closed_book,2,2,"음주운전 전과(2회), 혈중알코올농도(0.075%), 범행연도(2020년)"
5887,qwen,zero_shot_closed_book,0,1,"혈중알코올농도(0.133%), 운전거리(500m)"
5888,qwen,zero_shot_closed_book,3,2,"음주 전과, 혈중알코올농도, 운전거리"
5889,qwen,zero_shot_closed_book,3,2,"음주 전과, 혈중알코올농도, 범행연도(2회 위반)"
5890,qwen,zero_shot_closed_book,2,2,"혈중알코올농도, 범행연도"
5891,qwen,zero_shot_closed_book,2,2,"혈중알코올농도, 음주 전과 absence"
5892,qwen,zero_shot_closed_book,2,1,"음주 전과, 혈중알코올농도, 운전거리"
5893,qwen,zero_shot_closed_book,2,2,"음주 전과(2회), 혈중알코올농도(0.047%), 운전거리(약 5km)"
5894,qwen,zero_shot_closed_book,3,2,"음주 전과, 혈중알코올농도, 운전거리, 범행연도, 차종"
5895,qwen,zero_shot_closed_book,2,3,"음주 전과(2회), 혈중알코올농도(0.131%), 범행연도(2021), 차종(포터 화물차)"
5896,qwen,zero_shot_closed_book,2,2,"음주 전과, 혈중알코올농도, 차종"
5897,qwen,zero_shot_closed_book,2,2,"음주 전과(3회), 혈중알코올농도(0.098%), 운전거리(10km)"
5898,qwen,zero_shot_closed_book,2,2,"음주 전과, 혈중알코올농도, 운전거리, 범행연도"
5899,qwen,zero_shot_closed_book,3,2,"음주 전과, 혈중알코올농도, 운전거리"
5900,qwen,zero_shot_closed_book,2,2,"혈중알코올농도, 운전거리"
5901,qwen,zero_shot_closed_book,2,2,"음주 전과(2회 이상), 혈중알코올농도(0.070%)"
5902,qwen,zero_shot_closed_book,2,2,"음주 전과, 혈중알코올농도, 범행연도, 차종"
5903,qwen,zero_shot_closed_book,2,1,"음주 전과(2회), 혈중알코올농도(0.049%), 운전거리(800m)"
5904,qwen,zero_shot_closed_book,3,2,"음주운전 전과(2회), 혈중알코올농도 0.152%, 운전거리 5㎞"
5906,qwen,zero_shot_closed_book,2,1,"혈중알코올농도, 운전거리"
5907,qwen,zero_shot_closed_book,2,1,"음주 전과, 혈중알코올농도"
5908,qwen,zero_shot_closed_book,0,2,"음주 전과, 혈중알코올농도, 운전거리, 범행연도"
5909,qwen,zero_shot_closed_book,2,2,"음주 전과(3회), 혈중알코올농도(0.067%), 운전거리(5km)"
5910,qwen,zero_shot_closed_book,3,2,"혈중알코올농도, 운전거리"
5911,qwen,zero_shot_closed_book,2,2,"음주 전과, 혈중알코올농도, 차종"
5912,qwen,zero_shot_closed_book,2,2,"음주 전과, 혈중알코올농도, 차종"
5913,qwen,zero_shot_closed_book,2,2,"음주 전과(2회), 혈중알코올농도(0.126%), 범행연도(2020년), 차종(그랜저)"
5914,qwen,zero_shot_closed_book,0,2,"음주 전과, 혈중알코올농도"
5915,qwen,zero_shot_closed_book,2,2,"음주 전과(2회), 혈중알코올농도(0.105%), 운전거리(200m), 범행연도(2021)"
5916,qwen,zero_shot_closed_book,2,2,"음주 전과(2회), 혈중알코올농도(0.144%), 운전거리(8km)"
5917,qwen,zero_shot_closed_book,1,3,"혈중알코올농도, 운전거리, 차종"
5918,qwen,zero_shot_closed_book,2,2,"혈중알코올농도, 차종"
5919,qwen,zero_shot_closed_book,2,2,"음주 전과(2회), 혈중알코올농도(0.102%), 범행연도(2020년), 차종(E K7 승용차)"
5920,qwen,zero_shot_closed_book,2,2,"혈중알코올농도, 운전거리"
5921,qwen,zero_shot_closed_book,2,2,"음주 전과, 혈중알코올농도, 운전거리, 범행연도"
5923,qwen,zero_shot_closed_book,2,2,"음주 전과(2회), 혈중알코올농도(0.126%)"
5924,qwen,zero_shot_closed_book,2,2,"음주 전과(2회), 혈중알코올농도(0.120%), 운전거리(2km)"
5925,qwen,zero_shot_closed_book,2,2,"음주 전과, 혈중알코올농도, 운전거리, 범행연도, 차종"
5926,qwen,zero_shot_closed_book,2,2,"음주 전과, 혈중알코올농도, 운전거리, 범행연도, 차종"
5928,qwen,zero_shot_closed_book,2,2,"음주 전과, 혈중알코올농도, 운전거리, 차종"
5929,qwen,zero_shot_closed_book,2,2,"음주 전과, 혈중알코올농도, 운전거리"
5930,qwen,zero_shot_closed_book,2,2,"음주 전과, 혈중알코올농도, 차종"
5931,qwen,zero_shot_closed_book,2,2,"음주 전과(2회), 혈중알코올농도(0.129%), 운전거리(약 6km)"
5932,qwen,zero_shot_closed_book,0,1,"혈중알코올농도, 범행연도"
5933,qwen,zero_shot_closed_book,2,2,"음주 전과(3회), 혈중알코올농도(0.066%), 운전거리(약 500m), 범행연도(2019년), 차종(F K5 승용차)"
5934,qwen,zero_shot_closed_book,0,2,"혈중알코올농도, 운전거리"
5935,qwen,zero_shot_closed_book,2,2,"음주 전과, 혈중알코올농도"
5936,qwen,zero_shot_closed_book,0,2,"혈중알코올농도, 범행연도"
5937,qwen,zero_shot_closed_book,3,3,"음주 전과(2회), 혈중알코올농도(0.212%), 운전거리(약 3km)"
5938,qwen,zero_shot_closed_book,2,2,"음주 전과, 혈중알코올농도, 운전거리"
5939,qwen,zero_shot_closed_book,3,2,"음주운전 전과, 혈중알코올농도, 반복범행"
5940,qwen,zero_shot_closed_book,2,2,"음주 전과, 혈중알코올농도, 범행연도"
5941,qwen,zero_shot_closed_book,2,3,"음주 전과, 혈중알코올농도(0.296%), 운전거리(1km), 차종(아우디 Q5)"
5943,qwen,zero_shot_closed_book,3,2,"음주 전과(2회), 혈중알코올농도(0.103%), 범행연도(2021년)"
5944,qwen,zero_shot_closed_book,2,2,"음주 전과(2회), 혈중알코올농도(0.131%), 범행연도(2021년)"
5945,qwen,zero_shot_closed_book,2,2,"혈중알코올농도, 운전거리"
5946,qwen,zero_shot_closed_book,2,1,"음주 전과(3회), 혈중알코올농도(0.067%), 운전거리(약 30m)"
5947,qwen,zero_shot_closed_book,2,2,"혈중알코올농도, 운전거리"
5948,qwen,zero_shot_closed_book,2,2,"혈중알코올농도, 운전거리"
5949,qwen,zero_shot_closed_book,3,2,"음주 전과(3회), 혈중알코올농도(0.241%), 운전거리(2km)"
5950,qwen,zero_shot_closed_book,2,2,"음주 전과(3회), 혈중알코올농도(0.131%), 범행연도(2019), 차종(E 그랜저)"
5951,qwen,zero_shot_closed_book,2,2,"음주 전과(2회), 혈중알코올농도(0.098%), 운전거리(약 1km), 범행연도(2019)"
5952,qwen,zero_shot_closed_book,0,2,"음주 전과, 혈중알코올농도, 범행연도"
5953,qwen,zero_shot_closed_book,2,2,"음주 전과(2회), 혈중알코올농도(0.069%), 차종(승합차)"
5954,qwen,zero_shot_closed_book,2,2,"음주 전과, 혈중알코올농도, 범행연도"
5955,qwen,zero_shot_closed_book,2,2,"음주 전과, 혈중알코올농도, 범행연도"
5956,qwen,zero_shot_closed_book,2,2,"음주 전과(2회), 혈중알코올농도(0.167%), 차종(화물차), 범행연도(2020)"
5957,qwen,zero_shot_closed_book,1,2,"음주 전과, 혈중알코올농도, 운전거리"
5958,qwen,zero_shot_closed_book,2,2,"음주 전과, 혈중알코올농도, 차종"
5959,qwen,zero_shot_closed_book,2,2,"음주 전과(2회), 혈중알코올농도(0.115%), 운전거리(1.5km), 범행연도(2019), 차종(쏘렌토)"
5960,qwen,zero_shot_closed_book,2,1,"혈중알코올농도(0.109%), 운전거리(약 1km), 범행연도(2019)"
5961,qwen,zero_shot_closed_book,2,2,"혈중알코올농도, 운전거리"
5962,qwen,zero_shot_closed_book,2,2,"음주 전과(2회), 혈중알코올농도(0.098%), 운전거리(1km)"
5963,qwen,zero_shot_closed_book,2,2,"혈중알코올농도, 운전거리"
5964,qwen,zero_shot_closed_book,1,2,"혈중알코올농도(0.103%), 운전거리(5km), 차종(화물차)"
5965,qwen,zero_shot_closed_book,2,2,"음주 전과(2회), 혈중알코올농도(0.241%), 범행연도(2020년)"
5966,qwen,zero_shot_closed_book,2,2,"음주 전과, 혈중알코올농도, 범행연도"
5967,qwen,zero_shot_closed_book,0,2,"혈중알코올농도(0.126%), 운전거리(300m), 범행연도(2021)"
5968,qwen,zero_shot_closed_book,3,3,"음주 전과, 혈중알코올농도"
5969,qwen,zero_shot_closed_book,2,2,"음주 전과, 혈중알코올농도, 차종"
5970,qwen,zero_shot_closed_book,3,3,"음주 전과, 혈중알코올농도, 차종"
5971,qwen,zero_shot_closed_book,2,2,"음주 전과(2회 이상), 혈중알코올농도(0.092%), 운전거리(50미터)"
5972,qwen,zero_shot_closed_book,2,2,"음주 전과, 혈중알코올농도, 운전거리, 범행연도"
5973,qwen,zero_shot_closed_book,2,2,"음주 전과, 혈중알코올농도, 운전거리"
5975,qwen,zero_shot_closed_book,2,2,"혈중알코올농도(0.150%), 차종(포터 화물차), 범행연도(2021)"
5976,qwen,zero_shot_closed_book,2,1,"음주 전과, 혈중알코올농도"
5978,qwen,zero_shot_closed_book,3,2,"음주 전과, 혈중알코올농도, 차종"
5979,qwen,zero_shot_closed_book,2,2,"음주 전과, 혈중알코올농도, 차종"
5980,qwen,zero_shot_closed_book,3,2,"음주 전과, 혈중알코올농도, 범행연도"
5981,qwen,zero_shot_closed_book,2,2,"음주 전과, 혈중알코올농도, 범행연도"
5982,qwen,zero_shot_closed_book,2,2,"음주 전과(2회), 혈중알코올농도(0.141%), 범행연도(2020)"
5983,qwen,zero_shot_closed_book,0,1,"혈중알코올농도, 운전거리"
5984,qwen,zero_shot_closed_book,2,2,"혈중알코올농도, 차종"
5985,qwen,zero_shot_closed_book,2,2,"음주 전과, 혈중알코올농도, 운전거리"
5986,qwen,zero_shot_closed_book,2,3,"음주 전과, 혈중알코올농도, 차종"
5987,qwen,zero_shot_closed_book,2,2,"음주 전과, 혈중알코올농도, 범행연도"
5990,qwen,zero_shot_closed_book,2,2,"음주운전 전력(2회), 혈중알코올농도(0.153%), 차종(승용차), 운전거리(8km)"
5991,qwen,zero_shot_closed_book,1,2,"음주 전과(2회), 혈중알코올농도(0.151%), 범행연도(2018년)"
5992,qwen,zero_shot_closed_book,0,1,"음주 전과, 혈중알코올농도, 범행연도"
5993,qwen,zero_shot_closed_book,3,1,"음주 전과(3회), 혈중알코올농도(0.047%), 운전거리(약 3m), 범행연도(2020), 차종(캠리)"
5995,qwen,zero_shot_closed_book,2,2,"음주 전과(2회), 혈중알코올농도(0.085%), 운전거리(약 10km)"
5996,qwen,zero_shot_closed_book,3,2,"음주 전과(2회), 혈중알코올농도(0.125%), 범행연도(2021년)"
5997,qwen,zero_shot_closed_book,2,2,"음주 전과(2회), 혈중알코올농도(0.204%), 범행연도(2020년)"
5998,qwen,zero_shot_closed_book,2,2,"음주 전과, 혈중알코올농도, 범행연도"
5999,qwen,zero_shot_closed_book,3,2,"혈중알코올농도(0.182%), 운전거리(500m)"
4525,qwen,few_shot_open_book,2,3,"음주 전과 1회, 혈중알코올농도 0.252%, 운전거리 6.0km, 범행연도 2020"
4531,qwen,few_shot_open_book,2,2,"혈중알코올농도 0.211%, 운전거리 0.03km, 범행연도 2021"
4573,qwen,few_shot_open_book,2,2,"음주 전과 1회, 혈중알코올농도 0.136%, 운전거리 3.6km, 범행연도 2021"
4575,qwen,few_shot_open_book,3,2,"음주 전과 1회, 혈중알코올농도 0.106%, 운전거리 2.0km, 범행연도 2020"
4607,qwen,few_shot_open_book,2,1,"음주 전과 0회, 혈중알코올농도 0.117%, 운전거리 5.0km, 범행연도 2021"
4635,qwen,few_shot_open_book,2,1,"음주 전과 1회, 혈중알코올농도 0.133%, 운전거리 1.7km, 범행연도 2021"
4654,qwen,few_shot_open_book,2,3,"음주 전과 1회, 혈중알코올농도 0.130%, 운전거리 3.8km, 범행연도 2020"
4674,qwen,few_shot_open_book,2,2,"음주 전과 2회, 혈중알코올농도 0.103%, 운전거리 20.0km, 범행연도 2021"
4678,qwen,few_shot_open_book,2,3,"음주 전과 3회, 혈중알코올농도 0.188%, 운전거리 3.0km, 범행연도 2021"
4682,qwen,few_shot_open_book,2,3,"음주 전과 2회, 혈중알코올농도 0.234%, 운전거리 0.05km, 범행연도 2021"
4691,qwen,few_shot_open_book,2,2,"음주 전과 1회, 혈중알코올농도 0.133%, 운전거리 5.0km, 범행연도 2020"
4700,qwen,few_shot_open_book,2,2,"혈중알코올농도 0.255%, 운전거리 1.5km, 범행연도 2021"
4712,qwen,few_shot_open_book,2,2,"음주 전과 1회, 혈중알코올농도 0.160%, 운전거리 9.0km, 범행연도 2021"
4719,qwen,few_shot_open_book,2,1,"음주 전과 1회, 혈중알코올농도 0.125%, 운전거리 0.2km, 범행연도 2019"
4744,qwen,few_shot_open_book,2,1,"음주 전과 2회, 혈중알코올농도 0.062%, 운전거리 0.5km, 범행연도 2020"
4752,qwen,few_shot_open_book,2,2,"음주 전과 1회, 혈중알코올농도 0.124%, 운전거리 8.0km, 범행연도 2019"
4777,qwen,few_shot_open_book,2,2,"음주 전과 2회, 혈중알코올농도 0.114%, 운전거리 3.0km, 범행연도 2021"
4781,qwen,few_shot_open_book,1,1,"음주 전과 0회, 혈중알코올농도 0.145%, 운전거리 1.0km, 범행연도 2021"
4818,qwen,few_shot_open_book,3,2,"음주 전과 1회, 혈중알코올농도 0.173%, 운전거리 3.0km, 범행연도 2021"
4844,qwen,few_shot_open_book,2,3,"음주 전과 1회, 혈중알코올농도 0.112%, 운전거리 16.0km, 범행연도 2020"
4845,qwen,few_shot_open_book,1,1,"음주 전과 0회, 혈중알코올농도 0.107%, 운전거리 2.0km, 범행연도 2021"
4848,qwen,few_shot_open_book,2,2,"음주 전과 1회, 혈중알코올농도 0.189%, 운전거리 10.0m, 범행연도 2021"
4857,qwen,few_shot_open_book,3,2,"음주 전과 3회, 혈중알코올농도 0.142%, 운전거리 3.0km, 범행연도 2021"
4867,qwen,few_shot_open_book,0,0,"음주 전과 0회, 혈중알코올농도 0.048%, 운전거리 10.0km, 범행연도 2020"
4889,qwen,few_shot_open_book,3,3,"음주 전과 1회, 혈중알코올농도 0.165%, 운전거리 4.0km, 범행연도 2021"
4987,qwen,few_shot_open_book,2,2,"음주 전과 2회, 혈중알코올농도 0.093%, 운전거리 3.0km, 범행연도 2021"
4996,qwen,few_shot_open_book,2,3,"음주 전과 3회, 혈중알코올농도 0.114%, 운전거리 1.0km, 범행연도 2021"
5006,qwen,few_shot_open_book,2,2,"음주 전과 3회, 혈중알코올농도 0.171%, 운전거리 8.0km, 범행연도 2021"
5008,qwen,few_shot_open_book,2,3,"음주 전과 2회, 혈중알코올농도 0.142%, 운전거리 2.0km, 범행연도 2021"
5019,qwen,few_shot_open_book,2,2,"음주 전과 2회, 혈중알코올농도 0.130%, 운전거리 0.5km, 범행연도 2021"
5063,qwen,few_shot_open_book,2,2,"음주 전과 2회, 혈중알코올농도 0.074%, 운전거리 2.0km, 범행연도 2021"
5084,qwen,few_shot_open_book,0,2,"음주 전과 1회, 혈중알코올농도 0.116%, 운전거리 0.03km, 범행연도 2019"
5105,qwen,few_shot_open_book,0,2,"혈중알코올농도 0.206%, 운전거리 0.7km, 범행연도 2021"
5108,qwen,few_shot_open_book,2,2,"음주 전과 2회, 혈중알코올농도 0.116%, 운전거리 30.0km, 범행연도 2020"
5122,qwen,few_shot_open_book,2,2,"음주 전과 1회, 혈중알코올농도 0.109%, 운전거리 4.0km, 범행연도 2021"
5137,qwen,few_shot_open_book,2,3,"음주 전과 1회, 혈중알코올농도 0.090%, 운전거리 0.15km, 범행연도 2020"
5175,qwen,few_shot_open_book,2,2,"음주 전과 1회, 혈중알코올농도 0.122%, 운전거리 0.7km, 범행연도 2020"
5217,qwen,few_shot_open_book,0,1,"음주 전과 0회, 혈중알코올농도 0.050%, 운전거리 2.0km, 범행연도 2019"
5219,qwen,few_shot_open_book,1,2,"혈중알코올농도 0.095%, 운전거리 1.0km, 범행연도 2021"
5237,qwen,few_shot_open_book,2,3,"음주 전과 1회, 혈중알코올농도 0.138%, 운전거리 10.0km, 범행연도 2021"
5244,qwen,few_shot_open_book,2,3,"음주 전과 3회, 혈중알코올농도 0.112%, 운전거리 24.0km, 범행연도 2020"
5249,qwen,few_shot_open_book,1,0,"음주 전과 0회, 혈중알코올농도 0.037%, 운전거리 0.5km, 범행연도 2021"
5251,qwen,few_shot_open_book,3,2,"음주 전과 2회, 혈중알코올농도 0.074%, 운전거리 1.0km, 범행연도 2021"
5253,qwen,few_shot_open_book,2,2,"음주 전과 1회, 혈중알코올농도 0.094%, 운전거리 5.0m, 범행연도 2019"
5293,qwen,few_shot_open_book,1,1,"혈중알코올농도 0.156%, 운전거리 2.0km, 범행연도 2021"
5310,qwen,few_shot_open_book,0,3,"음주 전과 1회, 혈중알코올농도 0.141%, 운전거리 5.0km, 범행연도 2021"
5318,qwen,few_shot_open_book,3,3,"음주 전과 4회, 혈중알코올농도 0.145%, 운전거리 0.5km, 범행연도 2020"
5334,qwen,few_shot_open_book,2,1,"음주 전과 1회, 혈중알코올농도 0.036%, 운전거리 10.0m, 범행연도 2021"
5362,qwen,few_shot_open_book,3,3,"음주 전과 1회, 혈중알코올농도 0.137%, 운전거리 0.3km, 범행연도 2020"
5365,qwen,few_shot_open_book,1,3,"음주 전과 1회, 혈중알코올농도 0.107%, 운전거리 0.1km, 범행연도 2021"
5372,qwen,few_shot_open_book,2,2,"음주 전과 4회, 혈중알코올농도 0.143%, 운전거리 0.34km, 범행연도 2020"
5386,qwen,few_shot_open_book,2,2,"음주 전과 1회, 혈중알코올농도 0.133%, 운전거리 8.0km, 범행연도 2020"
5397,qwen,few_shot_open_book,2,2,"음주 전과 2회, 혈중알코올농도 0.120%, 운전거리 0.5km, 범행연도 2020"
5415,qwen,few_shot_open_book,0,1,"음주 전과 0회, 혈중알코올농도 0.131%, 운전거리 1.5km, 범행연도 2020"
5419,qwen,few_shot_open_book,1,1,"음주 전과 0회, 혈중알코올농도 0.105%, 운전거리 0.03km, 범행연도 2021"
5442,qwen,few_shot_open_book,2,1,"음주 전과 0회, 혈중알코올농도 0.058%, 운전거리 0.5km, 범행연도 2021"
5451,qwen,few_shot_open_book,0,2,"음주 전과 2회, 혈중알코올농도 0.068%, 운전거리 6.0km, 범행연도 2015"
5452,qwen,few_shot_open_book,2,2,"음주 전과 2회, 혈중알코올농도 0.091%, 운전거리 3.0m, 범행연도 2021"
5469,qwen,few_shot_open_book,2,2,"음주 전과 2회, 혈중알코올농도 0.073%, 운전거리 1.0km, 범행연도 2021"
5472,qwen,few_shot_open_book,2,2,"음주 전과 1회, 혈중알코올농도 0.173%, 운전거리 0.1km, 범행연도 2021"
5500,qwen,few_shot_open_book,2,2,"음주 전과 1회, 혈중알코올농도 0.125%, 운전거리 0.5km, 범행연도 2020"
5521,qwen,few_shot_open_book,0,1,"음주 전과 0회, 혈중알코올농도 0.060%, 운전거리 15.0km, 범행연도 2020"
5524,qwen,few_shot_open_book,0,2,"음주 전과 0회, 혈중알코올농도 0.142%, 운전거리 0.05km, 범행연도 2021"
5543,qwen,few_shot_open_book,2,1,"음주 전과 0회, 혈중알코올농도 0.110%, 운전거리 1.0km, 범행연도 2021"
5558,qwen,few_shot_open_book,2,2,"음주 전과 1회, 혈중알코올농도 0.130%, 운전거리 7.0km, 범행연도 2020"
5567,qwen,few_shot_open_book,2,2,"음주 전과 2회, 혈중알코올농도 0.063%, 운전거리 10.0km, 범행연도 2020"
5611,qwen,few_shot_open_book,0,1,"혈중알코올농도 0.152%, 운전거리 0.1km, 범행연도 2021"
5612,qwen,few_shot_open_book,2,2,"음주 전과 2회, 혈중알코올농도 0.082%, 운전거리 1.0km, 범행연도 2021"
5639,qwen,few_shot_open_book,2,2,"음주 전과 1회, 혈중알코올농도 0.120%, 운전거리 0.15km, 범행연도 2020"
5685,qwen,few_shot_open_book,2,3,"음주 전과 1회, 혈중알코올농도 0.233%, 운전거리 0.4km, 범행연도 2021"
5695,qwen,few_shot_open_book,0,2,"음주 전과 2회, 혈중알코올농도 0.054%, 운전거리 1.0km, 범행연도 2020"
5713,qwen,few_shot_open_book,2,3,"음주 전과 2회, 혈중알코올농도 0.249%, 운전거리 2.5km, 범행연도 2020"
5744,qwen,few_shot_open_book,2,2,"음주 전과 1회, 혈중알코올농도 0.186%, 운전거리 0.5km, 범행연도 2019"
5749,qwen,few_shot_open_book,3,2,"음주 전과 1회, 혈중알코올농도 0.086%, 운전거리 0.3km, 범행연도 2020"
5753,qwen,few_shot_open_book,2,3,"혈중알코올농도 0.177%, 운전거리 0.3km, 범행연도 2021"
5783,qwen,few_shot_open_book,1,1,"혈중알코올농도 0.152%, 운전거리 0.5km, 범행연도 2021"
5787,qwen,few_shot_open_book,2,2,"음주 전과 0회, 혈중알코올농도 0.208%, 운전거리 2.0km, 범행연도 2020"
5793,qwen,few_shot_open_book,2,2,"음주 전과 1회, 혈중알코올농도 0.169%, 운전거리 1.0km, 범행연도 2019"
5798,qwen,few_shot_open_book,2,2,"음주 전과 1회, 혈중알코올농도 0.078%, 운전거리 0.4km, 범행연도 2020"
5802,qwen,few_shot_open_book,2,2,"음주 전과 1회, 혈중알코올농도 0.157%, 운전거리 0.07km, 범행연도 2020"
5804,qwen,few_shot_open_book,2,2,"음주 전과 2회, 혈중알코올농도 0.153%, 운전거리 0.1km, 범행연도 2021"
5862,qwen,few_shot_open_book,2,2,"음주 전과 1회, 혈중알코올농도 0.162%, 운전거리 2.0m, 범행연도 2021"
5863,qwen,few_shot_open_book,2,2,"음주 전과 1회, 혈중알코올농도 0.270%, 운전거리 0.3km, 범행연도 2021"
5873,qwen,few_shot_open_book,3,3,"혈중알코올농도 0.323%, 운전거리 10.0km, 범행연도 2021"
5905,qwen,few_shot_open_book,1,2,"음주 전과 0회, 혈중알코올농도 0.135%, 운전거리 11.0km, 범행연도 2021"
5942,qwen,few_shot_open_book,3,2,"음주 전과 1회, 혈중알코올농도 0.109%, 운전거리 0.4km, 범행연도 2020"
5977,qwen,few_shot_open_book,2,2,"혈중알코올농도 0.202%, 운전거리 60.0km, 범행연도 2021"
5988,qwen,few_shot_open_book,0,2,"음주 전과 2회, 혈중알코올농도 0.087%, 운전거리 3.0km, 범행연도 2020"
5989,qwen,few_shot_open_book,2,2,"음주 전과 1회, 혈중알코올농도 0.068%, 운전거리 0.8km, 범행연도 2020"
5994,qwen,few_shot_open_book,3,2,"음주 전과 1회, 혈중알코올농도 0.143%, 운전거리 4.0km, 범행연도 2020"
4551,qwen,few_shot_open_book,2,1,"음주 전과 1회, 혈중알코올농도 0.036%, 운전거리 3.0m, 범행연도 2019"
4686,qwen,few_shot_open_book,2,2,"음주 전과 1회, 혈중알코올농도 0.174%, 운전거리 0.5km, 범행연도 2019"
4856,qwen,few_shot_open_book,2,2,"음주 전과 1회, 혈중알코올농도 0.079%, 운전거리 1.0km, 범행연도 2020"
4969,qwen,few_shot_open_book,2,2,"음주 전과 1회, 혈중알코올농도 0.196%, 운전거리 20.0m, 범행연도 2020"
5009,qwen,few_shot_open_book,2,2,"음주 전과 1회, 혈중알코올농도 0.147%, 운전거리 1.0km, 범행연도 2019"
5116,qwen,few_shot_open_book,2,2,"음주 전과 2회, 혈중알코올농도 0.082%, 운전거리 23.0km, 범행연도 2021"
5178,qwen,few_shot_open_book,2,3,"음주 전과 1회, 혈중알코올농도 0.229%, 운전거리 0.9km, 범행연도 2020"
5192,qwen,few_shot_open_book,2,2,"음주 전과 2회, 혈중알코올농도 0.103%, 운전거리 0.05km, 범행연도 2020"
5292,qwen,few_shot_open_book,2,2,"음주 전과 2회, 혈중알코올농도 0.168%, 운전거리 0.2km, 범행연도 2020"
5296,qwen,few_shot_open_book,2,2,"음주 전과 1회, 혈중알코올농도 0.084%, 운전거리 0.2km, 범행연도 2020"
5577,qwen,few_shot_open_book,2,2,"음주 전과 2회, 혈중알코올농도 0.172%, 운전거리 2.6km, 범행연도 2020"
5690,qwen,few_shot_open_book,2,2,"음주 전과 2회, 혈중알코올농도 0.067%, 운전거리 3.0km, 범행연도 2020"
5927,qwen,few_shot_open_book,2,2,"음주 전과 1회, 혈중알코올농도 0.126%, 운전거리 0.5km, 범행연도 2019"
4664,qwen,few_shot_open_book,3,2,"음주 전과 8회, 혈중알코올농도 0.073%, 운전거리 60.0km, 범행연도 2020"
4658,qwen,few_shot_open_book,2,3,"음주 전과 5회, 혈중알코올농도 0.156%, 운전거리 1.5km, 범행연도 2021"
4878,qwen,few_shot_open_book,3,2,"음주 전과 5회, 혈중알코올농도 0.135%, 운전거리 6.0km, 범행연도 2020"
5128,qwen,few_shot_open_book,0,3,"음주 전과 5회, 혈중알코올농도 0.217%, 운전거리 0.5km, 범행연도 2020"
5208,qwen,few_shot_open_book,3,3,"음주 전과 4회, 혈중알코올농도 0.184%, 운전거리 10.0km, 범행연도 2020"
5494,qwen,few_shot_open_book,2,2,"음주 전과 5회, 혈중알코올농도 0.183%, 운전거리 3.2km, 범행연도 2020"
5517,qwen,few_shot_open_book,3,3,"음주 전과 4회, 혈중알코올농도 0.094%, 운전거리 0.1km, 범행연도 2021"
5623,qwen,few_shot_open_book,3,3,"음주 전과 8회, 혈중알코올농도 0.271%, 운전거리 2.0km, 범행연도 2021"
4680,qwen,few_shot_open_book,2,2,"음주 전과 1회, 혈중알코올농도 0.179%, 운전거리 불상, 범행연도 2021"
4958,qwen,few_shot_open_book,2,2,"음주 전과 3회, 혈중알코올농도 0.097%, 운전거리 10.0km, 범행연도 2021"
5369,qwen,few_shot_open_book,2,1,"음주 전과 0회, 혈중알코올농도 0.179%, 운전거리 1.0km, 범행연도 2021"
5539,qwen,few_shot_open_book,0,2,"혈중알코올농도 0.072%, 범행연도 2019"
5458,qwen,few_shot_open_book,2,2,"음주 전과 2회, 혈중알코올농도 0.152%, 운전거리 2.0km, 범행연도 2019"
4549,qwen,few_shot_open_book,0,2,"음주 전과 1회, 혈중알코올농도 0.156%, 운전거리 0.5km, 범행연도 2019"
4576,qwen,few_shot_open_book,2,2,"음주 전과 1회, 혈중알코올농도 0.122%, 운전거리 1.0km, 범행연도 2019"
4601,qwen,few_shot_open_book,2,2,"음주 전과 1회, 혈중알코올농도 0.165%, 운전거리 거리미상, 범행연도 2019"
4692,qwen,few_shot_open_book,2,1,"음주 전과 1회, 혈중알코올농도 0.089%, 운전거리 미기재, 범행연도 2019"
4723,qwen,few_shot_open_book,2,2,"음주 전과 3회, 혈중알코올농도 0.167%, 운전거리 2.0km, 범행연도 2020"
4896,qwen,few_shot_open_book,2,2,"음주 전과 0회, 혈중알코올농도 0.215%, 운전거리 1.5km, 범행연도 2019"
4922,qwen,few_shot_open_book,0,2,"음주 전과 1회, 혈중알코올농도 0.085%, 운전거리 미기재, 범행연도 2021"
4960,qwen,few_shot_open_book,2,2,"음주 전과 2회, 혈중알코올농도 0.135%, 운전거리 미상, 범행연도 2021"
5028,qwen,few_shot_open_book,2,2,"음주 전과 1회, 혈중알코올농도 0.160%, 운전거리 2.0km, 범행연도 2021"
5085,qwen,few_shot_open_book,1,1,"음주 전과 0회, 혈중알코올농도 0.156%, 운전거리 2.0km, 범행연도 2019"
5091,qwen,few_shot_open_book,2,2,"음주 전과 2회, 혈중알코올농도 0.121%, 운전거리 불상, 범행연도 2021"
5115,qwen,few_shot_open_book,0,1,"음주 전과 0회, 혈중알코올농도 0.146%, 운전거리 1.0km, 범행연도 2019"
5132,qwen,few_shot_open_book,2,2,"음주 전과 1회, 혈중알코올농도 0.183%, 운전거리 불상, 범행연도 2020"
5267,qwen,few_shot_open_book,2,2,"음주 전과 1회, 혈중알코올농도 0.187%, 운전거리 1.5km, 범행연도 2021"
5312,qwen,few_shot_open_book,1,1,"음주 전과 0회, 혈중알코올농도 0.058%, 운전거리 불상, 범행연도 2021"
5319,qwen,few_shot_open_book,2,2,"음주 전과 1회, 혈중알코올농도 0.092%, 운전거리 (미지정), 범행연도 2021"
5378,qwen,few_shot_open_book,3,2,"음주 전과 1회, 혈중알코올농도 0.08%, 운전거리 미제시, 범행연도 2021"
5394,qwen,few_shot_open_book,2,1,"음주 전과 2회, 혈중알코올농도 0.145%, 운전거리 0.5km, 범행연도 2019"
5534,qwen,few_shot_open_book,2,3,"음주 전과 1회, 혈중알코올농도 0.145%, 운전거리 2.0km, 범행연도 2019"
5579,qwen,few_shot_open_book,2,2,"음주 전과 1회, 혈중알코올농도 0.059%, 운전거리 1.5km, 범행연도 2021"
5626,qwen,few_shot_open_book,2,1,"음주 전과 1회, 혈중알코올농도 0.047%, 운전거리 1.5km, 범행연도 2020"
5708,qwen,few_shot_open_book,2,2,"음주 전과 1회, 혈중알코올농도 0.103%, 운전거리 5.0km, 범행연도 2021"
5732,qwen,few_shot_open_book,2,3,"음주 전과 3회, 혈중알코올농도 0.202%, 범행연도 2020"
5738,qwen,few_shot_open_book,3,2,"음주 전과 1회, 혈중알코올농도 0.148%, 운전거리 0.5km, 범행연도 2020"
5739,qwen,few_shot_open_book,2,3,"음주 전과 1회, 혈중알코올농도 0.190%, 운전거리 2.0km, 범행연도 2021"
5745,qwen,few_shot_open_book,0,1,"음주 전과 0회, 혈중알코올농도 0.163%, 범행연도 2019"
5794,qwen,few_shot_open_book,0,1,"혈중알코올농도 0.175%, 차종 원동기장치자전거, 범행연도 2020"
5880,qwen,few_shot_open_book,2,1,"음주 전과 1회, 혈중알코올농도 0.046%, 운전거리 1.5km, 범행연도 2019"
5974,qwen,few_shot_open_book,2,2,"음주 전과 2회, 혈중알코올농도 0.049%, 운전거리 2.0km, 범행연도 2021"
4510,qwen,few_shot_open_book,3,2,"음주 전과 1회, 혈중알코올농도 0.095%, 운전거리 90.0km, 범행연도 2021"
4511,qwen,few_shot_open_book,2,3,"음주 전과 3회, 혈중알코올농도 0.145%, 운전거리 100.0km, 범행연도 2020"
4579,qwen,few_shot_open_book,2,2,"음주 전과 1회, 혈중알코올농도 0.041%, 운전거리 100.0km, 범행연도 2019"
4634,qwen,few_shot_open_book,0,3,"혈중알코올농도 0.188%, 운전거리 123.0km, 범행연도 2021"
4806,qwen,few_shot_open_book,2,3,"음주 전과 3회, 혈중알코올농도 0.129%, 운전거리 60.0km, 범행연도 2020"
5086,qwen,few_shot_open_book,3,2,"음주 전과 2회, 혈중알코올농도 0.066%, 운전거리 12.0km, 범행연도 2019"
5382,qwen,few_shot_open_book,3,2,"혈중알코올농도 0.200%, 운전거리 7.0km, 범행연도 2020"
5505,qwen,few_shot_open_book,2,3,"음주 전과 1회, 혈중알코올농도 0.111%, 운전거리 40.0km, 범행연도 2020"
5656,qwen,few_shot_open_book,2,3,"음주 전과 1회, 혈중알코올농도 0.110%, 운전거리 121.0km, 범행연도 2021, 차종 화물차"
5691,qwen,few_shot_open_book,0,2,"음주 전과 1회, 혈중알코올농도 0.062%, 운전거리 10.0km, 범행연도 2019"
5842,qwen,few_shot_open_book,0,1,"음주 전과 0회, 혈중알코올농도 0.047%, 운전거리 130.0km, 범행연도 2020"
5248,qwen,few_shot_open_book,0,0,"음주 전과 0회, 혈중알코올농도 0.059%, 운전거리 10.0미터, 범행연도 2013"
5557,qwen,few_shot_open_book,3,2,"음주 전과 1회, 혈중알코올농도 0.162%, 운전거리 2.5km, 범행연도 2021"
5860,qwen,few_shot_open_book,3,2,"음주 전과 2회, 혈중알코올농도 0.077%, 운전거리 0.2km, 범행연도 2021"
5922,qwen,few_shot_open_book,2,2,"음주 전과 2회, 혈중알코올농도 0.111%, 운전거리 0.015km, 범행연도 2020"
5305,qwen,few_shot_open_book,2,3,"음주 전과 4회, 음주측정거부, 범행연도 2020"
5443,qwen,few_shot_open_book,3,3,"음주 전과 2회, 음주측정거부, 범행연도 2019"
5727,qwen,few_shot_open_book,2,3,"음주 전과 2회, 음주측정거부, 범행연도 2021"
5716,qwen,few_shot_open_book,0,1,"혈중알코올농도 0.107%, 운전거리 5.0m, 범행연도 2013"
5758,qwen,few_shot_open_book,2,3,"음주 전과 3회, 혈중알코올농도 0.152%, 운전거리 3.0km, 범행연도 2020"
5795,qwen,few_shot_open_book,2,2,"음주 전과 1회, 혈중알코올농도 0.103%, 운전거리 1.0km, 범행연도 2021"
4500,qwen,few_shot_open_book,2,3,"음주 전과 1회, 혈중알코올농도 0.126%, 운전거리 1.5km, 범행연도 2021"
4501,qwen,few_shot_open_book,3,3,"음주 전과 2회, 혈중알코올농도 0.154%, 운전거리 2.2km, 범행연도 2021"
4502,qwen,few_shot_open_book,2,2,"음주 전과 2회, 혈중알코올농도 0.185%, 운전거리 0.1km, 범행연도 2019"
4503,qwen,few_shot_open_book,0,1,"음주 전과 0회, 혈중알코올농도 0.117%, 운전거리 0.5km, 범행연도 2021"
4504,qwen,few_shot_open_book,2,2,"음주 전과 1회, 혈중알코올농도 0.112%, 운전거리 25.0km, 범행연도 2021"
4505,qwen,few_shot_open_book,3,2,"음주 전과 1회, 혈중알코올농도 0.179%, 운전거리 2.0km, 범행연도 2020"
4506,qwen,few_shot_open_book,0,2,"음주 전과 1회, 혈중알코올농도 0.056%, 운전거리 13.0km, 범행연도 2020"
4507,qwen,few_shot_open_book,2,2,"음주 전과 0회, 혈중알코올농도 0.210%, 운전거리 2.0km, 범행연도 2020"
4508,qwen,few_shot_open_book,2,2,"음주 전과 1회, 혈중알코올농도 0.049%, 운전거리 10.0km, 범행연도 2021"
4509,qwen,few_shot_open_book,2,2,"음주 전과 1회, 혈중알코올농도 0.128%, 운전거리 0.01km, 범행연도 2020"
4512,qwen,few_shot_open_book,2,2,"음주 전과 4회, 혈중알코올농도 0.146%, 운전거리 3.0km, 범행연도 2020"
4513,qwen,few_shot_open_book,1,1,"음주 전과 0회, 혈중알코올농도 0.111%, 운전거리 0.2km, 범행연도 2019"
4514,qwen,few_shot_open_book,0,1,"혈중알코올농도 0.106%, 운전거리 10.0km, 범행연도 2021"
4515,qwen,few_shot_open_book,2,2,"음주 전과 1회, 혈중알코올농도 0.160%, 운전거리 3.0km, 범행연도 2020"
4516,qwen,few_shot_open_book,2,3,"혈중알코올농도 0.221%, 운전거리 0.7km, 범행연도 2021"
4517,qwen,few_shot_open_book,2,2,"음주 전과 2회, 혈중알코올농도 0.157%, 운전거리 1.5km, 범행연도 2021"
4518,qwen,few_shot_open_book,3,2,"음주 전과 1회, 혈중알코올농도 0.164%, 운전거리 0.05km, 범행연도 2021"
4519,qwen,few_shot_open_book,0,2,"음주 전과 2회, 혈중알코올농도 0.190%, 운전거리 0.05km, 범행연도 2020"
4520,qwen,few_shot_open_book,2,3,"음주 전과 1회, 혈중알코올농도 0.099%, 운전거리 0.03km, 범행연도 2020"
4521,qwen,few_shot_open_book,2,1,"음주 전과 0회, 혈중알코올농도 0.110%, 운전거리 7.0km, 범행연도 2021"
4522,qwen,few_shot_open_book,1,1,"음주 전과 0회, 혈중알코올농도 0.109%, 운전거리 1.0km, 범행연도 2019"
4523,qwen,few_shot_open_book,2,1,"혈중알코올농도 0.089%, 운전거리 0.163km, 범행연도 2021"
4524,qwen,few_shot_open_book,0,2,"음주 전과 1회, 혈중알코올농도 0.161%, 운전거리 0.55km, 범행연도 2020"
4526,qwen,few_shot_open_book,0,2,"음주 전과 1회, 혈중알코올농도 0.085%, 운전거리 0.1km, 범행연도 2020"
4527,qwen,few_shot_open_book,2,2,"음주 전과 2회, 혈중알코올농도 0.062%, 운전거리 0.4km, 범행연도 2021"
4528,qwen,few_shot_open_book,2,2,"음주 전과 1회, 혈중알코올농도 0.176%, 운전거리 0.25km, 범행연도 2021"
4529,qwen,few_shot_open_book,2,2,"음주 전과 1회, 혈중알코올농도 0.153%, 운전거리 1.0km, 범행연도 2020"
4530,qwen,few_shot_open_book,2,1,"음주 전과 0회, 혈중알코올농도 0.148%, 운전거리 0.35km, 범행연도 2021"
4532,qwen,few_shot_open_book,2,2,"음주 전과 2회, 혈중알코올농도 0.142%, 운전거리 19.0km, 범행연도 2020"
4533,qwen,few_shot_open_book,3,3,"음주 전과 2회, 혈중알코올농도 0.313%, 운전거리 5.0m, 범행연도 2020"
4534,qwen,few_shot_open_book,2,1,"음주 전과 0회, 혈중알코올농도 0.132%, 운전거리 0.3km, 범행연도 2021"
4535,qwen,few_shot_open_book,0,2,"음주 전과 1회, 혈중알코올농도 0.167%, 운전거리 0.05km, 범행연도 2020"
4536,qwen,few_shot_open_book,3,3,"음주 전과 1회, 혈중알코올농도 0.189%, 운전거리 10.0km, 범행연도 2019"
4537,qwen,few_shot_open_book,0,2,"음주 전과 1회, 혈중알코올농도 0.135%, 운전거리 3.7km, 범행연도 2020"
4538,qwen,few_shot_open_book,3,3,"음주 전과 3회, 혈중알코올농도 0.153%, 운전거리 5.0km, 범행연도 2020"
4539,qwen,few_shot_open_book,2,2,"음주 전과 2회, 혈중알코올농도 0.107%, 운전거리 300m, 범행연도 2020"
4540,qwen,few_shot_open_book,2,2,"음주 전과 1회, 혈중알코올농도 0.152%, 운전거리 0.5km, 범행연도 2021"
4541,qwen,few_shot_open_book,0,1,"음주 전과 0회, 혈중알코올농도 0.081%, 운전거리 3.0km, 범행연도 2021"
4542,qwen,few_shot_open_book,2,3,"음주 전과 1회, 혈중알코올농도 0.122%, 운전거리 0.15km, 범행연도 2020"
4543,qwen,few_shot_open_book,2,2,"음주 전과 2회, 혈중알코올농도 0.077%, 운전거리 20.0km, 범행연도 2021"
4544,qwen,few_shot_open_book,1,1,"음주 전과 0회, 혈중알코올농도 0.082%, 운전거리 0.04km, 범행연도 2021"
4545,qwen,few_shot_open_book,0,3,"음주 전과 1회, 혈중알코올농도 0.209%, 운전거리 3.0km, 범행연도 2021"
4546,qwen,few_shot_open_book,2,2,"음주 전과 1회, 혈중알코올농도 0.086%, 운전거리 0.5km, 범행연도 2020"
4547,qwen,few_shot_open_book,2,1,"혈중알코올농도 0.093%, 운전거리 0.1km, 범행연도 2021"
4548,qwen,few_shot_open_book,2,3,"음주 전과 2회, 혈중알코올농도 0.166%, 운전거리 2.5km, 범행연도 2021"
4550,qwen,few_shot_open_book,0,3,"혈중알코올농도 0.218%, 운전거리 10.0km, 범행연도 2021"
4552,qwen,few_shot_open_book,2,2,"음주 전과 2회, 혈중알코올농도 0.122%, 운전거리 0.8km, 범행연도 2021"
4553,qwen,few_shot_open_book,2,2,"음주 전과 1회, 혈중알코올농도 0.208%, 운전거리 1.3km, 범행연도 2021"
4554,qwen,few_shot_open_book,3,2,"음주 전과 2회, 혈중알코올농도 0.103%, 운전거리 4.0km, 범행연도 2020"
4555,qwen,few_shot_open_book,0,3,"음주 전과 1회, 혈중알코올농도 0.133%, 운전거리 0.05km, 범행연도 2020"
4556,qwen,few_shot_open_book,2,3,"음주 전과 2회, 혈중알코올농도 0.081%, 운전거리 13.0km, 범행연도 2020"
4557,qwen,few_shot_open_book,2,2,"음주 전과 3회, 혈중알코올농도 0.054%, 운전거리 0.7km, 범행연도 2021"
4558,qwen,few_shot_open_book,2,2,"음주 전과 1회, 혈중알코올농도 0.097%, 운전거리 1.8km, 범행연도 2020"
4559,qwen,few_shot_open_book,3,2,"음주 전과 1회, 혈중알코올농도 0.188%, 운전거리 0.1km, 범행연도 2019"
4560,qwen,few_shot_open_book,0,0,"음주 전과 0회, 혈중알코올농도 0.076%, 운전거리 0.02km, 범행연도 2016"
4561,qwen,few_shot_open_book,2,1,"음주 전과 3회, 혈중알코올농도 0.037%, 운전거리 1.0km, 범행연도 2019"
4562,qwen,few_shot_open_book,2,2,"음주 전과 1회, 혈중알코올농도 0.105%, 운전거리 8.0km, 범행연도 2020"
4563,qwen,few_shot_open_book,2,2,"음주 전과 1회, 혈중알코올농도 0.166%, 운전거리 4.0km, 범행연도 2021"
4564,qwen,few_shot_open_book,2,2,"음주 전과 2회, 혈중알코올농도 0.077%, 운전거리 0.1km, 범행연도 2019"
4565,qwen,few_shot_open_book,2,2,"음주 전과 3회, 혈중알코올농도 0.119%, 운전거리 1.0km, 범행연도 2021"
4566,qwen,few_shot_open_book,0,2,"음주 전과 1회, 혈중알코올농도 0.195%, 운전거리 2.0km, 범행연도 2021"
4567,qwen,few_shot_open_book,2,2,"음주 전과 2회, 혈중알코올농도 0.042%, 운전거리 0.05km, 범행연도 2021"
4568,qwen,few_shot_open_book,2,2,"혈중알코올농도 0.235%, 운전거리 0.2km, 범행연도 2021"
4569,qwen,few_shot_open_book,2,3,"음주 전과 2회, 혈중알코올농도 0.085%, 운전거리 0.1km, 범행연도 2020"
4570,qwen,few_shot_open_book,2,1,"음주 전과 1회, 혈중알코올농도 0.047%, 운전거리 2.5km, 범행연도 2021"
4571,qwen,few_shot_open_book,2,3,"음주 전과 4회, 혈중알코올농도 0.104%, 운전거리 20.0km, 범행연도 2020"
4572,qwen,few_shot_open_book,2,3,"음주 전과 1회, 혈중알코올농도 0.140%, 운전거리 6.0km, 범행연도 2020"
4574,qwen,few_shot_open_book,1,1,"음주 전과 0회, 혈중알코올농도 0.103%, 운전거리 0.05km, 범행연도 2021"
4577,qwen,few_shot_open_book,2,1,"음주 전과 0회, 혈중알코올농도 0.116%, 운전거리 0.6km, 범행연도 2020"
4578,qwen,few_shot_open_book,0,3,"음주 전과 1회, 혈중알코올농도 0.141%, 운전거리 1.5m, 범행연도 2021"
4580,qwen,few_shot_open_book,2,1,"혈중알코올농도 0.119%, 운전거리 3.0km, 범행연도 2021"
4581,qwen,few_shot_open_book,2,2,"음주 전과 2회, 혈중알코올농도 0.040%, 운전거리 0.3km, 범행연도 2021"
4582,qwen,few_shot_open_book,2,1,"음주 전과 0회, 혈중알코올농도 0.092%, 운전거리 0.5km, 범행연도 2021"
4583,qwen,few_shot_open_book,2,2,"음주 전과 1회, 혈중알코올농도 0.063%, 운전거리 3.0km, 범행연도 2019"
4584,qwen,few_shot_open_book,2,2,"음주 전과 1회, 혈중알코올농도 0.130%, 운전거리 3.0km, 범행연도 2020"
4585,qwen,few_shot_open_book,2,3,"음주 전과 1회, 혈중알코올농도 0.138%, 운전거리 10.0km, 범행연도 2021"
4586,qwen,few_shot_open_book,2,3,"음주 전과 1회, 혈중알코올농도 0.143%, 운전거리 4.1km, 범행연도 2019"
4587,qwen,few_shot_open_book,2,2,"음주 전과 1회, 혈중알코올농도 0.179%, 운전거리 4.0km, 범행연도 2020"
4588,qwen,few_shot_open_book,2,2,"음주 전과 1회, 혈중알코올농도 0.142%, 운전거리 3.0km, 범행연도 2019"
4589,qwen,few_shot_open_book,0,2,"음주 전과 0회, 혈중알코올농도 0.134%, 운전거리 4.0km, 범행연도 2017"
4590,qwen,few_shot_open_book,2,3,"혈중알코올농도 0.306%, 운전거리 1.0km, 범행연도 2021"
4591,qwen,few_shot_open_book,2,2,"음주 전과 2회, 혈중알코올농도 0.080%, 운전거리 0.2km, 범행연도 2021"
4592,qwen,few_shot_open_book,2,2,"음주 전과 1회, 혈중알코올농도 0.054%, 운전거리 5.0m, 범행연도 2020"
4593,qwen,few_shot_open_book,2,2,"음주 전과 1회, 혈중알코올농도 0.039%, 운전거리 2.0km, 범행연도 2021"
4594,qwen,few_shot_open_book,2,2,"혈중알코올농도 0.180%, 운전거리 3.0km, 범행연도 2021"
4595,qwen,few_shot_open_book,2,2,"음주 전과 2회, 혈중알코올농도 0.195%, 운전거리 4.0km, 범행연도 2020"
4596,qwen,few_shot_open_book,1,2,"음주 전과 2회, 혈중알코올농도 0.153%, 운전거리 0.04km, 범행연도 2017"
4597,qwen,few_shot_open_book,2,2,"음주 전과 1회, 혈중알코올농도 0.134%, 운전거리 3.0km, 범행연도 2019"
4598,qwen,few_shot_open_book,2,1,"음주 전과 0회, 혈중알코올농도 0.192%, 운전거리 1.0km, 범행연도 2020"
4599,qwen,few_shot_open_book,2,2,"음주 전과 1회, 혈중알코올농도 0.041%, 운전거리 1.0km, 범행연도 2020"
4600,qwen,few_shot_open_book,2,2,"음주 전과 1회, 혈중알코올농도 0.062%, 운전거리 0.3km, 범행연도 2019"
4602,qwen,few_shot_open_book,2,2,"음주 전과 3회, 혈중알코올농도 0.114%, 운전거리 3.0km, 범행연도 2019"
4603,qwen,few_shot_open_book,2,3,"음주 전과 1회, 혈중알코올농도 0.153%, 운전거리 1.0km, 범행연도 2021"
4604,qwen,few_shot_open_book,2,2,"음주 전과 1회, 혈중알코올농도 0.083%, 운전거리 5.0m, 범행연도 2021"
4605,qwen,few_shot_open_book,0,1,"혈중알코올농도 0.080%, 운전거리 0.1km, 범행연도 2019"
4606,qwen,few_shot_open_book,3,3,"혈중알코올농도 0.228%, 음주 전과 0회, 운전거리 3.0km, 범행연도 2021"
4608,qwen,few_shot_open_book,2,1,"혈중알코올농도 0.174%, 운전거리 0.5km, 범행연도 2021"
4609,qwen,few_shot_open_book,2,3,"혈중알코올농도 0.209%, 운전거리 1.0km, 범행연도 2021"
4610,qwen,few_shot_open_book,2,3,"음주 전과 2회, 혈중알코올농도 0.105%, 운전거리 3.0m, 범행연도 2019"
4611,qwen,few_shot_open_book,2,2,"음주 전과 2회, 혈중알코올농도 0.196%, 운전거리 10.0m, 범행연도 2019"
4612,qwen,few_shot_open_book,3,2,"음주 전과 3회, 혈중알코올농도 0.190%, 운전거리 2.0km, 범행연도 2020"
4613,qwen,few_shot_open_book,0,1,"혈중알코올농도 0.116%, 운전거리 0.03km, 범행연도 2021"
4614,qwen,few_shot_open_book,2,2,"음주 전과 0회, 혈중알코올농도 0.145%, 운전거리 8.0km, 범행연도 2021"
4615,qwen,few_shot_open_book,3,3,"음주 전과 2회, 혈중알코올농도 0.153%, 운전거리 4.0km, 범행연도 2021"
4616,qwen,few_shot_open_book,3,1,"혈중알코올농도 0.149%, 운전거리 0.044km, 범행연도 2021, 음주 전과 0회"
4617,qwen,few_shot_open_book,2,2,"혈중알코올농도 0.214%, 운전거리 0.2km, 범행연도 2021"
4618,qwen,few_shot_open_book,3,3,"음주 전과 1회, 혈중알코올농도 0.112%, 운전거리 0.1km, 범행연도 2021"
4619,qwen,few_shot_open_book,2,2,"음주 전과 1회, 혈중알코올농도 0.199%, 운전거리 6.0km, 범행연도 2021"
4620,qwen,few_shot_open_book,2,2,"음주 전과 1회, 혈중알코올농도 0.128%, 운전거리 0.1km, 범행연도 2021"
4621,qwen,few_shot_open_book,2,2,"음주 전과 1회, 혈중알코올농도 0.124%, 운전거리 5.0km, 범행연도 2021"
4622,qwen,few_shot_open_book,2,2,"음주 전과 1회, 혈중알코올농도 0.094%, 운전거리 5.0km, 범행연도 2021"
4623,qwen,few_shot_open_book,2,1,"음주 전과 0회, 혈중알코올농도 0.117%, 운전거리 2.0km, 범행연도 2021"
4624,qwen,few_shot_open_book,2,1,"혈중알코올농도 0.197%, 운전거리 0.7km, 범행연도 2021"
4625,qwen,few_shot_open_book,2,2,"음주 전과 1회, 혈중알코올농도 0.075%, 운전거리 0.5km, 범행연도 2021"
4626,qwen,few_shot_open_book,0,2,"음주 전과 2회, 혈중알코올농도 0.186%, 운전거리 0.04km, 범행연도 2020"
4627,qwen,few_shot_open_book,2,3,"음주 전과 3회, 혈중알코올농도 0.167%, 운전거리 10.0km, 범행연도 2020"
4628,qwen,few_shot_open_book,2,2,"음주 전과 3회, 혈중알코올농도 0.144%, 운전거리 1.0km, 범행연도 2021"
4629,qwen,few_shot_open_book,0,2,"음주 전과 1회, 혈중알코올농도 0.103%, 운전거리 1.3km, 범행연도 2021"
4630,qwen,few_shot_open_book,2,3,"음주 전과 3회, 혈중알코올농도 0.276%, 운전거리 5.0m, 범행연도 2020"
4631,qwen,few_shot_open_book,2,1,"음주 전과 1회, 혈중알코올농도 0.056%, 운전거리 0.1km, 범행연도 2021"
4632,qwen,few_shot_open_book,2,3,"음주 전과 2회, 혈중알코올농도 0.180%, 운전거리 40.0km, 범행연도 2020"
4633,qwen,few_shot_open_book,2,2,"음주 전과 1회, 혈중알코올농도 0.097%, 운전거리 1.0km, 범행연도 2021"
4636,qwen,few_shot_open_book,3,3,"음주 전과 3회 이상, 혈중알코올농도 0.099%, 운전거리 0.05km, 범행연도 2019"
4637,qwen,few_shot_open_book,2,3,"음주 전과 1회, 혈중알코올농도 0.209%, 운전거리 0.28km, 범행연도 2020"
4638,qwen,few_shot_open_book,2,3,"음주 전과 2회, 혈중알코올농도 0.122%, 범행연도 2021"
4639,qwen,few_shot_open_book,2,3,"음주 전과 1회, 혈중알코올농도 0.157%, 운전거리 0.1km, 범행연도 2021"
4640,qwen,few_shot_open_book,3,2,"음주 전과 3회, 혈중알코올농도 0.190%, 운전거리 0.8km, 범행연도 2019"
4641,qwen,few_shot_open_book,2,2,"음주 전과 1회, 혈중알코올농도 0.187%, 운전거리 17.0km, 범행연도 2021"
4642,qwen,few_shot_open_book,2,2,"음주 전과 1회, 혈중알코올농도 0.156%, 운전거리 7-8km, 범행연도 2019"
4643,qwen,few_shot_open_book,2,2,"음주 전과 1회, 혈중알코올농도 0.077%, 운전거리 0.5km, 범행연도 2021"
4644,qwen,few_shot_open_book,2,3,"음주 전과 2회, 혈중알코올농도 0.151%, 운전거리 2.0km, 범행연도 2021"
4645,qwen,few_shot_open_book,2,2,"음주 전과 1회, 혈중알코올농도 0.120%, 운전거리 4.0km, 범행연도 2021"
4646,qwen,few_shot_open_book,0,1,"음주 전과 0회, 혈중알코올농도 0.103%, 운전거리 10.0km, 범행연도 2020"
4647,qwen,few_shot_open_book,2,3,"음주 전과 1회, 혈중알코올농도 0.095%, 운전거리 15.0km, 범행연도 2020"
4648,qwen,few_shot_open_book,2,1,"음주 전과 0회, 혈중알코올농도 0.127%, 운전거리 0.5km, 범행연도 2021"
4649,qwen,few_shot_open_book,2,2,"음주 전과 3회, 혈중알코올농도 0.072%, 운전거리 0.3km, 범행연도 2019"
4650,qwen,few_shot_open_book,2,2,"음주 전과 2회, 혈중알코올농도 0.086%, 운전거리 2.0km, 범행연도 2020"
4651,qwen,few_shot_open_book,2,3,"음주 전과 1회, 혈중알코올농도 0.104%, 운전거리 10.0km, 범행연도 2021"
4652,qwen,few_shot_open_book,2,1,"혈중알코올농도 0.155%, 운전거리 0.3km, 범행연도 2021"
4653,qwen,few_shot_open_book,2,2,"음주 전과 1회, 혈중알코올농도 0.105%, 운전거리 7.0m, 범행연도 2019"
4655,qwen,few_shot_open_book,2,2,"음주 전과 0회, 혈중알코올농도 0.236%, 운전거리 0.3km, 범행연도 2020"
4656,qwen,few_shot_open_book,2,2,"음주 전과 1회, 혈중알코올농도 0.103%, 운전거리 0.5km, 범행연도 2021"
4657,qwen,few_shot_open_book,3,2,"음주 전과 1회, 혈중알코올농도 0.181%, 운전거리 1.0km, 범행연도 2020"
4659,qwen,few_shot_open_book,3,2,"음주 전과 1회, 혈중알코올농도 0.120%, 운전거리 0.3km, 범행연도 2019"
4660,qwen,few_shot_open_book,2,2,"음주 전과 1회, 혈중알코올농도 0.078%, 운전거리 2.0km, 범행연도 2021"
4661,qwen,few_shot_open_book,1,2,"음주 전과 0회, 혈중알코올농도 0.122%, 운전거리 0.8km, 범행연도 2019"
4662,qwen,few_shot_open_book,3,2,"음주 전과 1회, 혈중알코올농도 0.129%, 운전거리 5.0km, 범행연도 2021"
4663,qwen,few_shot_open_book,3,3,"음주 전과 3회, 혈중알코올농도 0.208%, 운전거리 2.0km, 범행연도 2021"
4665,qwen,few_shot_open_book,2,1,"음주 전과 1회, 혈중알코올농도 0.039%, 운전거리 2.0km, 범행연도 2021"
4666,qwen,few_shot_open_book,2,2,"음주 전과 1회, 혈중알코올농도 0.205%, 운전거리 0.1km, 범행연도 2020"
4667,qwen,few_shot_open_book,1,1,"음주 전과 0회, 혈중알코올농도 0.092%, 운전거리 0.02km, 범행연도 2019"
4668,qwen,few_shot_open_book,2,2,"음주 전과 1회, 혈중알코올농도 0.097%, 운전거리 5.0m, 범행연도 2019"
4669,qwen,few_shot_open_book,3,2,"음주 전과 1회, 혈중알코올농도 0.244%, 운전거리 0.03km, 범행연도 2020"
4670,qwen,few_shot_open_book,2,2,"음주 전과 1회, 혈중알코올농도 0.105%, 운전거리 10.0km, 범행연도 2020"
4671,qwen,few_shot_open_book,3,2,"음주 전과 2회, 혈중알코올농도 0.158%, 운전거리 0.2km, 범행연도 2021"
4672,qwen,few_shot_open_book,1,1,"음주 전과 0회, 혈중알코올농도 0.038%, 운전거리 1.8km, 범행연도 2021"
4673,qwen,few_shot_open_book,3,1,"음주 전과 2회, 혈중알코올농도 0.049%, 운전거리 0.5km, 범행연도 2021"
4675,qwen,few_shot_open_book,2,3,"음주 전과 1회, 혈중알코올농도 0.248%, 운전거리 1.0km, 범행연도 2020, 반복범죄"
4676,qwen,few_shot_open_book,2,2,"혈중알코올농도 0.150%, 운전거리 4.0km, 범행연도 2021"
4677,qwen,few_shot_open_book,0,1,"음주 전과 1회, 혈중알코올농도 0.055%, 운전거리 1.0km, 범행연도 2020"
4679,qwen,few_shot_open_book,2,2,"음주 전과 1회, 혈중알코올농도 0.08%, 운전거리 10.0km, 범행연도 2021"
4681,qwen,few_shot_open_book,2,3,"음주 전과 1회, 혈중알코올농도 0.208%, 운전거리 0.02km, 범행연도 2021"
4683,qwen,few_shot_open_book,2,2,"음주 전과 1회, 혈중알코올농도 0.093%, 운전거리 3.8km, 범행연도 2021"
4684,qwen,few_shot_open_book,2,2,"혈중알코올농도 0.283%, 운전거리 1.0km, 범행연도 2021, 음주 전과 0회"
4685,qwen,few_shot_open_book,2,2,"음주 전과 3회, 혈중알코올농도 0.034%, 운전거리 12.0km, 범행연도 2019"
4687,qwen,few_shot_open_book,2,3,"음주 전과 2회, 혈중알코올농도 0.095%, 운전거리 4.5km, 범행연도 2019"
4688,qwen,few_shot_open_book,2,2,"음주 전과 1회, 혈중알코올농도 0.073%, 운전거리 0.05km, 범행연도 2021"
4689,qwen,few_shot_open_book,2,2,"음주 전과 1회, 혈중알코올농도 0.101%, 운전거리 0.191km, 범행연도 2020"
4690,qwen,few_shot_open_book,2,2,"음주 전과 1회, 혈중알코올농도 0.079%, 운전거리 2.0km, 범행연도 2021"
4693,qwen,few_shot_open_book,0,3,"음주 전과 2회, 혈중알코올농도 0.076%, 운전거리 10.0km, 범행연도 2020"
4694,qwen,few_shot_open_book,2,3,"혈중알코올농도 0.168%, 운전거리 5.0km, 범행연도 2021"
4695,qwen,few_shot_open_book,2,2,"음주 전과 1회, 혈중알코올농도 0.213%, 운전거리 5.0km, 범행연도 2020"
4696,qwen,few_shot_open_book,0,2,"음주 전과 1회, 혈중알코올농도 0.195%, 운전거리 0.6km, 범행연도 2020"
4697,qwen,few_shot_open_book,2,3,"음주 전과 2회, 혈중알코올농도 0.239%, 운전거리 0.03km, 범행연도 2021"
4698,qwen,few_shot_open_book,2,3,"음주 전과 1회, 혈중알코올농도 0.251%, 운전거리 0.05km, 범행연도 2020"
4699,qwen,few_shot_open_book,2,2,"음주 전과 2회, 혈중알코올농도 0.158%, 운전거리 17.0km, 범행연도 2020"
4701,qwen,few_shot_open_book,0,0,"음주 전과 0회, 혈중알코올농도 0.043%, 운전거리 0.3km, 범행연도 2019"
4702,qwen,few_shot_open_book,2,2,"음주 전과 1회, 혈중알코올농도 0.132%, 운전거리 1.0km, 범행연도 2021"
4703,qwen,few_shot_open_book,2,3,"음주 전과 1회, 혈중알코올농도 0.156%, 범행연도 2020"
4704,qwen,few_shot_open_book,3,1,"음주 전과 1회, 혈중알코올농도 0.083%, 운전거리 0.02km, 범행연도 2019"
4705,qwen,few_shot_open_book,2,2,"음주 전과 1회, 혈중알코올농도 0.067%, 운전거리 4.0km, 범행연도 2020"
4706,qwen,few_shot_open_book,3,2,"음주 전과 3회, 혈중알코올농도 0.079%, 운전거리 0.015km, 범행연도 2020"
4707,qwen,few_shot_open_book,0,2,"음주 전과 1회(음주측정거부), 혈중알코올농도 0.131%, 운전거리 3.0km, 범행연도 2019"
4708,qwen,few_shot_open_book,2,2,"음주 전과 1회, 혈중알코올농도 0.198%, 운전거리 0.3km, 범행연도 2020"
4709,qwen,few_shot_open_book,2,2,"음주 전과 2회, 혈중알코올농도 0.062%, 운전거리 1.5km, 범행연도 2019"
4710,qwen,few_shot_open_book,0,2,"음주 전과 1회, 혈중알코올농도 0.073%, 운전거리 2.0km, 범행연도 2020"
4711,qwen,few_shot_open_book,2,2,"음주 전과 1회, 혈중알코올농도 0.097%, 운전거리 2.0m, 범행연도 2021"
4713,qwen,few_shot_open_book,2,2,"음주 전과 2회, 혈중알코올농도 0.148%, 운전거리 6.0km, 범행연도 2021"
4714,qwen,few_shot_open_book,2,2,"음주 전과 1회, 혈중알코올농도 0.185%, 운전거리 0.5km, 범행연도 2021"
4715,qwen,few_shot_open_book,0,2,"음주 전과 1회, 혈중알코올농도 0.203%, 운전거리 0.1km, 범행연도 2020"
4716,qwen,few_shot_open_book,2,2,"음주 전과 1회, 혈중알코올농도 0.058%, 운전거리 11.0km, 범행연도 2021"
4717,qwen,few_shot_open_book,2,2,"음주 전과 2회, 혈중알코올농도 0.047%, 운전거리 1.0km, 범행연도 2021"
4718,qwen,few_shot_open_book,2,2,"음주 전과 2회, 혈중알코올농도 0.107%, 운전거리 1.0km, 범행연도 2021"
4720,qwen,few_shot_open_book,2,2,"음주 전과 1회, 혈중알코올농도 0.189%, 운전거리 0.8km, 범행연도 2020"
4721,qwen,few_shot_open_book,1,1,"혈중알코올농도 0.063%, 운전거리 7.0km, 범행연도 2021"
4722,qwen,few_shot_open_book,0,2,"음주 전과 1회, 혈중알코올농도 0.131%, 운전거리 7.0km, 범행연도 2020"
4724,qwen,few_shot_open_book,0,3,"음주 전과 1회, 혈중알코올농도 0.192%, 운전거리 2.4km, 범행연도 2020"
4725,qwen,few_shot_open_book,2,2,"음주 전과 0회, 혈중알코올농도 0.158%, 운전거리 2.0km, 범행연도 2021"
4726,qwen,few_shot_open_book,2,2,"음주 전과 1회, 혈중알코올농도 0.075%, 운전거리 1.0km, 범행연도 2019"
4727,qwen,few_shot_open_book,2,2,"음주 전과 2회, 혈중알코올농도 0.108%, 운전거리 1.0km, 범행연도 2019"
4728,qwen,few_shot_open_book,1,3,"음주 전과 2회, 혈중알코올농도 0.264%, 운전거리 0.35km, 범행연도 2019"
4729,qwen,few_shot_open_book,2,1,"음주 전과 0회(5년 내 전력 없음), 혈중알코올농도 0.195%, 운전거리 1.0km, 범행연도 2021"
4730,qwen,few_shot_open_book,3,3,"음주 전과 1회, 혈중알코올농도 0.211%, 운전거리 11.0km, 범행연도 2021"
4731,qwen,few_shot_open_book,3,3,"음주 전과 2회, 혈중알코올농도 0.116%, 운전거리 8.0km, 범행연도 2021"
4732,qwen,few_shot_open_book,2,1,"음주 전과 0회, 혈중알코올농도 0.104%, 운전거리 1.0km, 범행연도 2021"
4733,qwen,few_shot_open_book,2,2,"음주 전과 2회, 혈중알코올농도 0.179%, 운전거리 2.0km, 범행연도 2021"
4734,qwen,few_shot_open_book,2,1,"혈중알코올농도 0.138%, 운전거리 2.0km, 범행연도 2021"
4735,qwen,few_shot_open_book,2,2,"음주 전과 1회, 혈중알코올농도 0.125%, 운전거리 1.0km, 범행연도 2020"
4736,qwen,few_shot_open_book,2,2,"혈중알코올농도 0.219%, 운전거리 1.0km, 범행연도 2021"
4737,qwen,few_shot_open_book,1,1,"음주 전과 0회, 혈중알코올농도 0.108%, 운전거리 1.0km, 범행연도 2020"
4738,qwen,few_shot_open_book,1,1,"혈중알코올농도 0.146%, 운전거리 2.0km, 범행연도 2021"
4739,qwen,few_shot_open_book,2,3,"음주 전과 4회, 혈중알코올농도 0.109%, 운전거리 7.0km, 범행연도 2020"
4740,qwen,few_shot_open_book,0,3,"음주 전과 1회, 혈중알코올농도 0.122%, 운전거리 3.0km, 범행연도 2019"
4741,qwen,few_shot_open_book,2,2,"음주 전과 1회, 혈중알코올농도 0.132%, 운전거리 0.5km, 범행연도 2020"
4742,qwen,few_shot_open_book,2,0,"음주 전과 1회, 혈중알코올농도 0.044%, 운전거리 0.2km, 범행연도 2019"
4743,qwen,few_shot_open_book,2,3,"음주 전과 1회, 혈중알코올농도 0.098%, 운전거리 5.0m, 범행연도 2021"
4745,qwen,few_shot_open_book,2,3,"음주 전과 2회, 혈중알코올농도 0.124%, 운전거리 30.0km, 범행연도 2021"
4746,qwen,few_shot_open_book,0,3,"음주 전과 1회, 혈중알코올농도 0.218%, 운전거리 1.0km, 범행연도 2021"
4747,qwen,few_shot_open_book,2,2,"음주 전과 1회, 혈중알코올농도 0.109%, 운전거리 0.3km, 범행연도 2021"
4748,qwen,few_shot_open_book,3,2,"음주 전과 2회, 혈중알코올농도 0.108%, 운전거리 0.5km, 범행연도 2020"
4749,qwen,few_shot_open_book,1,1,"음주 전과 0회, 혈중알코올농도 0.178%, 운전거리 15.0km, 범행연도 2021"
4750,qwen,few_shot_open_book,0,2,"음주 전과 1회, 혈중알코올농도 0.042%, 운전거리 2.0km, 범행연도 2020"
4751,qwen,few_shot_open_book,2,2,"음주 전과 2회, 혈중알코올농도 0.079%, 운전거리 0.5km, 범행연도 2020"
4753,qwen,few_shot_open_book,2,1,"음주 전과 1회, 혈중알코올농도 0.048%, 운전거리 1.5km, 범행연도 2021"
4754,qwen,few_shot_open_book,3,2,"음주 전과 2회, 혈중알코올농도 0.078%, 운전거리 0.03km, 범행연도 2020"
4755,qwen,few_shot_open_book,2,1,"혈중알코올농도 0.164%, 운전거리 0.1km, 범행연도 2021"
4756,qwen,few_shot_open_book,3,2,"음주 전과 2회, 혈중알코올농도 0.214%, 운전거리 2.0km, 범행연도 2021"
4757,qwen,few_shot_open_book,2,2,"음주 전과 0회, 혈중알코올농도 0.132%, 운전거리 0.14km, 범행연도 2020"
4758,qwen,few_shot_open_book,0,2,"음주 전과 1회, 혈중알코올농도 0.155%, 운전거리 6.0km, 범행연도 2020"
4759,qwen,few_shot_open_book,0,2,"음주 전과 2회, 혈중알코올농도 0.150%, 운전거리 0.3km, 범행연도 2021"
4760,qwen,few_shot_open_book,2,2,"음주 전과 1회, 혈중알코올농도 0.115%, 운전거리 1.0m, 범행연도 2021"
4761,qwen,few_shot_open_book,1,3,"음주 전과 2회, 혈중알코올농도 0.123%, 운전거리 2.0km, 범행연도 2019"
4762,qwen,few_shot_open_book,2,2,"음주 전과 3회, 혈중알코올농도 0.046%, 운전거리 5.0km, 범행연도 2021"
4763,qwen,few_shot_open_book,2,3,"음주 전과 1회, 혈중알코올농도 0.118%, 운전거리 3.0km, 범행연도 2021"
4764,qwen,few_shot_open_book,0,1,"음주 전과 0회, 혈중알코올농도 0.054%, 운전거리 0.023km, 범행연도 2019"
4765,qwen,few_shot_open_book,2,2,"음주 전과 2회, 혈중알코올농도 0.096%, 운전거리 0.5km, 범행연도 2020"
4766,qwen,few_shot_open_book,2,2,"음주 전과 1회, 혈중알코올농도 0.119%, 운전거리 0.5km, 범행연도 2020"
4767,qwen,few_shot_open_book,2,2,"음주 전과 2회, 혈중알코올농도 0.153%, 운전거리 0.08km, 범행연도 2021"
4768,qwen,few_shot_open_book,1,2,"혈중알코올농도 0.095%, 운전거리 0.7km, 범행연도 2021"
4769,qwen,few_shot_open_book,2,2,"음주 전과 1회, 혈중알코올농도 0.104%, 운전거리 50.0m, 범행연도 2021"
4770,qwen,few_shot_open_book,2,2,"음주 전과 1회, 혈중알코올농도 0.089%, 운전거리 0.6km, 범행연도 2020"
4771,qwen,few_shot_open_book,0,2,"음주 전과 1회, 혈중알코올농도 0.117%, 운전거리 12.0km, 범행연도 2021"
4772,qwen,few_shot_open_book,2,2,"음주 전과 2회, 혈중알코올농도 0.068%, 운전거리 0.642km, 범행연도 2021"
4773,qwen,few_shot_open_book,2,2,"음주 전과 2회, 혈중알코올농도 0.077%, 운전거리 0.05km, 범행연도 2019"
4774,qwen,few_shot_open_book,3,3,"음주 전과 1회, 혈중알코올농도 0.199%, 운전거리 1.6km, 범행연도 2021"
4775,qwen,few_shot_open_book,2,1,"혈중알코올농도 0.097%, 운전거리 0.1km, 범행연도 2019"
4776,qwen,few_shot_open_book,0,2,"음주 전과 0회, 혈중알코올농도 0.091%, 운전거리 0.5km, 범행연도 2020"
4778,qwen,few_shot_open_book,0,1,"음주 전과 0회, 혈중알코올농도 0.063%, 운전거리 1.0km, 범행연도 2020"
4779,qwen,few_shot_open_book,2,3,"음주 전과 1회, 혈중알코올농도 0.186%, 운전거리 0.05km, 범행연도 2021"
4780,qwen,few_shot_open_book,2,2,"음주 전과 0회, 혈중알코올농도 0.139%, 운전거리 2.0km, 범행연도 2021"
4782,qwen,few_shot_open_book,2,2,"음주 전과 1회, 혈중알코올농도 0.114%, 운전거리 0.5km, 범행연도 2020"
4783,qwen,few_shot_open_book,2,1,"음주 전과 0회, 혈중알코올농도 0.092%, 운전거리 0.7km, 범행연도 2021"
4784,qwen,few_shot_open_book,0,2,"음주 전과 2회, 혈중알코올농도 0.156%, 운전거리 1.0km, 범행연도 2020"
4785,qwen,few_shot_open_book,2,1,"음주 전과 0회, 혈중알코올농도 0.160%, 운전거리 1.0km, 범행연도 2021"
4786,qwen,few_shot_open_book,2,3,"혈중알코올농도 0.241%, 운전거리 35.5km, 범행연도 2021"
4787,qwen,few_shot_open_book,0,1,"음주 전과 2회, 혈중알코올농도 0.081%, 운전거리 1.0km, 범행연도 2020"
4788,qwen,few_shot_open_book,2,2,"음주 전과 0회, 혈중알코올농도 0.116%, 운전거리 0.1km, 범행연도 2021"
4789,qwen,few_shot_open_book,2,2,"음주 전과 2회, 혈중알코올농도 0.177%, 운전거리 0.3km, 범행연도 2019"
4790,qwen,few_shot_open_book,2,3,"혈중알코올농도 0.215%, 음주 전과 0회, 운전거리 7.0km, 범행연도 2020"
4791,qwen,few_shot_open_book,1,1,"혈중알코올농도 0.131%, 운전거리 0.5km, 범행연도 2021, 음주 전과 0회"
4792,qwen,few_shot_open_book,3,2,"음주 전과 1회, 혈중알코올농도 0.289%, 운전거리 0.15km, 범행연도 2020"
4793,qwen,few_shot_open_book,0,2,"음주 전과 0회, 혈중알코올농도 0.095%, 운전거리 0.2km, 범행연도 2020"
4794,qwen,few_shot_open_book,2,2,"음주 전과 1회, 혈중알코올농도 0.221%, 운전거리 0.05km, 범행연도 2019"
4795,qwen,few_shot_open_book,2,1,"음주 전과 1회, 혈중알코올농도 0.049%, 운전거리 4.0km, 범행연도 2020"
4796,qwen,few_shot_open_book,2,3,"음주 전과 2회, 혈중알코올농도 0.091%, 운전거리 3.0km, 범행연도 2021"
4797,qwen,few_shot_open_book,2,2,"음주 전과 2회, 혈중알코올농도 0.098%, 운전거리 0.7km, 범행연도 2021"
4798,qwen,few_shot_open_book,2,1,"음주 전과 0회, 혈중알코올농도 0.125%, 운전거리 0.5km, 범행연도 2019"
4799,qwen,few_shot_open_book,2,2,"음주 전과 1회, 혈중알코올농도 0.075%, 운전거리 0.5km, 범행연도 2021"
4800,qwen,few_shot_open_book,2,3,"음주 전과 1회, 혈중알코올농도 0.147%, 운전거리 1.0km, 범행연도 2020"
4801,qwen,few_shot_open_book,0,1,"음주 전과 1회, 혈중알코올농도 0.043%, 운전거리 15.0km, 범행연도 2021"
4802,qwen,few_shot_open_book,0,2,"음주 전과 0회, 혈중알코올농도 0.191%, 운전거리 9.0km, 범행연도 2020"
4803,qwen,few_shot_open_book,2,2,"음주 전과 2회, 혈중알코올농도 0.150%, 운전거리 0.82km, 범행연도 2020"
4804,qwen,few_shot_open_book,2,2,"혈중알코올농도 0.131%, 운전거리 5.0km, 범행연도 2021"
4805,qwen,few_shot_open_book,2,3,"음주 전과 2회, 혈중알코올농도 0.129%, 운전거리 0.191km, 범행연도 2021"
4807,qwen,few_shot_open_book,2,2,"혈중알코올농도 0.192%, 운전거리 13.0km, 범행연도 2021"
4808,qwen,few_shot_open_book,2,2,"음주 전과 1회, 혈중알코올농도 0.082%, 운전거리 40.0m, 범행연도 2019"
4809,qwen,few_shot_open_book,2,3,"혈중알코올농도 0.235%, 운전거리 6.0km, 범행연도 2021"
4810,qwen,few_shot_open_book,0,3,"음주 전과 1회, 혈중알코올농도 0.150%, 운전거리 16.0km, 범행연도 2020"
4811,qwen,few_shot_open_book,2,2,"음주 전과 1회, 혈중알코올농도 0.137%, 운전거리 2.0km, 범행연도 2020"
4812,qwen,few_shot_open_book,0,2,"음주 전과 0회, 혈중알코올농도 0.099%, 운전거리 0.5km, 범행연도 2019"
4813,qwen,few_shot_open_book,1,2,"혈중알코올농도 0.161%, 운전거리 20.0km, 범행연도 2019"
4814,qwen,few_shot_open_book,0,1,"음주 전과 1회, 혈중알코올농도 0.048%, 운전거리 1.0km, 범행연도 2020"
4815,qwen,few_shot_open_book,2,2,"음주 전과 2회, 혈중알코올농도 0.167%, 운전거리 0.08km, 범행연도 2021"
4816,qwen,few_shot_open_book,0,1,"혈중알코올농도 0.121%, 운전거리 10.0m, 범행연도 2007"
4817,qwen,few_shot_open_book,0,1,"음주 전과 0회, 혈중알코올농도 0.125%, 운전거리 0.05km, 범행연도 2021"
4819,qwen,few_shot_open_book,2,2,"음주 전과 1회, 혈중알코올농도 0.110%, 운전거리 7.0km, 범행연도 2020"
4820,qwen,few_shot_open_book,3,3,"음주 전과 1회, 혈중알코올농도 0.163%, 운전거리 1.0km, 범행연도 2020"
4821,qwen,few_shot_open_book,2,3,"음주 전과 1회, 혈중알코올농도 0.160%, 운전거리 0.3km, 범행연도 2019"
4822,qwen,few_shot_open_book,2,2,"음주 전과 2회, 혈중알코올농도 0.088%, 운전거리 4.0km, 범행연도 2020"
4823,qwen,few_shot_open_book,1,3,"음주 전과 1회, 혈중알코올농도 0.158%, 운전거리 5.0km, 범행연도 2019"
4824,qwen,few_shot_open_book,2,3,"음주 전과 1회, 혈중알코올농도 0.098%, 운전거리 3.0km, 범행연도 2021"
4825,qwen,few_shot_open_book,2,1,"혈중알코올농도 0.17%, 운전거리 1.5km, 범행연도 2021"
4826,qwen,few_shot_open_book,2,2,"음주 전과 1회, 혈중알코올농도 0.116%, 운전거리 20.0km, 범행연도 2021"
4827,qwen,few_shot_open_book,0,2,"음주 전과 2회, 혈중알코올농도 0.045%, 운전거리 4.0km, 범행연도 2021"
4828,qwen,few_shot_open_book,2,2,"음주 전과 1회, 혈중알코올농도 0.119%, 운전거리 4.0km, 범행연도 2020"
4829,qwen,few_shot_open_book,2,3,"음주 전과 1회, 혈중알코올농도 0.203%, 운전거리 4.0km, 범행연도 2020"
4830,qwen,few_shot_open_book,1,1,"음주 전과 0회, 혈중알코올농도 0.141%, 운전거리 1.0km, 범행연도 2021"
4831,qwen,few_shot_open_book,2,1,"혈중알코올농도 0.116%, 운전거리 1.0km, 범행연도 2021"
4832,qwen,few_shot_open_book,0,1,"혈중알코올농도 0.116%, 운전거리 2.0km, 범행연도 2021"
4833,qwen,few_shot_open_book,2,2,"음주 전과 1회, 혈중알코올농도 0.153%, 운전거리 20.0km, 범행연도 2020"
4834,qwen,few_shot_open_book,2,2,"음주 전과 1회, 혈중알코올농도 0.056%, 운전거리 2.0km, 범행연도 2021"
4835,qwen,few_shot_open_book,2,2,"음주 전과 1회, 혈중알코올농도 0.040%, 운전거리 0.5km, 범행연도 2020"
4836,qwen,few_shot_open_book,2,3,"음주 전과 1회(10년 이상 경과), 혈중알코올농도 0.252%, 운전거리 0.66km, 범행연도 2020"
4837,qwen,few_shot_open_book,2,2,"음주 전과 2회, 혈중알코올농도 0.205%, 운전거리 1.5km, 범행연도 2020"
4838,qwen,few_shot_open_book,2,2,"음주 전과 2회, 혈중알코올농도 0.113%, 운전거리 17.0km, 범행연도 2021"
4839,qwen,few_shot_open_book,2,3,"음주 전과 1회, 혈중알코올농도 0.167%, 운전거리 0.28km, 범행연도 2020"
4840,qwen,few_shot_open_book,2,2,"음주 전과 1회, 혈중알코올농도 0.181%, 운전거리 1.0km, 범행연도 2021"
4841,qwen,few_shot_open_book,2,2,"음주 전과 1회, 혈중알코올농도 0.070%, 운전거리 0.6km, 범행연도 2021"
4842,qwen,few_shot_open_book,2,2,"음주 전과 2회, 혈중알코올농도 0.120%, 운전거리 2.0km, 범행연도 2020"
4843,qwen,few_shot_open_book,3,3,"음주 전과 3회, 혈중알코올농도 0.262%, 운전거리 0.6km, 범행연도 2020"
4846,qwen,few_shot_open_book,2,1,"혈중알코올농도 0.144%, 운전거리 5.0km, 범행연도 2021"
4847,qwen,few_shot_open_book,2,2,"음주 전과 1회, 혈중알코올농도 0.177%, 운전거리 0.1km, 범행연도 2019"
4849,qwen,few_shot_open_book,3,2,"음주 전과 2회, 혈중알코올농도 0.149%, 운전거리 2.0km, 범행연도 2019"
4850,qwen,few_shot_open_book,2,1,"음주 전과 1회, 혈중알코올농도 0.063%, 운전거리 0.1km, 범행연도 2020"
4851,qwen,few_shot_open_book,2,2,"음주 전과 1회, 혈중알코올농도 0.238%, 운전거리 2.0m, 범행연도 2021"
4852,qwen,few_shot_open_book,3,2,"음주 전과 2회, 혈중알코올농도 0.061%, 운전거리 0.0km, 범행연도 2021"
4853,qwen,few_shot_open_book,2,2,"음주 전과 1회, 혈중알코올농도 0.093%, 운전거리 0.2km, 범행연도 2020"
4854,qwen,few_shot_open_book,2,2,"음주 전과 1회, 혈중알코올농도 0.067%, 운전거리 1.2km, 범행연도 2021"
4855,qwen,few_shot_open_book,2,2,"음주 전과 2회, 혈중알코올농도 0.084%, 운전거리 2.0km, 범행연도 2020"
4858,qwen,few_shot_open_book,2,2,"음주 전과 1회, 혈중알코올농도 0.089%, 운전거리 0.7km, 범행연도 2020"
4859,qwen,few_shot_open_book,2,2,"음주 전과 1회, 혈중알코올농도 0.176%, 운전거리 1.0km, 범행연도 2021"
4860,qwen,few_shot_open_book,2,2,"음주 전과 2회, 혈중알코올농도 0.179%, 운전거리 0.3km, 범행연도 2020"
4861,qwen,few_shot_open_book,1,1,"음주 전과 0회, 혈중알코올농도 0.047%, 운전거리 0.7km, 범행연도 2021"
4862,qwen,few_shot_open_book,0,3,"음주 전과 2회, 혈중알코올농도 0.145%, 운전거리 0.1km, 범행연도 2021"
4863,qwen,few_shot_open_book,2,2,"음주 전과 2회, 혈중알코올농도 0.052%, 운전거리 4.4km, 범행연도 2020"
4864,qwen,few_shot_open_book,2,2,"혈중알코올농도 0.213%, 운전거리 9.2km, 범행연도 2020"
4865,qwen,few_shot_open_book,2,3,"음주 전과 1회, 혈중알코올농도 0.179%, 운전거리 0.459km, 범행연도 2021"
4866,qwen,few_shot_open_book,1,2,"음주 전과 0회, 혈중알코올농도 0.097%, 운전거리 5.0km, 범행연도 2021"
4868,qwen,few_shot_open_book,0,2,"음주 전과 1회, 혈중알코올농도 0.093%, 운전거리 0.03km, 범행연도 2021"
4869,qwen,few_shot_open_book,2,2,"음주 전과 1회, 혈중알코올농도 0.101%, 운전거리 0.1km, 범행연도 2021"
4870,qwen,few_shot_open_book,2,3,"음주 전과 1회, 혈중알코올농도 0.126%, 운전거리 10.0km, 범행연도 2020"
4871,qwen,few_shot_open_book,2,3,"음주 전과 1회, 혈중알코올농도 0.346%, 운전거리 0.9km, 범행연도 2021"
4872,qwen,few_shot_open_book,2,2,"음주 전과 1회, 혈중알코올농도 0.085%, 운전거리 5.0km, 범행연도 2021"
4873,qwen,few_shot_open_book,2,2,"혈중알코올농도 0.137%, 운전거리 1.5km, 범행연도 2021, 음주 전과 0회"
4874,qwen,few_shot_open_book,1,2,"음주 전과 2회, 혈중알코올농도 0.117%, 운전거리 5.0m, 범행연도 2019"
4875,qwen,few_shot_open_book,3,2,"음주 전과 2회, 혈중알코올농도 0.153%, 운전거리 0.7km, 범행연도 2020"
4876,qwen,few_shot_open_book,2,2,"음주 전과 1회, 혈중알코올농도 0.059%, 운전거리 0.3km, 범행연도 2020"
4877,qwen,few_shot_open_book,2,2,"음주 전과 3회, 혈중알코올농도 0.062%, 운전거리 0.67km, 범행연도 2021"
4879,qwen,few_shot_open_book,3,2,"음주 전과 3회, 혈중알코올농도 0.120%, 운전거리 4.0km, 범행연도 2019"
4880,qwen,few_shot_open_book,2,1,"음주 전과 0회, 혈중알코올농도 0.144%, 운전거리 0.15km, 범행연도 2021"
4881,qwen,few_shot_open_book,0,1,"음주 전과 0회, 혈중알코올농도 0.053%, 운전거리 0.5km, 범행연도 2021"
4882,qwen,few_shot_open_book,2,2,"음주 전과 1회, 혈중알코올농도 0.115%, 운전거리 1.0km, 범행연도 2019"
4883,qwen,few_shot_open_book,2,2,"음주 전과 1회, 혈중알코올농도 0.078%, 운전거리 10.0m, 범행연도 2020"
4884,qwen,few_shot_open_book,3,2,"음주 전과 2회, 혈중알코올농도 0.056%, 운전거리 6.2km, 범행연도 2021"
4885,qwen,few_shot_open_book,2,2,"음주 전과 2회, 혈중알코올농도 0.136%, 운전거리 4.0km, 범행연도 2021"
4886,qwen,few_shot_open_book,2,2,"음주 전과 1회, 혈중알코올농도 0.141%, 운전거리 1.6km, 범행연도 2021"
4887,qwen,few_shot_open_book,0,1,"음주 전과 2회, 혈중알코올농도 0.068%, 운전거리 0.1km, 범행연도 2020"
4888,qwen,few_shot_open_book,0,1,"혈중알코올농도 0.128%, 운전거리 0.03km, 범행연도 2021"
4890,qwen,few_shot_open_book,0,3,"음주 전과 1회, 혈중알코올농도 0.144%, 운전거리 7.0km, 범행연도 2020"
4891,qwen,few_shot_open_book,2,2,"음주 전과 1회, 혈중알코올농도 0.128%, 운전거리 0.2km, 범행연도 2020"
4892,qwen,few_shot_open_book,2,2,"음주 전과 1회, 혈중알코올농도 0.138%, 운전거리 1.0km, 범행연도 2019"
4893,qwen,few_shot_open_book,2,3,"음주 전과 1회, 혈중알코올농도 0.152%, 운전거리 30.0km, 범행연도 2020"
4894,qwen,few_shot_open_book,0,2,"음주 전과 1회, 혈중알코올농도 0.030%, 운전거리 10.0km, 범행연도 2021"
4895,qwen,few_shot_open_book,2,2,"음주 전과 1회, 혈중알코올농도 0.096%, 운전거리 0.3km, 범행연도 2020"
4897,qwen,few_shot_open_book,2,3,"음주 전과 0회, 혈중알코올농도 0.201%, 운전거리 0.5km, 범행연도 2021"
4898,qwen,few_shot_open_book,2,1,"음주 전과 0회, 혈중알코올농도 0.182%, 운전거리 9.0km, 범행연도 2021"
4899,qwen,few_shot_open_book,2,2,"음주 전과 1회, 혈중알코올농도 0.170%, 운전거리 0.03km, 범행연도 2021"
4900,qwen,few_shot_open_book,1,2,"혈중알코올농도 0.137%, 운전거리 4.0km, 범행연도 2020, 음주 전과 0회"
4901,qwen,few_shot_open_book,2,2,"음주 전과 1회, 혈중알코올농도 0.064%, 운전거리 3.0km, 범행연도 2021"
4902,qwen,few_shot_open_book,0,2,"음주 전과 1회, 혈중알코올농도 0.098%, 운전거리 0.8km, 범행연도 2021"
4903,qwen,few_shot_open_book,2,2,"음주 전과 2회, 혈중알코올농도 0.152%, 운전거리 0.65km, 범행연도 2020"
4904,qwen,few_shot_open_book,2,2,"음주 전과 1회, 혈중알코올농도 0.041%, 운전거리 3.0km, 범행연도 2020"
4905,qwen,few_shot_open_book,0,3,"혈중알코올농도 0.230%, 운전거리 5.0m, 범행연도 2020"
4906,qwen,few_shot_open_book,2,3,"음주 전과 1회, 혈중알코올농도 0.274%, 운전거리 22m, 범행연도 2021"
4907,qwen,few_shot_open_book,3,2,"음주 전과 1회, 혈중알코올농도 0.218%, 운전거리 3.0km, 범행연도 2021"
4908,qwen,few_shot_open_book,2,2,"음주 전과 2회, 혈중알코올농도 0.089%, 운전거리 1.0km, 범행연도 2020"
4909,qwen,few_shot_open_book,1,2,"음주 전과 0회, 혈중알코올농도 0.122%, 운전거리 0.2km, 범행연도 2021"
4910,qwen,few_shot_open_book,2,3,"음주 전과 1회, 혈중알코올농도 0.212%, 운전거리 3.6km, 범행연도 2021"
4911,qwen,few_shot_open_book,2,2,"혈중알코올농도 0.121%, 운전거리 3.0km, 범행연도 2021"
4912,qwen,few_shot_open_book,3,3,"음주 전과 2회, 혈중알코올농도 0.148%, 운전거리 2.0km, 범행연도 2020"
4913,qwen,few_shot_open_book,1,1,"음주 전과 0회, 혈중알코올농도 0.060%, 운전거리 2.0km, 범행연도 2021"
4914,qwen,few_shot_open_book,3,1,"음주 전과 0회, 혈중알코올농도 0.112%, 운전거리 0.6km, 범행연도 2021"
4915,qwen,few_shot_open_book,2,2,"음주 전과 2회, 혈중알코올농도 0.160%, 범행연도 2020"
4916,qwen,few_shot_open_book,2,3,"음주 전과 1회, 혈중알코올농도 0.248%, 운전거리 2.0km, 범행연도 2019"
4917,qwen,few_shot_open_book,2,2,"음주 전과 1회, 혈중알코올농도 0.126%, 운전거리 0.9km, 범행연도 2020"
4918,qwen,few_shot_open_book,3,3,"음주 전과 4회, 혈중알코올농도 0.151%, 운전거리 40m, 범행연도 2021, 혈중알코올농도 0.142%"
4919,qwen,few_shot_open_book,2,3,"음주 전과 1회, 혈중알코올농도 0.140%, 운전거리 7.0km, 범행연도 2020"
4920,qwen,few_shot_open_book,2,2,"음주 전과 1회, 혈중알코올농도 0.193%, 운전거리 3.0km, 범행연도 2020"
4921,qwen,few_shot_open_book,2,2,"음주 전과 1회, 혈중알코올농도 0.043%, 운전거리 3.0km, 범행연도 2021"
4923,qwen,few_shot_open_book,3,2,"음주 전과 2회, 혈중알코올농도 0.074%, 운전거리 3.0km, 범행연도 2019"
4924,qwen,few_shot_open_book,2,3,"음주 전과 2회, 혈중알코올농도 0.144%, 운전거리 1.0km, 범행연도 2021"
4925,qwen,few_shot_open_book,2,3,"음주 전과 1회, 혈중알코올농도 0.089%, 운전거리 1.0km, 범행연도 2020"
4926,qwen,few_shot_open_book,2,3,"음주 전과 1회, 혈중알코올농도 0.160%, 운전거리 2.0km, 범행연도 2021"
4927,qwen,few_shot_open_book,2,2,"음주 전과 1회, 혈중알코올농도 0.124%, 운전거리 0.8km, 범행연도 2021"
4928,qwen,few_shot_open_book,2,2,"음주 전과 2회, 혈중알코올농도 0.114%, 운전거리 3.0km, 범행연도 2019"
4929,qwen,few_shot_open_book,2,3,"혈중알코올농도 0.211%, 음주 전과 0회, 운전거리 1.0km, 범행연도 2020"
4930,qwen,few_shot_open_book,2,2,"음주 전과 2회, 혈중알코올농도 0.142%, 운전거리 0.1km, 범행연도 2021"
4931,qwen,few_shot_open_book,0,1,"음주 전과 0회, 혈중알코올농도 0.090%, 운전거리 1.0m, 범행연도 2021"
4932,qwen,few_shot_open_book,2,2,"음주 전과 2회, 혈중알코올농도 0.113%, 운전거리 0.2km, 범행연도 2021"
4933,qwen,few_shot_open_book,1,1,"음주 전과 0회, 혈중알코올농도 0.157%, 운전거리 2.0km, 범행연도 2021"
4934,qwen,few_shot_open_book,2,3,"음주 전과 1회, 혈중알코올농도 0.097%, 운전거리 60.0km, 범행연도 2019"
4935,qwen,few_shot_open_book,1,1,"음주 전과 0회, 혈중알코올농도 0.124%, 운전거리 1.0km, 범행연도 2021"
4936,qwen,few_shot_open_book,2,3,"음주 전과 1회, 혈중알코올농도 0.149%, 운전거리 2.5km, 범행연도 2021"
4937,qwen,few_shot_open_book,2,1,"음주 전과 0회, 혈중알코올농도 0.141%, 운전거리 0.08km, 범행연도 2021"
4938,qwen,few_shot_open_book,2,3,"음주 전과 1회, 혈중알코올농도 0.037%, 운전거리 0.6km, 범행연도 2020"
4939,qwen,few_shot_open_book,2,2,"음주 전과 1회, 혈중알코올농도 0.144%, 운전거리 5.0km, 범행연도 2020"
4940,qwen,few_shot_open_book,2,3,"음주 전과 1회, 혈중알코올농도 0.107%, 운전거리 5.0km, 범행연도 2020"
4941,qwen,few_shot_open_book,2,2,"음주 전과 3회, 혈중알코올농도 0.104%, 운전거리 0.7km, 범행연도 2020"
4942,qwen,few_shot_open_book,2,2,"음주 전과 1회, 혈중알코올농도 0.159%, 운전거리 3.6km, 범행연도 2021"
4943,qwen,few_shot_open_book,2,3,"혈중알코올농도 0.156%, 운전거리 0.2km, 범행연도 2021"
4944,qwen,few_shot_open_book,2,3,"음주 전과 0회, 혈중알코올농도 0.200%, 운전거리 1.0km, 범행연도 2021"
4945,qwen,few_shot_open_book,0,2,"음주 전과 1회, 혈중알코올농도 0.140%, 운전거리 17.0km, 범행연도 2021"
4946,qwen,few_shot_open_book,3,2,"음주 전과 3회, 혈중알코올농도 0.120%, 운전거리 28.0km, 범행연도 2019"
4947,qwen,few_shot_open_book,0,2,"음주 전과 1회, 혈중알코올농도 0.156%, 운전거리 3.0km, 범행연도 2020"
4948,qwen,few_shot_open_book,2,2,"음주 전과 1회, 혈중알코올농도 0.147%, 운전거리 8.0km, 범행연도 2020"
4949,qwen,few_shot_open_book,2,2,"음주 전과 1회, 혈중알코올농도 0.126%, 운전거리 2.0km, 범행연도 2021"
4950,qwen,few_shot_open_book,2,2,"음주 전과 2회, 혈중알코올농도 0.049%, 운전거리 0.2km, 범행연도 2019"
4951,qwen,few_shot_open_book,3,2,"음주 전과 2회, 혈중알코올농도 0.144%, 운전거리 1.4km, 범행연도 2021"
4952,qwen,few_shot_open_book,2,1,"음주 전과 0회, 혈중알코올농도 0.114%, 운전거리 0.3km, 범행연도 2021"
4953,qwen,few_shot_open_book,3,2,"음주 전과 2회, 혈중알코올농도 0.136%, 운전거리 0.5km, 범행연도 2020"
4954,qwen,few_shot_open_book,2,2,"음주 전과 1회, 혈중알코올농도 0.042%, 운전거리 0.3km, 범행연도 2021"
4955,qwen,few_shot_open_book,0,2,"음주 전과 1회, 혈중알코올농도 0.067%, 운전거리 0.5km, 범행연도 2020"
4956,qwen,few_shot_open_book,0,1,"음주 전과 0회, 혈중알코올농도 0.138%, 운전거리 0.3km, 범행연도 2020"
4957,qwen,few_shot_open_book,0,2,"음주 전과 1회, 혈중알코올농도 0.166%, 운전거리 0.3km, 범행연도 2020"
4959,qwen,few_shot_open_book,2,2,"음주 전과 1회, 혈중알코올농도 0.114%, 운전거리 10.0m, 범행연도 2021"
4961,qwen,few_shot_open_book,2,2,"음주 전과 2회, 혈중알코올농도 0.052%, 운전거리 0.5km, 범행연도 2019"
4962,qwen,few_shot_open_book,2,3,"혈중알코올농도 0.108%, 운전거리 0.1km, 범행연도 2021, 음주 전과 0회"
4963,qwen,few_shot_open_book,2,2,"음주 전과 0회, 혈중알코올농도 0.118%, 운전거리 7.0km, 범행연도 2021"
4964,qwen,few_shot_open_book,2,2,"음주 전과 1회, 혈중알코올농도 0.127%, 운전거리 2.0km, 범행연도 2019"
4965,qwen,few_shot_open_book,2,2,"혈중알코올농도 0.244%, 운전거리 0.3km, 범행연도 2021"
4966,qwen,few_shot_open_book,2,2,"음주 전과 2회, 혈중알코올농도 0.052%, 운전거리 0.5km, 범행연도 2019"
4967,qwen,few_shot_open_book,0,2,"혈중알코올농도 0.171%, 운전거리 4.0km, 범행연도 2018"
4968,qwen,few_shot_open_book,2,2,"음주 전과 1회, 혈중알코올농도 0.169%, 운전거리 2.5km, 범행연도 2020"
4970,qwen,few_shot_open_book,0,3,"음주 전과 1회, 혈중알코올농도 0.124%, 운전거리 13.0km, 범행연도 2021"
4971,qwen,few_shot_open_book,2,1,"음주 전과 1회, 혈중알코올농도 0.066%, 운전거리 0.03km, 범행연도 2021"
4972,qwen,few_shot_open_book,2,2,"음주 전과 3회, 혈중알코올농도 0.127%, 운전거리 2.0km, 범행연도 2020"
4973,qwen,few_shot_open_book,0,2,"음주 전과 2회, 혈중알코올농도 0.162%, 운전거리 5.0km, 범행연도 2021"
4974,qwen,few_shot_open_book,2,2,"음주 전과 1회, 혈중알코올농도 0.090%, 운전거리 25.0미터, 범행연도 2020"
4975,qwen,few_shot_open_book,2,2,"음주 전과 1회, 혈중알코올농도 0.088%, 운전거리 0.5km, 범행연도 2020"
4976,qwen,few_shot_open_book,2,2,"음주 전과 2회, 혈중알코올농도 0.070%, 운전거리 0.05km, 범행연도 2021"
4977,qwen,few_shot_open_book,0,2,"음주 전과 1회, 혈중알코올농도 0.073%, 운전거리 1.0km, 범행연도 2020"
4978,qwen,few_shot_open_book,0,3,"음주 전과 1회, 혈중알코올농도 0.078%, 운전거리 1.0km, 범행연도 2020"
4979,qwen,few_shot_open_book,1,2,"혈중알코올농도 0.171%, 운전거리 2.0km, 범행연도 2021"
4980,qwen,few_shot_open_book,2,3,"음주 전과 2회, 혈중알코올농도 0.139%, 운전거리 2.0km, 범행연도 2019"
4981,qwen,few_shot_open_book,0,3,"음주 전과 1회, 혈중알코올농도 0.206%, 운전거리 1.0km, 범행연도 2020"
4982,qwen,few_shot_open_book,2,2,"음주 전과 2회, 혈중알코올농도 0.199%, 운전거리 2.0km, 범행연도 2020"
4983,qwen,few_shot_open_book,2,2,"음주 전과 3회, 혈중알코올농도 0.107%, 운전거리 1.0km, 범행연도 2020"
4984,qwen,few_shot_open_book,2,3,"음주 전과 2회, 혈중알코올농도 0.213%, 운전거리 2.0km, 범행연도 2020"
4985,qwen,few_shot_open_book,2,2,"음주 전과 1회, 혈중알코올농도 0.142%, 운전거리 20.0km, 범행연도 2021"
4986,qwen,few_shot_open_book,2,3,"혈중알코올농도 0.098%, 운전거리 15.0km, 범행연도 2020"
4988,qwen,few_shot_open_book,2,2,"음주 전과 3회, 혈중알코올농도 0.097%, 운전거리 4.0km, 범행연도 2020"
4989,qwen,few_shot_open_book,2,2,"음주 전과 1회, 혈중알코올농도 0.123%, 운전거리 0.05km, 범행연도 2021"
4990,qwen,few_shot_open_book,0,3,"음주 전과 1회, 혈중알코올농도 0.152%, 운전거리 0.05km, 범행연도 2020"
4991,qwen,few_shot_open_book,2,3,"음주 전과 1회, 혈중알코올농도 0.133%, 운전거리 20.0km, 범행연도 2021"
4992,qwen,few_shot_open_book,2,2,"음주 전과 2회, 혈중알코올농도 0.052%, 운전거리 3.0km, 범행연도 2021"
4993,qwen,few_shot_open_book,0,3,"음주 전과 1회, 혈중알코올농도 0.139%, 운전거리 0.33km, 범행연도 2020"
4994,qwen,few_shot_open_book,2,2,"음주 전과 2회, 혈중알코올농도 0.095%, 운전거리 0.7km, 범행연도 2021"
4995,qwen,few_shot_open_book,2,2,"음주 전과 1회, 혈중알코올농도 0.055%, 운전거리 1.0km, 범행연도 2021"
4997,qwen,few_shot_open_book,3,3,"음주 전과 2회, 혈중알코올농도 0.169%, 운전거리 5.0km, 범행연도 2020"
4998,qwen,few_shot_open_book,2,2,"음주 전과 1회, 혈중알코올농도 0.235%, 운전거리 0.7km, 범행연도 2019"
4999,qwen,few_shot_open_book,1,2,"혈중알코올농도 0.123%, 운전거리 35.0km, 범행연도 2021"
5000,qwen,few_shot_open_book,2,2,"음주 전과 1회, 혈중알코올농도 0.032%, 운전거리 15.0km, 범행연도 2021"
5001,qwen,few_shot_open_book,2,2,"음주 전과 1회, 혈중알코올농도 0.068%, 운전거리 0.15km, 범행연도 2020"
5002,qwen,few_shot_open_book,2,2,"음주 전과 1회, 혈중알코올농도 0.147%, 운전거리 4.0km, 범행연도 2021"
5003,qwen,few_shot_open_book,2,2,"음주 전과 1회, 혈중알코올농도 0.105%, 운전거리 0.2km, 범행연도 2020"
5004,qwen,few_shot_open_book,2,3,"음주 전과 3회, 혈중알코올농도 0.059%, 운전거리 32.0km, 범행연도 2021"
5005,qwen,few_shot_open_book,2,2,"음주 전과 1회, 혈중알코올농도 0.120%, 운전거리 0.1km, 범행연도 2021"
5007,qwen,few_shot_open_book,2,2,"음주 전과 1회, 혈중알코올농도 0.031%, 운전거리 20.0km, 범행연도 2019"
5010,qwen,few_shot_open_book,2,1,"음주 전과 0회, 혈중알코올농도 0.064%, 운전거리 0.5km, 범행연도 2021"
5011,qwen,few_shot_open_book,2,3,"혈중알코올농도 0.216%, 운전거리 0.1km, 범행연도 2021"
5012,qwen,few_shot_open_book,3,2,"음주 전과 3회, 혈중알코올농도 0.164%, 운전거리 0.15km, 범행연도 2021"
5013,qwen,few_shot_open_book,3,2,"음주 전과 1회, 혈중알코올농도 0.262%, 운전거리 0.5km, 범행연도 2019"
5014,qwen,few_shot_open_book,1,2,"혈중알코올농도 0.106%, 운전거리 30.0km, 범행연도 2020"
5015,qwen,few_shot_open_book,3,2,"음주 전과 2회, 혈중알코올농도 0.064%, 운전거리 0.7km, 범행연도 2020"
5016,qwen,few_shot_open_book,0,2,"혈중알코올농도 0.223%, 운전거리 15.0km, 범행연도 2021"
5017,qwen,few_shot_open_book,2,2,"음주 전과 1회, 혈중알코올농도 0.105%, 운전거리 0.2km, 범행연도 2020"
5018,qwen,few_shot_open_book,1,3,"혈중알코올농도 0.083%, 운전거리 2.0km, 범행연도 2021"
5020,qwen,few_shot_open_book,2,2,"음주 전과 1회, 혈중알코올농도 0.082%, 운전거리 2.0km, 범행연도 2021"
5021,qwen,few_shot_open_book,2,1,"음주 전과 0회, 혈중알코올농도 0.150%, 운전거리 4.0km, 범행연도 2021"
5022,qwen,few_shot_open_book,0,2,"음주 전과 1회, 혈중알코올농도 0.129%, 운전거리 20.0km, 범행연도 2020"
5023,qwen,few_shot_open_book,0,3,"음주 전과 0회, 혈중알코올농도 0.245%, 운전거리 3.0km, 범행연도 2013"
5024,qwen,few_shot_open_book,2,3,"음주 전과 1회, 혈중알코올농도 0.138%, 운전거리 0.3km, 범행연도 2020"
5025,qwen,few_shot_open_book,2,2,"음주 전과 1회, 혈중알코올농도 0.158%, 운전거리 4.0km, 범행연도 2021"
5026,qwen,few_shot_open_book,2,3,"음주 전과 1회, 혈중알코올농도 0.188%, 운전거리 1.0km, 범행연도 2021"
5027,qwen,few_shot_open_book,2,2,"음주 전과 0회, 혈중알코올농도 0.149%, 운전거리 18.0km, 범행연도 2021"
5029,qwen,few_shot_open_book,1,2,"음주 전과 0회, 혈중알코올농도 0.121%, 운전거리 0.1km, 범행연도 2021"
5030,qwen,few_shot_open_book,2,2,"음주 전과 1회, 혈중알코올농도 0.126%, 운전거리 3.0km, 범행연도 2020"
5031,qwen,few_shot_open_book,2,1,"음주 전과 1회, 혈중알코올농도 0.068%, 운전거리 0.3km, 범행연도 2020"
5032,qwen,few_shot_open_book,2,3,"음주 전과 3회, 혈중알코올농도 0.221%, 운전거리 0.8km, 범행연도 2021"
5033,qwen,few_shot_open_book,2,2,"음주 전과 2회, 혈중알코올농도 0.140%, 운전거리 0.5km, 범행연도 2019"
5034,qwen,few_shot_open_book,2,2,"혈중알코올농도 0.178%, 운전거리 3.6km, 범행연도 2021"
5035,qwen,few_shot_open_book,2,3,"음주 전과 0회, 혈중알코올농도 0.132%, 운전거리 13.0km, 범행연도 2021"
5036,qwen,few_shot_open_book,3,2,"혈중알코올농도 0.236%, 운전거리 0.02km, 범행연도 2021"
5037,qwen,few_shot_open_book,2,3,"음주 전과 2회, 혈중알코올농도 0.247%, 운전거리 5.0km, 범행연도 2020"
5038,qwen,few_shot_open_book,2,3,"음주 전과 2회, 혈중알코올농도 0.148%, 운전거리 0.3km, 범행연도 2019"
5039,qwen,few_shot_open_book,0,2,"음주 전과 1회, 혈중알코올농도 0.144%, 운전거리 20.0km, 범행연도 2021"
5040,qwen,few_shot_open_book,2,3,"음주 전과 3회, 혈중알코올농도 0.102%, 운전거리 1.5km, 범행연도 2020"
5041,qwen,few_shot_open_book,2,2,"음주 전과 2회, 혈중알코올농도 0.209%, 운전거리 0.001km, 범행연도 2019"
5042,qwen,few_shot_open_book,2,2,"음주 전과 1회, 혈중알코올농도 0.051%, 운전거리 1.0km, 범행연도 2020"
5043,qwen,few_shot_open_book,3,2,"음주 전과 0회, 혈중알코올농도 0.113%, 운전거리 3.0km, 범행연도 2021"
5044,qwen,few_shot_open_book,2,2,"혈중알코올농도 0.162%, 운전거리 0.4km, 범행연도 2021, 음주 전과 0회"
5045,qwen,few_shot_open_book,3,2,"음주 전과 1회, 혈중알코올농도 0.141%, 운전거리 4.0km, 범행연도 2021"
5046,qwen,few_shot_open_book,0,2,"음주 전과 1회, 혈중알코올농도 0.124%, 운전거리 10.0m, 범행연도 2021"
5047,qwen,few_shot_open_book,2,1,"음주 전과 1회, 혈중알코올농도 0.078%, 운전거리 0.2km, 범행연도 2021"
5048,qwen,few_shot_open_book,0,2,"혈중알코올농도 0.083%, 운전거리 25.0km, 범행연도 2021"
5049,qwen,few_shot_open_book,2,3,"음주 전과 1회, 혈중알코올농도 0.085%, 운전거리 2.0km, 범행연도 2020"
5050,qwen,few_shot_open_book,1,0,"음주 전과 0회, 혈중알코올농도 0.065%, 운전거리 0.2km, 범행연도 2021"
5051,qwen,few_shot_open_book,2,2,"음주 전과 1회, 혈중알코올농도 0.087%, 운전거리 0.5km, 범행연도 2020"
5052,qwen,few_shot_open_book,2,3,"음주 전과 1회, 혈중알코올농도 0.141%, 운전거리 1.0km, 범행연도 2021"
5053,qwen,few_shot_open_book,2,3,"혈중알코올농도 0.305%, 음주 전과 0회, 운전거리 2.5km, 범행연도 2021"
5054,qwen,few_shot_open_book,0,1,"음주 전과 0회, 혈중알코올농도 0.134%, 운전거리 0.05km, 범행연도 2020"
5055,qwen,few_shot_open_book,2,2,"음주 전과 1회, 혈중알코올농도 0.231%, 운전거리 1.5km, 범행연도 2021"
5056,qwen,few_shot_open_book,2,2,"음주 전과 3회, 혈중알코올농도 0.073%, 운전거리 4.0km, 범행연도 2020"
5057,qwen,few_shot_open_book,2,2,"음주 전과 1회, 혈중알코올농도 0.208%, 운전거리 8.0km, 범행연도 2021"
5058,qwen,few_shot_open_book,1,1,"혈중알코올농도 0.09%, 운전거리 2.8km, 범행연도 2021"
5059,qwen,few_shot_open_book,2,3,"음주 전과 1회, 혈중알코올농도 0.100%, 운전거리 0.1km, 범행연도 2020"
5060,qwen,few_shot_open_book,2,3,"음주 전과 1회, 혈중알코올농도 0.130%, 운전거리 30.0km, 범행연도 2019"
5061,qwen,few_shot_open_book,2,3,"음주 전과 2회, 혈중알코올농도 0.113%, 운전거리 4.8km, 범행연도 2020"
5062,qwen,few_shot_open_book,2,2,"음주 전과 1회, 혈중알코올농도 0.072%, 운전거리 0.5km, 범행연도 2019"
5064,qwen,few_shot_open_book,2,2,"음주 전과 2회, 혈중알코올농도 0.085%, 운전거리 3.0km, 범행연도 2020"
5065,qwen,few_shot_open_book,0,1,"음주 전과 0회, 혈중알코올농도 0.074%, 운전거리 0.1km, 범행연도 2020"
5066,qwen,few_shot_open_book,2,2,"음주 전과 2회, 혈중알코올농도 0.061%, 운전거리 28.0km, 범행연도 2021"
5067,qwen,few_shot_open_book,2,2,"음주 전과 1회, 혈중알코올농도 0.226%, 운전거리 4.4km, 범행연도 2021"
5068,qwen,few_shot_open_book,2,1,"음주 전과 2회, 혈중알코올농도 0.102%, 운전거리 10.0m, 범행연도 2020"
5069,qwen,few_shot_open_book,2,2,"음주 전과 1회, 혈중알코올농도 0.05%, 운전거리 1.2km, 범행연도 2020"
5070,qwen,few_shot_open_book,2,3,"음주 전과 2회, 혈중알코올농도 0.123%, 운전거리 0.5km, 범행연도 2019"
5071,qwen,few_shot_open_book,0,1,"음주 전과 0회, 혈중알코올농도 0.187%, 운전거리 0.5km, 범행연도 2020"
5072,qwen,few_shot_open_book,2,2,"음주 전과 1회, 혈중알코올농도 0.081%, 운전거리 0.015km, 범행연도 2021"
5073,qwen,few_shot_open_book,1,1,"음주 전과 0회, 혈중알코올농도 0.102%, 운전거리 0.01km, 범행연도 2021"
5074,qwen,few_shot_open_book,2,2,"혈중알코올농도 0.134%, 운전거리 2.8km, 범행연도 2021"
5075,qwen,few_shot_open_book,0,3,"음주 전과 1회, 혈중알코올농도 0.197%, 운전거리 0.2km, 범행연도 2020"
5076,qwen,few_shot_open_book,2,1,"혈중알코올농도 0.156%, 운전거리 5.0m, 범행연도 2021"
5077,qwen,few_shot_open_book,2,3,"음주 전과 1회, 혈중알코올농도 0.146%, 운전거리 0.2km, 범행연도 2020"
5078,qwen,few_shot_open_book,2,2,"음주 전과 1회, 혈중알코올농도 0.129%, 운전거리 23.0km, 범행연도 2021"
5079,qwen,few_shot_open_book,3,1,"음주 전과 0회, 혈중알코올농도 0.162%, 운전거리 0.2km, 범행연도 2021"
5080,qwen,few_shot_open_book,2,3,"음주 전과 1회, 혈중알코올농도 0.184%, 운전거리 0.05km, 범행연도 2020"
5081,qwen,few_shot_open_book,2,2,"음주 전과 2회, 혈중알코올농도 0.047%, 운전거리 0.05km, 범행연도 2019"
5082,qwen,few_shot_open_book,2,2,"음주 전과 1회, 혈중알코올농도 0.067%, 운전거리 50.0km, 범행연도 2021"
5083,qwen,few_shot_open_book,3,2,"음주 전과 2회, 혈중알코올농도 0.140%, 운전거리 0.05km, 범행연도 2019"
5087,qwen,few_shot_open_book,0,3,"음주 전과 1회, 혈중알코올농도 0.073%, 운전거리 0.2km, 범행연도 2020"
5088,qwen,few_shot_open_book,2,2,"음주 전과 2회, 혈중알코올농도 0.147%, 운전거리 0.5km, 범행연도 2020"
5089,qwen,few_shot_open_book,2,2,"음주 전과 1회, 혈중알코올농도 0.083%, 운전거리 0.1km, 범행연도 2019"
5090,qwen,few_shot_open_book,2,2,"음주 전과 3회, 혈중알코올농도 0.05%, 운전거리 5.0km, 범행연도 2020"
5092,qwen,few_shot_open_book,2,2,"음주 전과 1회, 혈중알코올농도 0.225%, 운전거리 2.0km, 범행연도 2021"
5093,qwen,few_shot_open_book,2,2,"음주 전과 1회, 혈중알코올농도 0.080%, 운전거리 0.2km, 범행연도 2020"
5094,qwen,few_shot_open_book,0,2,"음주 전과 1회, 혈중알코올농도 0.130%, 운전거리 0.01km, 범행연도 2019"
5095,qwen,few_shot_open_book,0,1,"혈중알코올농도 0.130%, 운전거리 5.0km, 범행연도 2021"
5096,qwen,few_shot_open_book,1,1,"혈중알코올농도 0.076%, 운전거리 1.3km, 범행연도 2021"
5097,qwen,few_shot_open_book,0,2,"음주 전과 1회, 혈중알코올농도 0.210%, 운전거리 0.02km, 범행연도 2020"
5098,qwen,few_shot_open_book,2,2,"음주 전과 1회, 혈중알코올농도 0.183%, 운전거리 4.0km, 범행연도 2019"
5099,qwen,few_shot_open_book,2,3,"음주 전과 1회, 혈중알코올농도 0.075%, 운전거리 0.3km, 범행연도 2020"
5100,qwen,few_shot_open_book,2,3,"음주 전과 1회, 혈중알코올농도 0.184%, 운전거리 0.5km, 범행연도 2021"
5101,qwen,few_shot_open_book,2,3,"음주 전과 1회, 혈중알코올농도 0.222%, 운전거리 8.0km, 범행연도 2021"
5102,qwen,few_shot_open_book,2,2,"음주 전과 2회, 혈중알코올농도 0.037%, 운전거리 0.1km, 범행연도 2020"
5103,qwen,few_shot_open_book,2,2,"혈중알코올농도 0.234%, 운전거리 0.5km, 범행연도 2021, 음주 전과 0회"
5104,qwen,few_shot_open_book,2,3,"음주 전과 1회, 혈중알코올농도 0.140%, 운전거리 5.0km, 범행연도 2021"
5106,qwen,few_shot_open_book,2,2,"음주 전과 1회, 혈중알코올농도 0.125%, 운전거리 0.3km, 범행연도 2021"
5107,qwen,few_shot_open_book,2,2,"음주 전과 2회, 혈중알코올농도 0.172%, 운전거리 10.0m, 범행연도 2021"
5109,qwen,few_shot_open_book,3,2,"음주 전과 2회, 혈중알코올농도 0.121%, 운전거리 2.0km, 범행연도 2020"
5110,qwen,few_shot_open_book,2,2,"음주 전과 2회, 혈중알코올농도 0.215%, 운전거리 0.1km, 범행연도 2020"
5111,qwen,few_shot_open_book,1,1,"음주 전과 0회, 혈중알코올농도 0.040%, 운전거리 3.5km, 범행연도 2021"
5112,qwen,few_shot_open_book,2,2,"음주 전과 1회, 혈중알코올농도 0.192%, 운전거리 3.0km, 범행연도 2021"
5113,qwen,few_shot_open_book,2,2,"음주 전과 1회, 혈중알코올농도 0.236%, 운전거리 1.0km, 범행연도 2020"
5114,qwen,few_shot_open_book,0,2,"음주 전과 0회, 혈중알코올농도 0.120%, 운전거리 13.0km, 범행연도 2020"
5117,qwen,few_shot_open_book,2,2,"음주 전과 1회, 혈중알코올농도 0.080%, 운전거리 2.0km, 범행연도 2021"
5118,qwen,few_shot_open_book,3,3,"음주 전과 1회, 혈중알코올농도 0.213%, 운전거리 0.2km, 범행연도 2019"
5119,qwen,few_shot_open_book,2,2,"음주 전과 1회, 혈중알코올농도 0.128%, 운전거리 1.0km, 범행연도 2020"
5120,qwen,few_shot_open_book,2,3,"음주 전과 1회, 혈중알코올농도 0.128%, 운전거리 12.0km, 범행연도 2020"
5121,qwen,few_shot_open_book,2,3,"음주 전과 1회, 혈중알코올농도 0.260%, 운전거리 0.01km, 범행연도 2021"
5123,qwen,few_shot_open_book,2,3,"음주 전과 1회, 혈중알코올농도 0.109%, 운전거리 19.0km, 범행연도 2020"
5124,qwen,few_shot_open_book,3,2,"음주 전과 3회, 혈중알코올농도 0.080%, 운전거리 0.7km, 범행연도 2021"
5125,qwen,few_shot_open_book,0,1,"음주 전과 1회, 혈중알코올농도 0.040%, 운전거리 0.2km, 범행연도 2020"
5126,qwen,few_shot_open_book,2,3,"음주 전과 2회, 혈중알코올농도 0.139%, 운전거리 35.0km, 범행연도 2021"
5127,qwen,few_shot_open_book,1,2,"음주 전과 2회, 혈중알코올농도 0.192%, 운전거리 0.05km, 범행연도 2019"
5129,qwen,few_shot_open_book,2,2,"음주 전과 2회, 혈중알코올농도 0.037%, 운전거리 2.4km, 범행연도 2019"
5130,qwen,few_shot_open_book,2,3,"음주 전과 1회, 혈중알코올농도 0.103%, 운전거리 6.0km, 범행연도 2020"
5131,qwen,few_shot_open_book,3,2,"음주 전과 3회, 혈중알코올농도 0.125%, 운전거리 0.2km, 범행연도 2019"
5133,qwen,few_shot_open_book,2,3,"음주 전과 4회, 혈중알코올농도 0.149%, 운전거리 3.0km, 범행연도 2020"
5134,qwen,few_shot_open_book,2,2,"음주 전과 1회, 혈중알코올농도 0.195%, 운전거리 2.5km, 범행연도 2020"
5135,qwen,few_shot_open_book,2,3,"음주 전과 1회, 혈중알코올농도 0.141%, 운전거리 0.6km, 범행연도 2021"
5136,qwen,few_shot_open_book,2,2,"음주 전과 0회, 혈중알코올농도 0.101%, 운전거리 7.0km, 범행연도 2021"
5138,qwen,few_shot_open_book,2,3,"음주 전과 2회, 혈중알코올농도 0.118%, 운전거리 0.01km, 범행연도 2020"
5139,qwen,few_shot_open_book,3,3,"음주 전과 2회, 혈중알코올농도 0.093%, 운전거리 5.0km, 범행연도 2021"
5140,qwen,few_shot_open_book,0,3,"음주 전과 1회, 혈중알코올농도 0.132%, 운전거리 1.7km, 범행연도 2019"
5141,qwen,few_shot_open_book,2,3,"음주 전과 1회, 혈중알코올농도 0.103%, 운전거리 0.3km, 범행연도 2019"
5142,qwen,few_shot_open_book,3,2,"음주 전과 2회, 혈중알코올농도 0.120%, 운전거리 0.1km, 범행연도 2021"
5143,qwen,few_shot_open_book,2,3,"음주 전과 1회, 혈중알코올농도 0.112%, 운전거리 19.0km, 범행연도 2019"
5144,qwen,few_shot_open_book,1,1,"음주 전과 0회, 혈중알코올농도 0.068%, 운전거리 0.01km, 범행연도 2021"
5145,qwen,few_shot_open_book,2,2,"음주 전과 2회, 혈중알코올농도 0.081%, 운전거리 4.0km, 범행연도 2021"
5146,qwen,few_shot_open_book,1,0,"음주 전과 0회, 혈중알코올농도 0.03%, 운전거리 0.3km, 범행연도 2021"
5147,qwen,few_shot_open_book,2,2,"음주 전과 1회, 혈중알코올농도 0.052%, 운전거리 2.3km, 범행연도 2021"
5148,qwen,few_shot_open_book,2,2,"음주 전과 1회, 혈중알코올농도 0.075%, 운전거리 1.4km, 범행연도 2020"
5149,qwen,few_shot_open_book,2,1,"음주 전과 0회, 혈중알코올농도 0.131%, 운전거리 1.1km, 범행연도 2021"
5150,qwen,few_shot_open_book,2,3,"음주 전과 1회, 혈중알코올농도 0.207%, 운전거리 15.0km, 범행연도 2020"
5151,qwen,few_shot_open_book,3,2,"음주 전과 0회, 혈중알코올농도 0.204%, 운전거리 0.7km, 범행연도 2021"
5152,qwen,few_shot_open_book,3,2,"음주 전과 1회, 혈중알코올농도 0.149%, 운전거리 1.0km, 범행연도 2021"
5153,qwen,few_shot_open_book,2,2,"음주 전과 1회, 혈중알코올농도 0.111%, 운전거리 0.3km, 범행연도 2020"
5154,qwen,few_shot_open_book,2,3,"음주 전과 1회, 혈중알코올농도 0.146%, 운전거리 0.3km, 범행연도 2019"
5155,qwen,few_shot_open_book,2,3,"음주 전과 1회, 혈중알코올농도 0.117%, 운전거리 2.2km, 범행연도 2019"
5156,qwen,few_shot_open_book,2,2,"음주 전과 1회, 혈중알코올농도 0.216%, 운전거리 0.3km, 범행연도 2021"
5157,qwen,few_shot_open_book,2,1,"음주 전과 1회, 혈중알코올농도 0.046%, 운전거리 0.3km, 범행연도 2021"
5158,qwen,few_shot_open_book,0,3,"음주 전과 1회, 혈중알코올농도 0.076%, 운전거리 0.2km, 범행연도 2020"
5159,qwen,few_shot_open_book,2,2,"음주 전과 1회, 혈중알코올농도 0.147%, 운전거리 0.3km, 범행연도 2020"
5160,qwen,few_shot_open_book,2,2,"혈중알코올농도 0.187%, 운전거리 1.0km, 범행연도 2021, 음주 전과 0회"
5161,qwen,few_shot_open_book,2,2,"음주 전과 2회, 혈중알코올농도 0.200%, 운전거리 2.4km, 범행연도 2020"
5162,qwen,few_shot_open_book,2,2,"음주 전과 1회, 혈중알코올농도 0.156%, 운전거리 2.0km, 범행연도 2021"
5163,qwen,few_shot_open_book,2,3,"음주 전과 1회, 혈중알코올농도 0.161%, 운전거리 0.2km, 범행연도 2020"
5164,qwen,few_shot_open_book,2,2,"음주 전과 1회, 혈중알코올농도 0.054%, 운전거리 0.2km, 범행연도 2019"
5165,qwen,few_shot_open_book,2,3,"혈중알코올농도 0.220%, 운전거리 9.0km, 범행연도 2021, 음주 전과 0회"
5166,qwen,few_shot_open_book,2,2,"음주 전과 1회, 혈중알코올농도 0.067%, 운전거리 0.2km, 범행연도 2021"
5167,qwen,few_shot_open_book,0,3,"혈중알코올농도 0.239%, 운전거리 0.5km, 범행연도 2020"
5168,qwen,few_shot_open_book,0,1,"음주 전과 1회, 혈중알코올농도 0.043%, 운전거리 0.4km, 범행연도 2020"
5169,qwen,few_shot_open_book,2,2,"음주 전과 1회, 혈중알코올농도 0.1%, 운전거리 1.4km, 범행연도 2020"
5170,qwen,few_shot_open_book,2,2,"음주 전과 1회, 혈중알코올농도 0.066%, 운전거리 0.77km, 범행연도 2020"
5171,qwen,few_shot_open_book,2,2,"음주 전과 1회, 혈중알코올농도 0.164%, 운전거리 0.01km, 범행연도 2019"
5172,qwen,few_shot_open_book,2,2,"음주 전과 1회, 혈중알코올농도 0.114%, 운전거리 10.0m, 범행연도 2021"
5173,qwen,few_shot_open_book,2,2,"혈중알코올농도 0.105%, 운전거리 87.0km, 범행연도 2021"
5174,qwen,few_shot_open_book,2,3,"음주 전과 1회, 혈중알코올농도 0.197%, 운전거리 20.0km, 범행연도 2021"
5176,qwen,few_shot_open_book,2,2,"음주 전과 0회, 혈중알코올농도 0.230%, 운전거리 8.0km, 범행연도 2021"
5177,qwen,few_shot_open_book,0,1,"음주 전과 0회, 혈중알코올농도 0.116%, 운전거리 1.5km, 범행연도 2020"
5179,qwen,few_shot_open_book,1,0,"음주 전과 0회, 혈중알코올농도 0.036%, 운전거리 13.0km, 범행연도 2021"
5180,qwen,few_shot_open_book,0,1,"음주 전과 0회, 혈중알코올농도 0.073%, 운전거리 3.0km, 범행연도 2021"
5181,qwen,few_shot_open_book,2,2,"음주 전과 1회, 혈중알코올농도 0.139%, 운전거리 0.5km, 범행연도 2019"
5182,qwen,few_shot_open_book,0,2,"음주 전과 0회, 혈중알코올농도 0.204%, 운전거리 30.0km, 범행연도 2021"
5183,qwen,few_shot_open_book,0,2,"혈중알코올농도 0.113%, 운전거리 1.0km, 범행연도 2020"
5184,qwen,few_shot_open_book,3,1,"음주 전과 2회, 혈중알코올농도 0.082%, 운전거리 2.0km, 범행연도 2021"
5185,qwen,few_shot_open_book,0,1,"음주 전과 0회, 혈중알코올농도 0.056%, 운전거리 1.0km, 범행연도 2021"
5186,qwen,few_shot_open_book,2,3,"음주 전과 2회, 혈중알코올농도 0.137%, 운전거리 50.0m, 범행연도 2020"
5187,qwen,few_shot_open_book,0,2,"혈중알코올농도 0.184%, 운전거리 4.0km, 범행연도 2020, 음주 전과 0회"
5188,qwen,few_shot_open_book,1,1,"혈중알코올농도 0.152%, 운전거리 1.0km, 범행연도 2019"
5189,qwen,few_shot_open_book,2,2,"음주 전과 1회, 혈중알코올농도 0.110%, 운전거리 2.0km, 범행연도 2021"
5190,qwen,few_shot_open_book,2,2,"혈중알코올농도 0.215%, 운전거리 20.0m, 범행연도 2020"
5191,qwen,few_shot_open_book,0,2,"음주 전과 1회, 혈중알코올농도 0.093%, 운전거리 5.0km, 범행연도 2020"
5193,qwen,few_shot_open_book,2,2,"음주 전과 1회, 혈중알코올농도 0.250%, 운전거리 0.02km, 범행연도 2021"
5194,qwen,few_shot_open_book,0,2,"음주 전과 1회, 혈중알코올농도 0.141%, 운전거리 0.5km, 범행연도 2020"
5195,qwen,few_shot_open_book,2,3,"혈중알코올농도 0.253%, 운전거리 20.0km, 범행연도 2021"
5196,qwen,few_shot_open_book,2,2,"혈중알코올농도 0.196%, 운전거리 5.0km, 범행연도 2021"
5197,qwen,few_shot_open_book,2,2,"음주 전과 2회, 혈중알코올농도 0.189%, 운전거리 2.0km, 범행연도 2021"
5198,qwen,few_shot_open_book,2,2,"음주 전과 2회, 혈중알코올농도 0.097%, 운전거리 80.0km, 범행연도 2021"
5199,qwen,few_shot_open_book,0,3,"음주 전과 1회, 혈중알코올농도 0.092%, 운전거리 3.0km, 범행연도 2019"
5200,qwen,few_shot_open_book,2,3,"음주 전과 1회, 혈중알코올농도 0.137%, 운전거리 0.5km, 범행연도 2021"
5201,qwen,few_shot_open_book,2,2,"음주 전과 3회, 혈중알코올농도 0.135%, 운전거리 0.3km, 범행연도 2020"
5202,qwen,few_shot_open_book,2,3,"음주 전과 2회, 혈중알코올농도 0.200%, 운전거리 16.0km, 범행연도 2020"
5203,qwen,few_shot_open_book,1,3,"혈중알코올농도 0.268%, 음주 전과 0회, 운전거리 0.16km, 범행연도 2019"
5204,qwen,few_shot_open_book,3,3,"음주 전과 1회, 혈중알코올농도 0.183%, 운전거리 3.0km, 범행연도 2021"
5205,qwen,few_shot_open_book,2,3,"음주 전과 1회, 혈중알코올농도 0.184%, 운전거리 0.1km, 범행연도 2020"
5206,qwen,few_shot_open_book,2,2,"음주 전과 2회, 혈중알코올농도 0.169%, 운전거리 15.0km, 범행연도 2020"
5207,qwen,few_shot_open_book,0,0,"음주 전과 0회, 혈중알코올농도 0.048%, 운전거리 0.3km, 범행연도 2020"
5209,qwen,few_shot_open_book,2,2,"음주 전과 2회, 혈중알코올농도 0.142%, 운전거리 1.0km, 범행연도 2020"
5210,qwen,few_shot_open_book,2,2,"음주 전과 2회, 혈중알코올농도 0.138%, 운전거리 3.0km, 범행연도 2021"
5211,qwen,few_shot_open_book,2,2,"음주 전과 1회, 혈중알코올농도 0.153%, 운전거리 0.2km, 범행연도 2020"
5212,qwen,few_shot_open_book,0,1,"음주 전과 0회, 혈중알코올농도 0.076%, 운전거리 5.4km, 범행연도 2020"
5213,qwen,few_shot_open_book,2,2,"음주 전과 1회, 혈중알코올농도 0.093%, 운전거리 4.0km, 범행연도 2021"
5214,qwen,few_shot_open_book,2,2,"음주 전과 0회, 혈중알코올농도 0.148%, 운전거리 11.0km, 범행연도 2021"
5215,qwen,few_shot_open_book,2,2,"음주 전과 0회, 혈중알코올농도 0.129%, 운전거리 3.0km, 범행연도 2021"
5216,qwen,few_shot_open_book,3,3,"음주 전과 2회, 혈중알코올농도 0.223%, 운전거리 0.577km, 범행연도 2020"
5218,qwen,few_shot_open_book,3,3,"음주 전과 1회, 혈중알코올농도 0.184%, 운전거리 5.5km, 범행연도 2021"
5220,qwen,few_shot_open_book,2,2,"음주 전과 1회, 혈중알코올농도 0.075%, 운전거리 0.03km, 범행연도 2020"
5221,qwen,few_shot_open_book,0,1,"음주 전과 0회, 혈중알코올농도 0.034%, 운전거리 0.35km, 범행연도 2021"
5222,qwen,few_shot_open_book,1,2,"혈중알코올농도 0.199%, 운전거리 0.5km, 범행연도 2021, 차종(카이런 승용차 운전업무 종사)"
5223,qwen,few_shot_open_book,2,2,"음주 전과 1회, 혈중알코올농도 0.112%, 운전거리 0.02km, 범행연도 2020"
5224,qwen,few_shot_open_book,2,2,"음주 전과 1회, 혈중알코올농도 0.047%, 운전거리 3.0km, 범행연도 2021"
5225,qwen,few_shot_open_book,2,3,"음주 전과 2회, 혈중알코올농도 0.230%, 운전거리 0.5km, 범행연도 2019"
5226,qwen,few_shot_open_book,3,2,"음주 전과 2회, 혈중알코올농도 0.116%, 운전거리 0.7km, 범행연도 2021"
5227,qwen,few_shot_open_book,2,2,"혈중알코올농도 0.160%, 운전거리 13.0km, 범행연도 2021"
5228,qwen,few_shot_open_book,3,3,"음주 전과 2회, 혈중알코올농도 0.211%, 운전거리 3.0km, 범행연도 2019"
5229,qwen,few_shot_open_book,2,2,"음주 전과 1회, 혈중알코올농도 0.119%, 운전거리 0.7km, 범행연도 2021"
5230,qwen,few_shot_open_book,2,3,"음주 전과 2회, 혈중알코올농도 0.085%, 운전거리 5.0km, 범행연도 2020"
5231,qwen,few_shot_open_book,1,1,"음주 전과 0회, 혈중알코올농도 0.066%, 운전거리 7.0km, 범행연도 2021"
5232,qwen,few_shot_open_book,2,2,"음주 전과 1회, 혈중알코올농도 0.166%, 운전거리 0.1km, 범행연도 2020"
5233,qwen,few_shot_open_book,2,2,"음주 전과 1회, 혈중알코올농도 0.172%, 운전거리 5.0km, 범행연도 2021"
5234,qwen,few_shot_open_book,2,1,"음주 전과 2회, 혈중알코올농도 0.033%, 운전거리 0.05km, 범행연도 2020"
5235,qwen,few_shot_open_book,2,2,"음주 전과 1회, 혈중알코올농도 0.181%, 운전거리 0.1km, 범행연도 2020"
5236,qwen,few_shot_open_book,2,3,"음주 전과 1회, 혈중알코올농도 0.278%, 운전거리 0.1km, 범행연도 2021"
5238,qwen,few_shot_open_book,2,2,"음주 전과 1회, 혈중알코올농도 0.099%, 운전거리 2.0km, 범행연도 2019"
5239,qwen,few_shot_open_book,2,2,"음주 전과 2회, 혈중알코올농도 0.163%, 운전거리 3.0km, 범행연도 2021"
5240,qwen,few_shot_open_book,2,2,"음주 전과 1회, 혈중알코올농도 0.096%, 운전거리 2.0km, 범행연도 2020"
5241,qwen,few_shot_open_book,2,2,"음주 전과 1회, 혈중알코올농도 0.128%, 운전거리 2.0km, 범행연도 2019"
5242,qwen,few_shot_open_book,2,2,"음주 전과 1회, 혈중알코올농도 0.195%, 운전거리 15.0km, 범행연도 2019"
5243,qwen,few_shot_open_book,3,2,"혈중알코올농도 0.229%, 운전거리 6.0km, 범행연도 2021"
5245,qwen,few_shot_open_book,1,2,"음주 전과 2회, 혈중알코올농도 0.094%, 운전거리 0.5km, 범행연도 2019"
5246,qwen,few_shot_open_book,0,2,"음주 전과 0회, 혈중알코올농도 0.179%, 운전거리 10.0km, 범행연도 2021"
5247,qwen,few_shot_open_book,0,2,"음주 전과 1회, 혈중알코올농도 0.056%, 운전거리 30.0km, 범행연도 2021"
5250,qwen,few_shot_open_book,3,2,"음주 전과 1회, 혈중알코올농도 0.227%, 운전거리 30.0m, 범행연도 2021"
5252,qwen,few_shot_open_book,2,3,"음주 전과 0회, 혈중알코올농도 0.088%, 운전거리 0.1km, 범행연도 2021"
5254,qwen,few_shot_open_book,2,2,"음주 전과 1회, 혈중알코올농도 0.112%, 운전거리 13.0km, 범행연도 2019"
5255,qwen,few_shot_open_book,2,3,"음주 전과 1회, 혈중알코올농도 0.128%, 운전거리 0.05km, 범행연도 2020"
5256,qwen,few_shot_open_book,2,2,"음주 전과 1회, 혈중알코올농도 0.096%, 운전거리 0.1km, 범행연도 2021"
5257,qwen,few_shot_open_book,2,2,"음주 전과 1회, 혈중알코올농도 0.032%, 운전거리 0.5km, 범행연도 2019"
5258,qwen,few_shot_open_book,2,2,"혈중알코올농도 0.211%, 음주 전과 0회, 운전거리 1.0km, 범행연도 2021"
5259,qwen,few_shot_open_book,2,2,"음주 전과 2회, 혈중알코올농도 0.143%, 운전거리 2.0km, 범행연도 2021"
5260,qwen,few_shot_open_book,2,3,"음주 전과 3회, 혈중알코올농도 0.195%, 운전거리 0.2km, 범행연도 2020"
5261,qwen,few_shot_open_book,2,2,"음주 전과 2회, 혈중알코올농도 0.107%, 운전거리 2.0km, 범행연도 2021"
5262,qwen,few_shot_open_book,2,2,"음주 전과 1회, 혈중알코올농도 0.067%, 운전거리 1.5km, 범행연도 2021"
5263,qwen,few_shot_open_book,1,2,"음주 전과 0회, 혈중알코올농도 0.085%, 운전거리 5.0km, 범행연도 2021"
5264,qwen,few_shot_open_book,1,2,"음주 전과 0회, 혈중알코올농도 0.159%, 운전거리 0.1km, 범행연도 2021"
5265,qwen,few_shot_open_book,2,3,"음주 전과 1회, 혈중알코올농도 0.107%, 운전거리 5.0km, 범행연도 2020"
5266,qwen,few_shot_open_book,2,3,"음주 전과 1회, 혈중알코올농도 0.111%, 운전거리 0.6km, 범행연도 2021"
5268,qwen,few_shot_open_book,2,1,"음주 전과 0회, 혈중알코올농도 0.116%, 운전거리 8.0km, 범행연도 2021"
5269,qwen,few_shot_open_book,0,2,"음주 전과 1회, 혈중알코올농도 0.198%, 운전거리 10.0km, 범행연도 2020"
5270,qwen,few_shot_open_book,3,1,"혈중알코올농도 0.202%, 운전거리 0.1km, 범행연도 2021"
5271,qwen,few_shot_open_book,3,2,"음주 전과 1회, 혈중알코올농도 0.155%, 운전거리 2.0km, 범행연도 2021"
5272,qwen,few_shot_open_book,2,1,"음주 전과 0회, 혈중알코올농도 0.125%, 운전거리 0.2km, 범행연도 2020"
5273,qwen,few_shot_open_book,1,2,"혈중알코올농도 0.287%, 운전거리 0.1km, 범행연도 2017"
5274,qwen,few_shot_open_book,0,3,"음주 전과 1회, 혈중알코올농도 0.203%, 운전거리 4.0km, 범행연도 2020"
5275,qwen,few_shot_open_book,1,1,"음주 전과 1회, 혈중알코올농도 0.102%, 운전거리 1.0km, 범행연도 2021"
5276,qwen,few_shot_open_book,2,2,"음주 전과 1회, 혈중알코올농도 0.163%, 운전거리 0.1km, 범행연도 2021"
5277,qwen,few_shot_open_book,2,3,"음주 전과 1회, 혈중알코올농도 0.136%, 운전거리 3.0km, 범행연도 2021"
5278,qwen,few_shot_open_book,2,3,"음주 전과 4회, 혈중알코올농도 0.145%, 운전거리 10.0km, 범행연도 2021"
5279,qwen,few_shot_open_book,2,3,"혈중알코올농도 0.253%, 운전거리 4.3km, 범행연도 2021"
5280,qwen,few_shot_open_book,3,3,"음주 전과 2회, 혈중알코올농도 0.143%, 운전거리 7.0km, 범행연도 2020"
5281,qwen,few_shot_open_book,0,1,"음주 전과 1회, 혈중알코올농도 0.069%, 운전거리 0.5km, 범행연도 2020"
5282,qwen,few_shot_open_book,2,3,"음주 전과 2회, 혈중알코올농도 0.179%, 운전거리 1.0km, 범행연도 2020"
5283,qwen,few_shot_open_book,1,1,"음주 전과 0회, 혈중알코올농도 0.131%, 운전거리 2.0km, 범행연도 2021"
5284,qwen,few_shot_open_book,2,3,"음주 전과 1회, 혈중알코올농도 0.108%, 운전거리 0.2km, 범행연도 2021"
5285,qwen,few_shot_open_book,2,2,"음주 전과 1회, 혈중알코올농도 0.153%, 운전거리 1.0km, 범행연도 2020"
5286,qwen,few_shot_open_book,2,2,"음주 전과 2회, 혈중알코올농도 0.194%, 운전거리 1.0km, 범행연도 2021"
5287,qwen,few_shot_open_book,2,3,"음주 전과 1회, 혈중알코올농도 0.207%, 운전거리 0.15km, 범행연도 2021"
5288,qwen,few_shot_open_book,0,3,"음주 전과 1회, 혈중알코올농도 0.197%, 운전거리 0.5km, 범행연도 2020"
5289,qwen,few_shot_open_book,2,2,"음주 전과 1회, 혈중알코올농도 0.074%, 운전거리 1.0km, 범행연도 2021"
5290,qwen,few_shot_open_book,2,2,"음주 전과 2회, 혈중알코올농도 0.102%, 운전거리 0.1km, 범행연도 2019"
5291,qwen,few_shot_open_book,2,2,"음주 전과 1회, 혈중알코올농도 0.168%, 운전거리 9.0km, 범행연도 2021"
5294,qwen,few_shot_open_book,2,2,"음주 전과 1회(10년 이상 경과), 혈중알코올농도 0.087%, 운전거리 0.02km, 범행연도 2019"
5295,qwen,few_shot_open_book,3,3,"음주 전과 1회, 혈중알코올농도 0.182%, 운전거리 6.0km, 범행연도 2021"
5297,qwen,few_shot_open_book,2,3,"음주 전과 4회, 혈중알코올농도 0.199%, 운전거리 4.0km, 범행연도 2020"
5298,qwen,few_shot_open_book,2,3,"음주 전과 1회, 혈중알코올농도 0.225%, 운전거리 5.0km, 범행연도 2020"
5299,qwen,few_shot_open_book,3,2,"음주 전과 1회, 혈중알코올농도 0.140%, 운전거리 0.1km, 범행연도 2021"
5300,qwen,few_shot_open_book,2,2,"음주 전과 1회, 혈중알코올농도 0.082%, 운전거리 15m, 범행연도 2021"
5301,qwen,few_shot_open_book,2,2,"음주 전과 2회, 혈중알코올농도 0.126%, 운전거리 0.1km, 범행연도 2020"
5302,qwen,few_shot_open_book,2,3,"음주 전과 1회, 혈중알코올농도 0.120%, 운전거리 2.0km, 범행연도 2021"
5303,qwen,few_shot_open_book,2,3,"음주 전과 2회, 혈중알코올농도 0.184%, 운전거리 0.5km, 범행연도 2020"
5304,qwen,few_shot_open_book,2,1,"혈중알코올농도 0.157%, 운전거리 15.0m, 범행연도 2022"
5306,qwen,few_shot_open_book,2,2,"혈중알코올농도 0.216%, 음주 전과 0회, 운전거리 0.2km, 범행연도 2020"
5307,qwen,few_shot_open_book,1,1,"음주 전과 0회, 혈중알코올농도 0.151%, 운전거리 0.2km, 범행연도 2021"
5308,qwen,few_shot_open_book,2,3,"음주 전과 1회, 혈중알코올농도 0.130%, 운전거리 0.5km, 범행연도 2021"
5309,qwen,few_shot_open_book,0,2,"음주 전과 0회, 혈중알코올농도 0.106%, 운전거리 1.5km, 범행연도 2019"
5311,qwen,few_shot_open_book,2,3,"음주 전과 3회, 혈중알코올농도 0.191%, 운전거리 0.2km, 범행연도 2019"
5313,qwen,few_shot_open_book,0,2,"음주 전과 2회, 혈중알코올농도 0.081%, 운전거리 5.0m, 범행연도 2020"
5314,qwen,few_shot_open_book,2,2,"혈중알코올농도 0.174%, 운전거리 14.0km, 범행연도 2021"
5315,qwen,few_shot_open_book,2,3,"음주 전과 1회, 혈중알코올농도 0.172%, 범행연도 2020"
5316,qwen,few_shot_open_book,2,1,"음주 전과 0회, 혈중알코올농도 0.111%, 운전거리 0.14km, 범행연도 2021"
5317,qwen,few_shot_open_book,2,3,"혈중알코올농도 0.352%, 운전거리 2.0km, 범행연도 2020"
5320,qwen,few_shot_open_book,0,2,"음주 전과 1회, 혈중알코올농도 0.139%, 운전거리 13.0km, 범행연도 2020"
5321,qwen,few_shot_open_book,2,2,"음주 전과 0회, 혈중알코올농도 0.191%, 운전거리 0.015km, 범행연도 2021"
5322,qwen,few_shot_open_book,2,2,"음주 전과 2회, 혈중알코올농도 0.064%, 운전거리 10.0km, 범행연도 2019"
5323,qwen,few_shot_open_book,0,2,"음주 전과 1회, 혈중알코올농도 0.037%, 운전거리 10.0km, 범행연도 2019"
5324,qwen,few_shot_open_book,2,2,"음주 전과 2회, 혈중알코올농도 0.229%, 운전거리 4.0km, 범행연도 2020"
5325,qwen,few_shot_open_book,3,3,"음주 전과 2회, 혈중알코올농도 0.206%, 운전거리 11.6km, 범행연도 2021"
5326,qwen,few_shot_open_book,2,3,"혈중알코올농도 0.203%, 운전거리 3.0km, 범행연도 2021"
5327,qwen,few_shot_open_book,2,3,"음주 전과 1회, 혈중알코올농도 0.081%, 운전거리 10.0km, 범행연도 2020"
5328,qwen,few_shot_open_book,2,1,"음주 전과 0회, 혈중알코올농도 0.098%, 운전거리 0.7km, 범행연도 2020"
5329,qwen,few_shot_open_book,2,2,"혈중알코올농도 0.194%, 운전거리 14.0km, 범행연도 2021"
5330,qwen,few_shot_open_book,2,3,"음주 전과 1회, 혈중알코올농도 0.086%, 운전거리 5.5km, 범행연도 2019"
5331,qwen,few_shot_open_book,2,3,"혈중알코올농도 0.258%, 운전거리 0.5km, 범행연도 2021"
5332,qwen,few_shot_open_book,2,2,"음주 전과 2회, 혈중알코올농도 0.103%, 운전거리 2.0km, 범행연도 2020"
5333,qwen,few_shot_open_book,2,3,"음주 전과 2회, 혈중알코올농도 0.102%, 운전거리 2.0km, 범행연도 2019"
5335,qwen,few_shot_open_book,0,2,"음주 전과 2회, 혈중알코올농도 0.046%, 운전거리 0.75km, 범행연도 2021"
5336,qwen,few_shot_open_book,3,2,"음주 전과 1회, 혈중알코올농도 0.115%, 운전거리 4.5km, 범행연도 2021"
5337,qwen,few_shot_open_book,2,2,"음주 전과 1회, 혈중알코올농도 0.094%, 운전거리 0.5km, 범행연도 2021"
5338,qwen,few_shot_open_book,0,2,"음주 전과 0회, 혈중알코올농도 0.216%, 운전거리 0.01km, 범행연도 2021"
5339,qwen,few_shot_open_book,2,1,"음주 전과 0회, 혈중알코올농도 0.078%, 운전거리 0.8km, 범행연도 2021"
5340,qwen,few_shot_open_book,3,2,"음주 전과 1회, 혈중알코올농도 0.140%, 운전거리 13.0km, 범행연도 2020"
5341,qwen,few_shot_open_book,2,1,"혈중알코올농도 0.103%, 운전거리 1.0km, 범행연도 2021"
5342,qwen,few_shot_open_book,2,1,"음주 전과 0회, 혈중알코올농도 0.135%, 운전거리 2.0km, 범행연도 2020"
5343,qwen,few_shot_open_book,2,3,"음주 전과 2회, 혈중알코올농도 0.149%, 운전거리 12.0km, 범행연도 2021"
5344,qwen,few_shot_open_book,2,2,"음주 전과 1회, 혈중알코올농도 0.175%, 운전거리 0.3km, 범행연도 2020"
5345,qwen,few_shot_open_book,2,2,"음주 전과 1회, 혈중알코올농도 0.186%, 운전거리 1.0km, 범행연도 2021"
5346,qwen,few_shot_open_book,2,2,"혈중알코올농도 0.207%, 운전거리 2.0km, 음주 전과 0회"
5347,qwen,few_shot_open_book,2,2,"음주 전과 1회, 혈중알코올농도 0.159%, 운전거리 0.5km, 범행연도 2020"
5348,qwen,few_shot_open_book,2,2,"음주 전과 1회, 혈중알코올농도 0.058%, 운전거리 5.0km, 범행연도 2020"
5349,qwen,few_shot_open_book,2,2,"음주 전과 1회, 혈중알코올농도 0.073%, 운전거리 0.05km, 범행연도 2021"
5350,qwen,few_shot_open_book,2,2,"음주 전과 1회, 혈중알코올농도 0.172%, 운전거리 2.1km, 범행연도 2020"
5351,qwen,few_shot_open_book,2,2,"음주 전과 3회, 혈중알코올농도 0.168%, 운전거리 2.5km, 범행연도 2020"
5352,qwen,few_shot_open_book,0,2,"음주 전과 1회, 혈중알코올농도 0.067%, 운전거리 18.0km, 범행연도 2019"
5353,qwen,few_shot_open_book,0,2,"음주 전과 2회, 혈중알코올농도 0.113%, 운전거리 1.0m, 범행연도 2020"
5354,qwen,few_shot_open_book,3,3,"혈중알코올농도 0.226%, 운전거리 4.0km, 범행연도 2019"
5355,qwen,few_shot_open_book,2,3,"음주 전과 1회, 혈중알코올농도 0.198%, 운전거리 6.0km, 범행연도 2021"
5356,qwen,few_shot_open_book,2,2,"음주 전과 2회, 혈중알코올농도 0.182%, 운전거리 5.0km, 범행연도 2019"
5357,qwen,few_shot_open_book,2,3,"음주 전과 2회, 혈중알코올농도 0.199%, 운전거리 2.0km, 범행연도 2021"
5358,qwen,few_shot_open_book,2,1,"음주 전과 0회, 혈중알코올농도 0.102%, 운전거리 0.05km, 범행연도 2021"
5359,qwen,few_shot_open_book,2,2,"음주 전과 1회, 혈중알코올농도 0.158%, 운전거리 0.3km, 범행연도 2020"
5360,qwen,few_shot_open_book,0,1,"음주 전과 0회, 혈중알코올농도 0.103%, 운전거리 1.0m, 범행연도 2019"
5361,qwen,few_shot_open_book,2,3,"음주 전과 4회, 혈중알코올농도 0.172%, 운전거리 3.0km, 범행연도 2020"
5363,qwen,few_shot_open_book,2,2,"음주 전과 2회, 혈중알코올농도 0.149%, 운전거리 0.01km, 범행연도 2021"
5364,qwen,few_shot_open_book,1,1,"음주 전과 0회, 혈중알코올농도 0.126%, 운전거리 0.5km, 범행연도 2020"
5366,qwen,few_shot_open_book,0,0,"음주 전과 0회, 혈중알코올농도 0.056%, 운전거리 0.6km, 범행연도 2021"
5367,qwen,few_shot_open_book,3,3,"음주 전과 1회, 혈중알코올농도 0.203%, 운전거리 4.0km, 범행연도 2020"
5368,qwen,few_shot_open_book,1,2,"음주 전과 0회, 혈중알코올농도 0.182%, 운전거리 5.0km, 범행연도 2021"
5370,qwen,few_shot_open_book,0,2,"음주 전과 0회, 혈중알코올농도 0.123%, 운전거리 0.2km, 범행연도 2021"
5371,qwen,few_shot_open_book,2,2,"음주 전과 1회, 혈중알코올농도 0.115%, 운전거리 2.0km, 범행연도 2019"
5373,qwen,few_shot_open_book,2,3,"음주 전과 1회, 혈중알코올농도 0.114%, 운전거리 2.0km, 범행연도 2020"
5374,qwen,few_shot_open_book,2,3,"음주 전과 2회, 혈중알코올농도 0.168%, 운전거리 1.0km, 범행연도 2021"
5375,qwen,few_shot_open_book,2,2,"음주 전과 3회, 혈중알코올농도 0.137%, 운전거리 1.1km, 범행연도 2021"
5376,qwen,few_shot_open_book,3,2,"음주 전과 1회, 혈중알코올농도 0.098%, 운전거리 4.0km, 범행연도 2021"
5377,qwen,few_shot_open_book,2,3,"혈중알코올농도 0.159%, 운전거리 20.0km, 범행연도 2021"
5379,qwen,few_shot_open_book,2,3,"음주 전과 2회, 혈중알코올농도 0.142%, 운전거리 2.5km, 범행연도 2021"
5380,qwen,few_shot_open_book,1,2,"혈중알코올농도 0.135%, 운전거리 4.0km, 범행연도 2019"
5381,qwen,few_shot_open_book,2,3,"음주 전과 3회, 혈중알코올농도 0.111%, 운전거리 2.0km, 범행연도 2021"
5383,qwen,few_shot_open_book,2,1,"음주 전과 0회, 혈중알코올농도 0.172%, 운전거리 0.01km, 범행연도 2021"
5384,qwen,few_shot_open_book,0,1,"음주 전과 0회, 혈중알코올농도 0.116%, 운전거리 2.0km, 범행연도 2020"
5385,qwen,few_shot_open_book,3,3,"혈중알코올농도 0.206%, 범행연도 2021"
5387,qwen,few_shot_open_book,3,3,"음주 전과 1회, 혈중알코올농도 0.118%, 운전거리 2.0km, 범행연도 2021"
5388,qwen,few_shot_open_book,2,2,"음주 전과 2회, 혈중알코올농도 0.122%, 운전거리 0.6km, 범행연도 2021"
5389,qwen,few_shot_open_book,2,3,"음주 전과 1회, 혈중알코올농도 0.086%, 운전거리 7.0km, 범행연도 2020"
5390,qwen,few_shot_open_book,2,2,"음주 전과 3회, 혈중알코올농도 0.122%, 운전거리 0.4km, 범행연도 2021"
5391,qwen,few_shot_open_book,2,2,"음주 전과 1회, 혈중알코올농도 0.127%, 운전거리 6.0km, 범행연도 2020"
5392,qwen,few_shot_open_book,2,3,"음주 전과 1회, 혈중알코올농도 0.159%, 운전거리 0.03km, 범행연도 2020"
5393,qwen,few_shot_open_book,3,3,"음주 전과 3회, 혈중알코올농도 0.185%, 운전거리 0.5km, 범행연도 2019"
5395,qwen,few_shot_open_book,2,3,"음주 전과 1회, 혈중알코올농도 0.169%, 운전거리 3.0km, 범행연도 2021"
5396,qwen,few_shot_open_book,2,2,"음주 전과 1회, 혈중알코올농도 0.206%, 운전거리 2.0km, 범행연도 2021"
5398,qwen,few_shot_open_book,2,3,"음주 전과 2회, 혈중알코올농도 0.115%, 운전거리 10.0km, 범행연도 2021"
5399,qwen,few_shot_open_book,3,3,"음주 전과 2회, 혈중알코올농도 0.101%, 운전거리 20.0km, 범행연도 2019"
5400,qwen,few_shot_open_book,2,2,"음주 전과 2회, 혈중알코올농도 0.125%, 운전거리 0.35km, 범행연도 2020"
5401,qwen,few_shot_open_book,2,2,"음주 전과 1회, 혈중알코올농도 0.066%, 운전거리 0.85km, 범행연도 2021"
5402,qwen,few_shot_open_book,2,2,"음주 전과 1회, 혈중알코올농도 0.080%, 운전거리 0.3km, 범행연도 2021"
5403,qwen,few_shot_open_book,2,2,"음주 전과 1회, 혈중알코올농도 0.050%, 운전거리 0.7km, 범행연도 2021"
5404,qwen,few_shot_open_book,0,2,"음주 전과 1회, 혈중알코올농도 0.037%, 운전거리 13.0km, 범행연도 2020"
5405,qwen,few_shot_open_book,2,2,"음주 전과 1회, 혈중알코올농도 0.232%, 운전거리 0.03km, 범행연도 2020"
5406,qwen,few_shot_open_book,2,2,"음주 전과 1회, 혈중알코올농도 0.228%, 운전거리 0.8km, 범행연도 2019"
5407,qwen,few_shot_open_book,2,3,"음주 전과 1회, 혈중알코올농도 0.166%, 운전거리 2.5km, 범행연도 2020"
5408,qwen,few_shot_open_book,2,2,"음주 전과 1회, 혈중알코올농도 0.048%, 운전거리 0.12km, 범행연도 2019"
5409,qwen,few_shot_open_book,2,1,"음주 전과 0회, 혈중알코올농도 0.189%, 운전거리 2.5km, 범행연도 2021"
5410,qwen,few_shot_open_book,1,1,"혈중알코올농도 0.078%, 운전거리 90.0km, 차종 화물차"
5411,qwen,few_shot_open_book,2,2,"음주 전과 1회, 혈중알코올농도 0.154%, 운전거리 5.0km, 범행연도 2020"
5412,qwen,few_shot_open_book,2,2,"음주 전과 2회, 혈중알코올농도 0.137%, 운전거리 10.0km, 범행연도 2019"
5413,qwen,few_shot_open_book,2,2,"음주 전과 2회, 혈중알코올농도 0.058%, 운전거리 8.0km, 범행연도 2021"
5414,qwen,few_shot_open_book,0,2,"음주 전과 1회, 혈중알코올농도 0.128%, 운전거리 0.005km, 범행연도 2020"
5416,qwen,few_shot_open_book,2,2,"음주 전과 2회, 혈중알코올농도 0.157%, 운전거리 0.5km, 범행연도 2020"
5417,qwen,few_shot_open_book,2,3,"음주 전과 1회, 혈중알코올농도 0.085%, 운전거리 23.0km, 범행연도 2020"
5418,qwen,few_shot_open_book,2,2,"음주 전과 4회, 혈중알코올농도 0.093%, 운전거리 1.0km, 범행연도 2021"
5420,qwen,few_shot_open_book,1,1,"음주 전과 0회, 혈중알코올농도 0.035%, 운전거리 0.5km, 범행연도 2019"
5421,qwen,few_shot_open_book,2,2,"음주 전과 1회, 혈중알코올농도 0.180%, 운전거리 0.15km, 범행연도 2021"
5422,qwen,few_shot_open_book,2,2,"음주 전과 1회, 혈중알코올농도 0.077%, 운전거리 1.0km, 범행연도 2020"
5423,qwen,few_shot_open_book,2,2,"혈중알코올농도 0.224%, 운전거리 0.12km, 범행연도 2022"
5424,qwen,few_shot_open_book,2,2,"음주 전과 1회, 혈중알코올농도 0.096%, 운전거리 0.6km, 범행연도 2021"
5425,qwen,few_shot_open_book,2,2,"음주 전과 1회, 혈중알코올농도 0.121%, 운전거리 1.5km, 범행연도 2020"
5426,qwen,few_shot_open_book,2,3,"음주 전과 2회, 혈중알코올농도 0.154%, 운전거리 3.0km, 범행연도 2019"
5427,qwen,few_shot_open_book,3,3,"음주 전과 2회, 혈중알코올농도 0.187%, 운전거리 10.0km, 범행연도 2019"
5428,qwen,few_shot_open_book,2,2,"음주 전과 1회, 혈중알코올농도 0.097%, 운전거리 1.0m, 범행연도 2019"
5429,qwen,few_shot_open_book,2,2,"음주 전과 1회, 혈중알코올농도 0.045%, 운전거리 20.0km, 범행연도 2019"
5430,qwen,few_shot_open_book,2,2,"음주 전과 1회, 혈중알코올농도 0.155%, 운전거리 10.0m, 범행연도 2020"
5431,qwen,few_shot_open_book,2,2,"음주 전과 1회, 혈중알코올농도 0.108%, 운전거리 10.0km, 범행연도 2019"
5432,qwen,few_shot_open_book,2,2,"음주 전과 1회, 혈중알코올농도 0.116%, 운전거리 70.0km, 범행연도 2021"
5433,qwen,few_shot_open_book,1,3,"음주 전과 2회, 혈중알코올농도 0.125%, 운전거리 0.92km, 범행연도 2015"
5434,qwen,few_shot_open_book,2,2,"음주 전과 1회, 혈중알코올농도 0.167%, 운전거리 20.0km, 범행연도 2021"
5435,qwen,few_shot_open_book,2,2,"음주 전과 1회, 혈중알코올농도 0.056%, 운전거리 1.0km, 범행연도 2019"
5436,qwen,few_shot_open_book,1,3,"혈중알코올농도 0.114%, 운전거리 2.0km, 범행연도 2021"
5437,qwen,few_shot_open_book,2,3,"음주 전과 1회, 혈중알코올농도 0.131%, 운전거리 0.3km, 범행연도 2020"
5438,qwen,few_shot_open_book,2,3,"음주 전과 2회, 혈중알코올농도 0.140%, 운전거리 0.03km, 범행연도 2021"
5439,qwen,few_shot_open_book,3,3,"음주 전과 2회, 혈중알코올농도 0.100%, 운전거리 100.0km, 범행연도 2019"
5440,qwen,few_shot_open_book,2,2,"음주 전과 1회, 혈중알코올농도 0.076%, 운전거리 10.0km, 범행연도 2019"
5441,qwen,few_shot_open_book,2,2,"음주 전과 1회, 혈중알코올농도 0.119%, 운전거리 3.0km, 범행연도 2019"
5444,qwen,few_shot_open_book,2,2,"음주 전과 1회, 혈중알코올농도 0.056%, 운전거리 1.5km, 범행연도 2021"
5445,qwen,few_shot_open_book,2,3,"음주 전과 2회, 혈중알코올농도 0.181%, 운전거리 2.0km, 범행연도 2020"
5446,qwen,few_shot_open_book,2,2,"혈중알코올농도 0.261%, 음주 전과 0회, 운전거리 0.1km, 범행연도 2019"
5447,qwen,few_shot_open_book,2,2,"음주 전과 2회, 혈중알코올농도 0.057%, 운전거리 3.0km, 범행연도 2021"
5448,qwen,few_shot_open_book,2,2,"음주 전과 2회, 혈중알코올농도 0.112%, 운전거리 2.0km, 범행연도 2020"
5449,qwen,few_shot_open_book,2,2,"음주 전과 0회, 혈중알코올농도 0.137%, 운전거리 5.0km, 범행연도 2021"
5450,qwen,few_shot_open_book,3,3,"음주 전과 2회, 혈중알코올농도 0.227%, 운전거리 3.0km, 범행연도 2020"
5453,qwen,few_shot_open_book,2,2,"음주 전과 1회, 혈중알코올농도 0.150%, 운전거리 0.1km, 범행연도 2021"
5454,qwen,few_shot_open_book,0,2,"음주 전과 1회, 혈중알코올농도 0.043%, 운전거리 0.5km, 범행연도 2021"
5455,qwen,few_shot_open_book,0,2,"음주 전과 1회, 혈중알코올농도 0.119%, 운전거리 4.0km, 범행연도 2021"
5456,qwen,few_shot_open_book,3,2,"혈중알코올농도 0.197%, 운전거리 50.0km, 범행연도 2022"
5457,qwen,few_shot_open_book,2,3,"음주 전과 1회, 혈중알코올농도 0.221%, 운전거리 4.0km, 범행연도 2020"
5459,qwen,few_shot_open_book,0,2,"음주 전과 1회, 혈중알코올농도 0.047%, 운전거리 1.0km, 범행연도 2019"
5460,qwen,few_shot_open_book,2,2,"음주 전과 1회, 혈중알코올농도 0.182%, 운전거리 2.0m, 범행연도 2021"
5461,qwen,few_shot_open_book,1,2,"혈중알코올농도 0.092%, 운전거리 12.0km, 범행연도 2021"
5462,qwen,few_shot_open_book,2,2,"음주 전과 1회, 혈중알코올농도 0.049%, 운전거리 1.5km, 범행연도 2019"
5463,qwen,few_shot_open_book,3,3,"음주 전과 3회, 혈중알코올농도 0.238%, 운전거리 3.0km, 범행연도 2021"
5464,qwen,few_shot_open_book,2,1,"음주 전과 0회, 혈중알코올농도 0.155%, 운전거리 1.0km, 범행연도 2021"
5465,qwen,few_shot_open_book,2,2,"음주 전과 1회, 혈중알코올농도 0.043%, 운전거리 8.0km, 범행연도 2020"
5466,qwen,few_shot_open_book,2,2,"음주 전과 4회, 혈중알코올농도 0.106%, 운전거리 0.1km, 범행연도 2021"
5467,qwen,few_shot_open_book,2,3,"혈중알코올농도 0.238%, 운전거리 2.0m, 범행연도 2021"
5468,qwen,few_shot_open_book,3,2,"음주 전과 1회, 혈중알코올농도 0.074%, 운전거리 0.8km, 범행연도 2021"
5470,qwen,few_shot_open_book,2,2,"음주 전과 1회, 혈중알코올농도 0.186%, 운전거리 2.0km, 범행연도 2021"
5471,qwen,few_shot_open_book,0,2,"음주 전과 1회, 혈중알코올농도 0.042%, 운전거리 3.0km, 범행연도 2019"
5473,qwen,few_shot_open_book,3,3,"음주 전과 1회, 혈중알코올농도 0.192%, 운전거리 0.05km, 범행연도 2021"
5474,qwen,few_shot_open_book,1,2,"음주 전과 0회, 혈중알코올농도 0.108%, 운전거리 31.0km, 범행연도 2021"
5475,qwen,few_shot_open_book,1,2,"음주 전과 2회, 혈중알코올농도 0.030%, 운전거리 0.1km, 범행연도 2021"
5476,qwen,few_shot_open_book,2,3,"음주 전과 2회, 혈중알코올농도 0.188%, 운전거리 0.6km, 범행연도 2021"
5477,qwen,few_shot_open_book,1,1,"혈중알코올농도 0.079%, 운전거리 0.5km, 범행연도 2021"
5478,qwen,few_shot_open_book,2,2,"음주 전과 0회, 혈중알코올농도 0.211%, 운전거리 0.5km, 범행연도 2021"
5479,qwen,few_shot_open_book,1,1,"혈중알코올농도 0.132%, 운전거리 0.2km, 범행연도 2021"
5480,qwen,few_shot_open_book,1,2,"음주 전과 1회, 혈중알코올농도 0.082%, 운전거리 2.0km, 범행연도 2020"
5481,qwen,few_shot_open_book,0,2,"음주 전과 1회, 혈중알코올농도 0.119%, 운전거리 0.3km, 범행연도 2019"
5482,qwen,few_shot_open_book,2,3,"음주 전과 1회, 혈중알코올농도 0.195%, 운전거리 3.0km, 범행연도 2021"
5483,qwen,few_shot_open_book,2,2,"혈중알코올농도 0.244%, 운전거리 0.2km, 범행연도 2021"
5484,qwen,few_shot_open_book,2,3,"혈중알코올농도 0.134%, 운전거리 0.5km, 범행연도 2019, 음주 전과 2회"
5485,qwen,few_shot_open_book,2,3,"음주 전과 1회, 혈중알코올농도 0.102%, 운전거리 0.5km, 범행연도 2021"
5486,qwen,few_shot_open_book,2,2,"음주 전과 1회, 혈중알코올농도 0.142%, 운전거리 2.0m, 범행연도 2021"
5487,qwen,few_shot_open_book,2,2,"음주 전과 2회, 혈중알코올농도 0.128%, 운전거리 68.0km, 범행연도 2021"
5488,qwen,few_shot_open_book,0,1,"음주 전과 0회, 혈중알코올농도 0.157%, 운전거리 0.5km, 범행연도 2020"
5489,qwen,few_shot_open_book,0,3,"음주 전과 2회, 혈중알코올농도 0.102%, 운전거리 0.5km, 범행연도 2020"
5490,qwen,few_shot_open_book,2,1,"음주 전과 0회, 혈중알코올농도 0.089%, 운전거리 1.5km, 범행연도 2021"
5491,qwen,few_shot_open_book,0,2,"음주 전과 1회, 혈중알코올농도 0.069%, 운전거리 1.5km, 범행연도 2021"
5492,qwen,few_shot_open_book,0,1,"음주 전과 0회, 혈중알코올농도 0.147%, 운전거리 11.0km, 범행연도 2020"
5493,qwen,few_shot_open_book,2,2,"음주 전과 1회, 혈중알코올농도 0.190%, 운전거리 1.0km, 범행연도 2020"
5495,qwen,few_shot_open_book,2,3,"음주 전과 2회, 혈중알코올농도 0.141%, 운전거리 0.1km, 범행연도 2021"
5496,qwen,few_shot_open_book,1,1,"혈중알코올농도 0.064%, 운전거리 5.0km, 범행연도 2021"
5497,qwen,few_shot_open_book,2,2,"음주 전과 0회, 혈중알코올농도 0.098%, 운전거리 2.0km, 범행연도 2021"
5498,qwen,few_shot_open_book,2,1,"음주 전과 0회, 혈중알코올농도 0.106%, 운전거리 3.3km, 범행연도 2021"
5499,qwen,few_shot_open_book,0,2,"음주 전과 1회, 혈중알코올농도 0.120%, 운전거리 0.4km, 범행연도 2019"
5501,qwen,few_shot_open_book,2,2,"음주 전과 1회, 혈중알코올농도 0.142%, 운전거리 2.7km, 범행연도 2021"
5502,qwen,few_shot_open_book,2,2,"음주 전과 1회, 혈중알코올농도 0.079%, 운전거리 0.5km, 범행연도 2020"
5503,qwen,few_shot_open_book,1,2,"혈중알코올농도 0.151%, 운전거리 15.0km, 범행연도 2021"
5504,qwen,few_shot_open_book,2,2,"음주 전과 1회, 혈중알코올농도 0.147%, 운전거리 0.6km, 범행연도 2021"
5506,qwen,few_shot_open_book,2,3,"음주 전과 3회, 혈중알코올농도 0.082%, 운전거리 0.1km, 범행연도 2020"
5507,qwen,few_shot_open_book,2,2,"음주 전과 1회, 혈중알코올농도 0.200%, 운전거리 5.0m, 범행연도 2021"
5508,qwen,few_shot_open_book,2,2,"혈중알코올농도 0.108%, 운전거리 7.0km, 범행연도 2021"
5509,qwen,few_shot_open_book,2,3,"음주 전과 1회, 혈중알코올농도 0.099%, 운전거리 4.0km, 범행연도 2020"
5510,qwen,few_shot_open_book,2,2,"음주 전과 1회, 혈중알코올농도 0.156%, 운전거리 0.5km, 범행연도 2021"
5511,qwen,few_shot_open_book,0,3,"음주 전과 1회, 혈중알코올농도 0.270%, 운전거리 0.5km, 범행연도 2020"
5512,qwen,few_shot_open_book,2,2,"음주 전과 1회, 혈중알코올농도 0.190%, 범행연도 2019"
5513,qwen,few_shot_open_book,1,1,"음주 전과 0회, 혈중알코올농도 0.099%, 운전거리 1.0km, 범행연도 2021"
5514,qwen,few_shot_open_book,2,2,"음주 전과 2회, 혈중알코올농도 0.081%, 운전거리 0.5km, 범행연도 2021"
5515,qwen,few_shot_open_book,2,2,"음주 전과 1회, 혈중알코올농도 0.110%, 운전거리 1.0km, 범행연도 2020"
5516,qwen,few_shot_open_book,2,3,"음주 전과 2회, 혈중알코올농도 0.245%, 운전거리 0.04km, 범행연도 2020"
5518,qwen,few_shot_open_book,2,2,"혈중알코올농도 0.187%, 운전거리 1.0km, 범행연도 2021"
5519,qwen,few_shot_open_book,2,2,"음주 전과 2회, 혈중알코올농도 0.041%, 운전거리 0.01km, 범행연도 2021"
5520,qwen,few_shot_open_book,2,1,"혈중알코올농도 0.232%, 운전거리 1.0km, 범행연도 2020"
5522,qwen,few_shot_open_book,2,3,"음주 전과 1회, 혈중알코올농도 0.114%, 운전거리 0.5km, 범행연도 2019"
5523,qwen,few_shot_open_book,2,2,"음주 전과 1회, 혈중알코올농도 0.132%, 운전거리 0.05km, 범행연도 2021"
5525,qwen,few_shot_open_book,0,2,"음주 전과 1회, 혈중알코올농도 0.099%, 운전거리 5.0km, 범행연도 2020"
5526,qwen,few_shot_open_book,2,2,"음주 전과 2회, 혈중알코올농도 0.186%, 운전거리 0.1km, 범행연도 2019"
5527,qwen,few_shot_open_book,2,1,"음주 전과 0회, 혈중알코올농도 0.140%, 운전거리 2.0m, 범행연도 2021"
5528,qwen,few_shot_open_book,2,3,"음주 전과 1회, 혈중알코올농도 0.169%, 운전거리 2.0km, 범행연도 2020"
5529,qwen,few_shot_open_book,2,3,"음주 전과 1회, 혈중알코올농도 0.196%, 운전거리 50.0km, 범행연도 2020"
5530,qwen,few_shot_open_book,2,2,"음주 전과 1회, 혈중알코올농도 0.107%, 운전거리 1.5km, 범행연도 2020"
5531,qwen,few_shot_open_book,3,2,"음주 전과 3회, 혈중알코올농도 0.165%, 운전거리 3.0km, 범행연도 2020"
5532,qwen,few_shot_open_book,2,2,"음주 전과 1회, 혈중알코올농도 0.194%, 운전거리 0.3km, 범행연도 2021"
5533,qwen,few_shot_open_book,2,3,"음주 전과 1회, 혈중알코올농도 0.178%, 운전거리 0.4km, 범행연도 2020"
5535,qwen,few_shot_open_book,2,2,"음주 전과 1회, 혈중알코올농도 0.099%, 운전거리 1.0km, 범행연도 2020"
5536,qwen,few_shot_open_book,2,2,"음주 전과 2회, 혈중알코올농도 0.082%, 운전거리 0.2km, 범행연도 2020"
5537,qwen,few_shot_open_book,2,2,"음주 전과 1회, 혈중알코올농도 0.146%, 운전거리 0.03km, 범행연도 2020"
5538,qwen,few_shot_open_book,2,2,"음주 전과 1회, 혈중알코올농도 0.104%, 운전거리 5.0km, 범행연도 2020"
5540,qwen,few_shot_open_book,3,3,"음주 전과 3회, 혈중알코올농도 0.130%, 운전거리 60.0km, 범행연도 2020"
5541,qwen,few_shot_open_book,1,0,"음주 전과 0회, 혈중알코올농도 0.047%, 운전거리 2.0km, 범행연도 2021"
5542,qwen,few_shot_open_book,2,3,"음주 전과 1회, 혈중알코올농도 0.095%, 운전거리 4.0km, 범행연도 2021"
5544,qwen,few_shot_open_book,2,3,"음주 전과 2회, 혈중알코올농도 0.107%, 운전거리 4.3km, 범행연도 2021"
5545,qwen,few_shot_open_book,3,3,"음주 전과 1회, 혈중알코올농도 0.156%, 운전거리 0.7km, 범행연도 2020"
5546,qwen,few_shot_open_book,2,3,"음주 전과 2회, 혈중알코올농도 0.126%, 운전거리 2.0km, 범행연도 2020"
5547,qwen,few_shot_open_book,2,2,"음주 전과 1회, 혈중알코올농도 0.208%, 운전거리 1.8km, 범행연도 2021"
5548,qwen,few_shot_open_book,2,2,"음주 전과 1회, 혈중알코올농도 0.064%, 운전거리 0.3km, 범행연도 2019"
5549,qwen,few_shot_open_book,3,2,"음주 전과 1회, 혈중알코올농도 0.213%, 운전거리 1.0km, 범행연도 2021"
5550,qwen,few_shot_open_book,2,3,"음주 전과 2회, 혈중알코올농도 0.196%, 운전거리 0.15km, 범행연도 2021"
5551,qwen,few_shot_open_book,2,2,"음주 전과 2회, 혈중알코올농도 0.143%, 운전거리 0.2km, 범행연도 2020"
5552,qwen,few_shot_open_book,2,2,"음주 전과 1회, 혈중알코올농도 0.111%, 운전거리 1.0km, 범행연도 2021"
5553,qwen,few_shot_open_book,2,1,"혈중알코올농도 0.141%, 운전거리 0.3km, 범행연도 2021"
5554,qwen,few_shot_open_book,2,2,"음주 전과 1회, 혈중알코올농도 0.132%, 운전거리 10.0km, 범행연도 2020"
5555,qwen,few_shot_open_book,2,3,"음주 전과 1회, 혈중알코올농도 0.174%, 운전거리 0.45km, 범행연도 2019"
5556,qwen,few_shot_open_book,2,1,"혈중알코올농도 0.144%, 운전거리 1.4km, 범행연도 2021"
5559,qwen,few_shot_open_book,3,1,"음주 전과 0회, 혈중알코올농도 0.131%, 운전거리 10.0m, 범행연도 2020"
5560,qwen,few_shot_open_book,0,1,"음주 전과 0회, 혈중알코올농도 0.054%, 운전거리 3.0km, 범행연도 2021"
5561,qwen,few_shot_open_book,0,1,"음주 전과 0회, 혈중알코올농도 0.179%, 운전거리 0.05km, 범행연도 2019"
5562,qwen,few_shot_open_book,2,2,"음주 전과 1회, 혈중알코올농도 0.118%, 운전거리 1.0km, 범행연도 2020"
5563,qwen,few_shot_open_book,2,1,"음주 전과 0회, 혈중알코올농도 0.117%, 운전거리 1.1km, 범행연도 2021"
5564,qwen,few_shot_open_book,2,2,"혈중알코올농도 0.208%, 운전거리 24.0km, 범행연도 2019"
5565,qwen,few_shot_open_book,0,2,"음주 전과 1회, 혈중알코올농도 0.185%, 운전거리 2.0km, 범행연도 2020"
5566,qwen,few_shot_open_book,2,2,"음주 전과 1회, 혈중알코올농도 0.045%, 운전거리 0.7km, 범행연도 2020"
5568,qwen,few_shot_open_book,0,3,"음주 전과 1회, 혈중알코올농도 0.123%, 운전거리 4.0km, 범행연도 2020"
5569,qwen,few_shot_open_book,2,3,"음주 전과 1회, 혈중알코올농도 0.265%, 운전거리 5.0km, 범행연도 2021"
5570,qwen,few_shot_open_book,2,2,"음주 전과 1회, 혈중알코올농도 0.159%, 운전거리 3.0km, 범행연도 2021"
5571,qwen,few_shot_open_book,2,2,"음주 전과 1회, 혈중알코올농도 0.034%, 운전거리 0.1km, 범행연도 2020"
5572,qwen,few_shot_open_book,0,2,"음주 전과 1회, 혈중알코올농도 0.093%, 운전거리 1.0km, 범행연도 2021"
5573,qwen,few_shot_open_book,0,2,"음주 전과 0회, 혈중알코올농도 0.133%, 운전거리 1.0km, 범행연도 2021"
5574,qwen,few_shot_open_book,0,2,"음주 전과 0회, 혈중알코올농도 0.128%, 운전거리 52.7km, 범행연도 2020"
5575,qwen,few_shot_open_book,2,2,"음주 전과 1회, 혈중알코올농도 0.102%, 운전거리 3.0km, 범행연도 2021"
5576,qwen,few_shot_open_book,2,2,"음주 전과 1회, 혈중알코올농도 0.076%, 운전거리 0.03km, 범행연도 2021"
5578,qwen,few_shot_open_book,2,1,"음주 전과 0회, 혈중알코올농도 0.193%, 운전거리 8.0km, 범행연도 2021"
5580,qwen,few_shot_open_book,0,2,"음주 전과 1회, 혈중알코올농도 0.186%, 운전거리 0.5km, 범행연도 2020"
5581,qwen,few_shot_open_book,2,2,"혈중알코올농도 0.201%, 운전거리 0.5km, 범행연도 2021"
5582,qwen,few_shot_open_book,0,2,"음주 전과 2회, 혈중알코올농도 0.063%, 운전거리 5.0km, 범행연도 2021"
5583,qwen,few_shot_open_book,2,3,"음주 전과 1회, 혈중알코올농도 0.102%, 운전거리 5.0km, 범행연도 2021"
5584,qwen,few_shot_open_book,0,2,"음주 전과 1회, 혈중알코올농도 0.199%, 운전거리 1.0km, 범행연도 2020"
5585,qwen,few_shot_open_book,3,2,"음주 전과 1회, 혈중알코올농도 0.154%, 운전거리 0.9km, 범행연도 2021"
5586,qwen,few_shot_open_book,0,1,"음주 전과 0회, 혈중알코올농도 0.187%, 운전거리 1.0km, 범행연도 2021"
5587,qwen,few_shot_open_book,2,2,"음주 전과 2회, 혈중알코올농도 0.094%, 운전거리 2.0km, 범행연도 2020"
5588,qwen,few_shot_open_book,1,1,"음주 전과 0회, 혈중알코올농도 0.050%, 운전거리 4.0km, 범행연도 2022"
5589,qwen,few_shot_open_book,2,2,"혈중알코올농도 0.169%, 운전거리 15.0km, 범행연도 2021"
5590,qwen,few_shot_open_book,2,3,"음주 전과 1회, 혈중알코올농도 0.108%, 운전거리 0.3km, 범행연도 2019"
5591,qwen,few_shot_open_book,2,2,"혈중알코올농도 0.218%, 운전거리 1.0km, 범행연도 2021"
5592,qwen,few_shot_open_book,2,3,"음주 전과 2회, 혈중알코올농도 0.115%, 운전거리 15.0km, 범행연도 2020"
5593,qwen,few_shot_open_book,2,3,"음주 전과 2회, 혈중알코올농도 0.138%, 범행연도 2021"
5594,qwen,few_shot_open_book,2,3,"음주 전과 2회, 혈중알코올농도 0.093%, 운전거리 0.1km, 범행연도 2020"
5595,qwen,few_shot_open_book,2,2,"음주 전과 1회, 혈중알코올농도 0.065%, 운전거리 0.3km, 범행연도 2021"
5596,qwen,few_shot_open_book,2,2,"음주 전과 2회, 혈중알코올농도 0.106%, 운전거리 0.05km, 범행연도 2021"
5597,qwen,few_shot_open_book,2,2,"음주 전과 2회, 혈중알코올농도 0.094%, 운전거리 2.0km, 범행연도 2020"
5598,qwen,few_shot_open_book,2,3,"음주 전과 3회, 혈중알코올농도 0.137%, 운전거리 1.0km, 범행연도 2019"
5599,qwen,few_shot_open_book,2,3,"음주 전과 1회, 혈중알코올농도 0.128%, 운전거리 1.0km, 범행연도 2021"
5600,qwen,few_shot_open_book,1,1,"음주 전과 0회, 혈중알코올농도 0.057%, 운전거리 2.0km, 범행연도 2021"
5601,qwen,few_shot_open_book,0,2,"음주 전과 1회, 혈중알코올농도 0.039%, 운전거리 40.0km, 범행연도 2020"
5602,qwen,few_shot_open_book,1,1,"음주 전과 0회, 혈중알코올농도 0.051%, 운전거리 1.0km, 범행연도 2021"
5603,qwen,few_shot_open_book,2,2,"음주 전과 1회, 혈중알코올농도 0.172%, 운전거리 0.8km, 범행연도 2020"
5604,qwen,few_shot_open_book,0,2,"음주 전과 0회, 혈중알코올농도 0.163%, 운전거리 1.0km, 범행연도 2021"
5605,qwen,few_shot_open_book,2,2,"음주 전과 2회, 혈중알코올농도 0.159%, 운전거리 3.0km, 범행연도 2021"
5606,qwen,few_shot_open_book,3,3,"음주 전과 1회, 혈중알코올농도 0.208%, 운전거리 4.0km, 범행연도 2020"
5607,qwen,few_shot_open_book,2,2,"음주 전과 1회, 혈중알코올농도 0.047%, 운전거리 10.0km, 범행연도 2020"
5608,qwen,few_shot_open_book,2,3,"음주 전과 3회, 혈중알코올농도 0.128%, 운전거리 10.0km, 범행연도 2021"
5609,qwen,few_shot_open_book,2,3,"음주 전과 2회, 혈중알코올농도 0.117%, 운전거리 15.0km, 범행연도 2021"
5610,qwen,few_shot_open_book,2,2,"음주 전과 1회, 혈중알코올농도 0.098%, 운전거리 0.75km, 범행연도 2020"
5613,qwen,few_shot_open_book,3,2,"음주 전과 2회, 혈중알코올농도 0.082%, 운전거리 0.5km, 범행연도 2021"
5614,qwen,few_shot_open_book,0,1,"음주 전과 0회, 혈중알코올농도 0.106%, 운전거리 0.003km, 범행연도 2021"
5615,qwen,few_shot_open_book,2,3,"음주 전과 2회, 혈중알코올농도 0.169%, 운전거리 1.4km, 범행연도 2020"
5616,qwen,few_shot_open_book,2,3,"음주 전과 1회, 혈중알코올농도 0.151%, 운전거리 3.0km, 범행연도 2021"
5617,qwen,few_shot_open_book,2,2,"음주 전과 1회, 혈중알코올농도 0.132%, 운전거리 16.9km, 범행연도 2021"
5618,qwen,few_shot_open_book,0,2,"음주 전과 2회, 혈중알코올농도 0.056%, 운전거리 2.0km, 범행연도 2021"
5619,qwen,few_shot_open_book,2,2,"음주 전과 1회, 혈중알코올농도 0.104%, 운전거리 0.01km, 범행연도 2020"
5620,qwen,few_shot_open_book,2,2,"음주 전과 1회, 혈중알코올농도 0.135%, 운전거리 0.5km, 범행연도 2021"
5621,qwen,few_shot_open_book,0,2,"음주 전과 1회, 혈중알코올농도 0.074%, 운전거리 0.1km, 범행연도 2019"
5622,qwen,few_shot_open_book,2,2,"음주 전과 1회, 혈중알코올농도 0.082%, 운전거리 4.0km, 범행연도 2020"
5624,qwen,few_shot_open_book,1,1,"음주 전과 0회, 혈중알코올농도 0.164%, 운전거리 2.0km, 범행연도 2021"
5625,qwen,few_shot_open_book,2,3,"음주 전과 1회, 혈중알코올농도 0.187%, 운전거리 3.0km, 범행연도 2020"
5627,qwen,few_shot_open_book,2,3,"음주 전과 3회, 혈중알코올농도 0.003%, 운전거리 1.0km, 범행연도 2020"
5628,qwen,few_shot_open_book,3,2,"음주 전과 2회, 혈중알코올농도 0.097%, 운전거리 0.01km, 범행연도 2021"
5629,qwen,few_shot_open_book,3,2,"음주 전과 1회, 혈중알코올농도 0.164%, 운전거리 3.0km, 범행연도 2020"
5630,qwen,few_shot_open_book,2,3,"음주 전과 2회, 혈중알코올농도 0.123%, 운전거리 0.3km, 범행연도 2021"
5631,qwen,few_shot_open_book,2,2,"음주 전과 1회, 혈중알코올농도 0.092%, 운전거리 1.0km, 범행연도 2019"
5632,qwen,few_shot_open_book,2,3,"음주 전과 2회, 혈중알코올농도 0.110%, 운전거리 1.0km, 범행연도 2021"
5633,qwen,few_shot_open_book,3,2,"음주 전과 0회, 혈중알코올농도 0.185%, 운전거리 7.0km, 범행연도 2021"
5634,qwen,few_shot_open_book,0,2,"음주 전과 1회, 혈중알코올농도 0.085%, 운전거리 0.2km, 범행연도 2020"
5635,qwen,few_shot_open_book,2,3,"음주 전과 2회, 혈중알코올농도 0.163%, 운전거리 5.0km, 범행연도 2021"
5636,qwen,few_shot_open_book,2,3,"혈중알코올농도 0.104%, 운전거리 22.0km, 범행연도 2021"
5637,qwen,few_shot_open_book,2,3,"음주 전과 2회, 혈중알코올농도 0.162%, 운전거리 10.0m, 범행연도 2020"
5638,qwen,few_shot_open_book,2,3,"음주 전과 1회, 혈중알코올농도 0.151%, 운전거리 2.8km, 범행연도 2021"
5640,qwen,few_shot_open_book,2,2,"음주 전과 1회, 혈중알코올농도 0.194%, 운전거리 5.0km, 범행연도 2020"
5641,qwen,few_shot_open_book,2,3,"음주 전과 1회, 혈중알코올농도 0.093%, 운전거리 1.0m, 범행연도 2020"
5642,qwen,few_shot_open_book,2,3,"음주 전과 1회, 혈중알코올농도 0.107%, 운전거리 10.0m, 범행연도 2021"
5643,qwen,few_shot_open_book,2,3,"음주 전과 1회, 혈중알코올농도 0.104%, 운전거리 6.0km, 범행연도 2021"
5644,qwen,few_shot_open_book,2,2,"혈중알코올농도 0.197%, 운전거리 3.6km, 범행연도 2021"
5645,qwen,few_shot_open_book,2,3,"음주 전과 2회, 혈중알코올농도 0.166%, 운전거리 7.0km, 범행연도 2020"
5646,qwen,few_shot_open_book,2,1,"혈중알코올농도 0.110%, 음주 전과 0회, 운전거리 15.0km, 범행연도 2021"
5647,qwen,few_shot_open_book,2,2,"음주 전과 1회, 혈중알코올농도 0.111%, 운전거리 0.5km, 범행연도 2021"
5648,qwen,few_shot_open_book,2,2,"음주 전과 2회, 혈중알코올농도 0.184%, 운전거리 3.0km, 범행연도 2021"
5649,qwen,few_shot_open_book,2,2,"음주 전과 1회, 혈중알코올농도 0.094%, 운전거리 10.0m, 범행연도 2019"
5650,qwen,few_shot_open_book,2,2,"음주 전과 2회, 혈중알코올농도 0.138%, 운전거리 2.0km, 범행연도 2020"
5651,qwen,few_shot_open_book,2,2,"음주 전과 1회, 혈중알코올농도 0.116%, 운전거리 2.5km, 범행연도 2021"
5652,qwen,few_shot_open_book,2,3,"음주 전과 1회, 혈중알코올농도 0.184%, 운전거리 1.0km, 범행연도 2020"
5653,qwen,few_shot_open_book,2,2,"혈중알코올농도 0.121%, 운전거리 0.5km, 범행연도 2021"
5654,qwen,few_shot_open_book,1,2,"음주 전과 2회, 혈중알코올농도 0.119%, 운전거리 1.0km, 범행연도 2019"
5655,qwen,few_shot_open_book,2,2,"음주 전과 1회, 혈중알코올농도 0.124%, 운전거리 0.5km, 범행연도 2021"
5657,qwen,few_shot_open_book,2,2,"음주 전과 1회, 혈중알코올농도 0.088%, 운전거리 1.2km, 범행연도 2020"
5658,qwen,few_shot_open_book,0,1,"혈중알코올농도 0.136%, 운전거리 0.1km, 범행연도 2015"
5659,qwen,few_shot_open_book,2,2,"음주 전과 1회, 혈중알코올농도 0.121%, 운전거리 0.4km, 범행연도 2021"
5660,qwen,few_shot_open_book,2,3,"음주 전과 1회, 혈중알코올농도 0.136%, 운전거리 0.02km, 범행연도 2021"
5661,qwen,few_shot_open_book,2,3,"음주 전과 1회, 혈중알코올농도 0.132%, 운전거리 15.0km, 범행연도 2021"
5662,qwen,few_shot_open_book,2,2,"음주 전과 2회, 혈중알코올농도 0.156%, 운전거리 0.05km, 범행연도 2019"
5663,qwen,few_shot_open_book,1,2,"음주 전과 0회, 혈중알코올농도 0.043%, 운전거리 70.0km, 범행연도 2021"
5664,qwen,few_shot_open_book,0,2,"음주 전과 1회, 혈중알코올농도 0.196%, 운전거리 0.5km, 범행연도 2021"
5665,qwen,few_shot_open_book,2,2,"음주 전과 2회, 혈중알코올농도 0.113%, 운전거리 0.02km, 범행연도 2021"
5666,qwen,few_shot_open_book,2,1,"음주 전과 0회, 혈중알코올농도 0.124%, 운전거리 0.05km, 범행연도 2021"
5667,qwen,few_shot_open_book,3,2,"음주 전과 1회, 혈중알코올농도 0.131%, 운전거리 0.05km, 범행연도 2019"
5668,qwen,few_shot_open_book,1,1,"음주 전과 0회, 혈중알코올농도 0.136%, 운전거리 0.5km, 범행연도 2021"
5669,qwen,few_shot_open_book,2,3,"혈중알코올농도 0.213%, 범행연도 2020"
5670,qwen,few_shot_open_book,2,3,"음주 전과 1회, 혈중알코올농도 0.229%, 범행연도 2021"
5671,qwen,few_shot_open_book,2,3,"음주 전과 1회, 혈중알코올농도 0.080%, 운전거리 8.0km, 범행연도 2021"
5672,qwen,few_shot_open_book,2,3,"음주 전과 1회, 혈중알코올농도 0.237%, 운전거리 1.3km, 범행연도 2020"
5673,qwen,few_shot_open_book,2,2,"음주 전과 1회, 혈중알코올농도 0.063%, 운전거리 0.02km, 범행연도 2019"
5674,qwen,few_shot_open_book,2,2,"음주 전과 1회, 혈중알코올농도 0.08%, 운전거리 7.0km, 범행연도 2020"
5675,qwen,few_shot_open_book,0,2,"음주 전과 1회, 혈중알코올농도 0.083%, 운전거리 20.0m, 범행연도 2020"
5676,qwen,few_shot_open_book,2,3,"음주 전과 1회, 혈중알코올농도 0.114%, 운전거리 0.56km, 범행연도 2021"
5677,qwen,few_shot_open_book,2,2,"음주 전과 2회, 혈중알코올농도 0.035%, 운전거리 0.4km, 범행연도 2021"
5678,qwen,few_shot_open_book,2,2,"음주 전과 0회, 혈중알코올농도 0.190%, 운전거리 20.0km, 범행연도 2021"
5679,qwen,few_shot_open_book,2,1,"음주 전과 1회, 혈중알코올농도 0.062%, 운전거리 0.5km, 범행연도 2021"
5680,qwen,few_shot_open_book,2,2,"음주 전과 1회, 혈중알코올농도 0.098%, 운전거리 0.5km, 범행연도 2021"
5681,qwen,few_shot_open_book,0,2,"음주 전과 1회, 혈중알코올농도 0.088%, 운전거리 1.0km, 범행연도 2021"
5682,qwen,few_shot_open_book,2,1,"음주 전과 1회, 혈중알코올농도 0.093%, 운전거리 1.0km, 범행연도 2019"
5683,qwen,few_shot_open_book,0,2,"음주 전과 0회, 혈중알코올농도 0.104%, 운전거리 35.0km, 범행연도 2020"
5684,qwen,few_shot_open_book,0,2,"음주 전과 1회, 혈중알코올농도 0.065%, 운전거리 8.0km, 범행연도 2020"
5686,qwen,few_shot_open_book,2,2,"음주 전과 1회, 혈중알코올농도 0.124%, 운전거리 2.0km, 범행연도 2021"
5687,qwen,few_shot_open_book,0,1,"혈중알코올농도 0.125%, 운전거리 0.1km, 범행연도 2021"
5688,qwen,few_shot_open_book,2,2,"음주 전과 0회, 혈중알코올농도 0.124%, 운전거리 8.0km, 범행연도 2021"
5689,qwen,few_shot_open_book,2,2,"음주 전과 1회, 혈중알코올농도 0.103%, 운전거리 5.0km, 범행연도 2021"
5692,qwen,few_shot_open_book,0,1,"음주 전과 0회, 혈중알코올농도 0.092%, 운전거리 0.8km, 범행연도 2021"
5693,qwen,few_shot_open_book,2,2,"음주 전과 3회, 혈중알코올농도 0.069%, 운전거리 10.0km, 범행연도 2020"
5694,qwen,few_shot_open_book,0,0,"음주 전과 0회, 혈중알코올농도 0.047%, 운전거리 2.0km, 범행연도 2021"
5696,qwen,few_shot_open_book,2,2,"음주 전과 1회, 혈중알코올농도 0.07%, 운전거리 0.2km, 범행연도 2020"
5697,qwen,few_shot_open_book,1,3,"혈중알코올농도 0.090%, 운전거리 0.5km, 범행연도 2021"
5698,qwen,few_shot_open_book,2,2,"음주 전과 1회, 혈중알코올농도 0.157%, 운전거리 2.0km, 범행연도 2020"
5699,qwen,few_shot_open_book,2,3,"음주 전과 1회, 혈중알코올농도 0.216%, 운전거리 20.0km, 범행연도 2021"
5700,qwen,few_shot_open_book,2,2,"음주 전과 2회, 혈중알코올농도 0.166%, 운전거리 0.14km, 범행연도 2021"
5701,qwen,few_shot_open_book,2,1,"음주 전과 0회, 혈중알코올농도 0.075%, 운전거리 1.0km, 범행연도 2021"
5702,qwen,few_shot_open_book,2,2,"음주 전과 1회, 혈중알코올농도 0.185%, 운전거리 0.01km, 범행연도 2020"
5703,qwen,few_shot_open_book,2,2,"음주 전과 0회, 혈중알코올농도 0.090%, 운전거리 3.0km, 범행연도 2021"
5704,qwen,few_shot_open_book,1,1,"혈중알코올농도 0.191%, 운전거리 1.0m, 범행연도 2021"
5705,qwen,few_shot_open_book,2,3,"음주 전과 2회, 혈중알코올농도 0.224%, 운전거리 1.0km, 범행연도 2019"
5706,qwen,few_shot_open_book,2,2,"음주 전과 1회, 혈중알코올농도 0.151%, 운전거리 5.0m, 범행연도 2021"
5707,qwen,few_shot_open_book,3,2,"음주 전과 3회, 혈중알코올농도 0.084%, 운전거리 50.0m, 범행연도 2021"
5709,qwen,few_shot_open_book,2,3,"음주 전과 1회, 혈중알코올농도 0.140%, 운전거리 28.0km, 범행연도 2020"
5710,qwen,few_shot_open_book,2,3,"음주 전과 1회, 혈중알코올농도 0.191%, 운전거리 3.0km, 범행연도 2020"
5711,qwen,few_shot_open_book,0,3,"음주 전과 1회, 혈중알코올농도 0.139%, 운전거리 0.05km, 범행연도 2021"
5712,qwen,few_shot_open_book,2,1,"음주 전과 0회, 혈중알코올농도 0.100%, 운전거리 5.0km, 범행연도 2021"
5714,qwen,few_shot_open_book,0,1,"음주 전과 0회, 혈중알코올농도 0.172%, 운전거리 0.15km, 범행연도 2021"
5715,qwen,few_shot_open_book,1,1,"음주 전과 0회, 혈중알코올농도 0.078%, 운전거리 2.0km, 범행연도 2021"
5717,qwen,few_shot_open_book,2,3,"혈중알코올농도 0.205%, 운전거리 5.0km, 범행연도 2021"
5718,qwen,few_shot_open_book,2,2,"혈중알코올농도 0.154%, 운전거리 8.0km, 범행연도 2021"
5719,qwen,few_shot_open_book,2,2,"혈중알코올농도 0.166%, 운전거리 7.0km, 범행연도 2021"
5720,qwen,few_shot_open_book,1,2,"음주 전과 0회, 혈중알코올농도 0.152%, 운전거리 7.9km, 범행연도 2021"
5721,qwen,few_shot_open_book,2,3,"음주 전과 1회, 혈중알코올농도 0.171%, 운전거리 1.5km, 범행연도 2020"
5722,qwen,few_shot_open_book,2,2,"음주 전과 1회, 혈중알코올농도 0.058%, 운전거리 0.5km, 범행연도 2021"
5723,qwen,few_shot_open_book,3,2,"음주 전과 1회, 혈중알코올농도 0.189%, 운전거리 1.0km, 범행연도 2021"
5724,qwen,few_shot_open_book,2,3,"음주 전과 3회, 혈중알코올농도 0.102%, 운전거리 10.0km, 범행연도 2020"
5725,qwen,few_shot_open_book,1,1,"음주 전과 0회, 혈중알코올농도 0.191%, 운전거리 0.5km, 범행연도 2021"
5726,qwen,few_shot_open_book,2,3,"혈중알코올농도 0.233%, 운전거리 2.0km, 범행연도 2020"
5728,qwen,few_shot_open_book,2,3,"혈중알코올농도 0.207%, 음주 전과 0회, 운전거리 0.8km, 범행연도 2021"
5729,qwen,few_shot_open_book,1,1,"음주 전과 0회, 혈중알코올농도 0.139%, 운전거리 0.1km, 범행연도 2021"
5730,qwen,few_shot_open_book,2,2,"음주 전과 4회, 혈중알코올농도 0.158%, 운전거리 0.150km, 범행연도 2020"
5731,qwen,few_shot_open_book,2,3,"음주 전과 2회, 혈중알코올농도 0.171%, 운전거리 0.8km, 범행연도 2019"
5733,qwen,few_shot_open_book,2,2,"음주 전과 3회, 혈중알코올농도 0.197%, 운전거리 0.05km, 범행연도 2021"
5734,qwen,few_shot_open_book,0,2,"음주 전과 2회, 혈중알코올농도 0.054%, 운전거리 0.5km, 범행연도 2020"
5735,qwen,few_shot_open_book,0,3,"음주 전과 1회, 혈중알코올농도 0.188%, 운전거리 0.1km, 범행연도 2020"
5736,qwen,few_shot_open_book,3,2,"음주 전과 1회, 혈중알코올농도 0.078%, 운전거리 1.0km, 범행연도 2020"
5737,qwen,few_shot_open_book,2,3,"음주 전과 1회, 혈중알코올농도 0.170%, 운전거리 1.5km, 범행연도 2020"
5740,qwen,few_shot_open_book,2,3,"음주 전과 1회, 혈중알코올농도 0.115%, 운전거리 2.0km, 범행연도 2020"
5741,qwen,few_shot_open_book,0,2,"음주 전과 1회, 혈중알코올농도 0.095%, 운전거리 0.05km, 범행연도 2021"
5742,qwen,few_shot_open_book,2,2,"음주 전과 1회, 혈중알코올농도 0.166%, 운전거리 4.0km, 범행연도 2021"
5743,qwen,few_shot_open_book,2,2,"음주 전과 1회, 혈중알코올농도 0.108%, 운전거리 3.0km, 범행연도 2020"
5746,qwen,few_shot_open_book,2,2,"음주 전과 1회, 혈중알코올농도 0.119%, 운전거리 2.0km, 범행연도 2020"
5747,qwen,few_shot_open_book,2,2,"음주 전과 1회, 혈중알코올농도 0.195%, 운전거리 5.0m, 범행연도 2019"
5748,qwen,few_shot_open_book,2,2,"음주 전과 1회, 혈중알코올농도 0.078%, 운전거리 4.0km, 범행연도 2021"
5750,qwen,few_shot_open_book,2,3,"음주 전과 1회, 혈중알코올농도 0.106%, 운전거리 0.5km, 범행연도 2021"
5751,qwen,few_shot_open_book,2,3,"음주 전과 1회, 혈중알코올농도 0.186%, 운전거리 0.5km, 범행연도 2021"
5752,qwen,few_shot_open_book,2,2,"음주 전과 1회, 혈중알코올농도 0.225%, 운전거리 0.6km, 범행연도 2021"
5754,qwen,few_shot_open_book,2,2,"음주 전과 1회, 혈중알코올농도 0.124%, 운전거리 6.0km, 범행연도 2019"
5755,qwen,few_shot_open_book,2,2,"음주 전과 2회, 혈중알코올농도 0.075%, 운전거리 0.5km, 범행연도 2021"
5756,qwen,few_shot_open_book,2,2,"음주 전과 1회, 혈중알코올농도 0.073%, 운전거리 0.8km, 범행연도 2020"
5757,qwen,few_shot_open_book,3,2,"음주 전과 1회, 혈중알코올농도 0.191%, 운전거리 0.03km, 범행연도 2021"
5759,qwen,few_shot_open_book,2,3,"혈중알코올농도 0.211%, 운전거리 4.0km, 범행연도 2020"
5760,qwen,few_shot_open_book,2,2,"음주 전과 2회, 혈중알코올농도 0.092%, 운전거리 0.02km, 범행연도 2020"
5761,qwen,few_shot_open_book,2,2,"음주 전과 1회, 혈중알코올농도 0.150%, 운전거리 3.0km, 범행연도 2020"
5762,qwen,few_shot_open_book,1,1,"음주 전과 0회, 혈중알코올농도 0.053%, 운전거리 3.0km, 범행연도 2021"
5763,qwen,few_shot_open_book,2,2,"음주 전과 1회, 혈중알코올농도 0.165%, 운전거리 0.5km, 범행연도 2021"
5764,qwen,few_shot_open_book,2,2,"음주 전과 2회, 혈중알코올농도 0.064%, 운전거리 1.0km, 범행연도 2019"
5765,qwen,few_shot_open_book,2,2,"음주 전과 2회, 혈중알코올농도 0.067%, 운전거리 1.5km, 범행연도 2020"
5766,qwen,few_shot_open_book,2,2,"음주 전과 1회, 혈중알코올농도 0.136%, 운전거리 0.15km, 범행연도 2021"
5767,qwen,few_shot_open_book,3,2,"음주 전과 3회, 혈중알코올농도 0.172%, 운전거리 2.0km, 범행연도 2021"
5768,qwen,few_shot_open_book,2,2,"음주 전과 1회, 혈중알코올농도 0.128%, 운전거리 1.5km, 범행연도 2020"
5769,qwen,few_shot_open_book,2,3,"음주 전과 1회, 혈중알코올농도 0.196%, 운전거리 10.0km, 범행연도 2021"
5770,qwen,few_shot_open_book,2,3,"음주 전과 1회, 혈중알코올농도 0.214%, 운전거리 0.2km, 범행연도 2021"
5771,qwen,few_shot_open_book,2,3,"음주 전과 2회, 혈중알코올농도 0.120%, 운전거리 7.0km, 범행연도 2020"
5772,qwen,few_shot_open_book,2,3,"음주 전과 3회, 혈중알코올농도 0.085%, 운전거리 4.0km, 범행연도 2020"
5773,qwen,few_shot_open_book,1,1,"음주 전과 0회, 혈중알코올농도 0.164%, 운전거리 0.2km, 범행연도 2021"
5774,qwen,few_shot_open_book,0,2,"음주 전과 1회, 혈중알코올농도 0.077%, 운전거리 5.9km, 범행연도 2020"
5775,qwen,few_shot_open_book,2,2,"음주 전과 2회, 혈중알코올농도 0.084%, 운전거리 1.0km, 범행연도 2021"
5776,qwen,few_shot_open_book,3,3,"음주 전과 3회, 혈중알코올농도 0.223%, 운전거리 0.1km, 범행연도 2019"
5777,qwen,few_shot_open_book,2,2,"음주 전과 1회, 혈중알코올농도 0.163%, 운전거리 0.05km, 범행연도 2021"
5778,qwen,few_shot_open_book,1,2,"음주 전과 0회, 혈중알코올농도 0.124%, 운전거리 5.0km, 범행연도 2021"
5779,qwen,few_shot_open_book,2,3,"음주 전과 2회, 혈중알코올농도 0.131%, 운전거리 2.0km, 범행연도 2020"
5780,qwen,few_shot_open_book,1,0,"음주 전과 0회, 혈중알코올농도 0.036%, 운전거리 0.2km, 범행연도 2021"
5781,qwen,few_shot_open_book,0,1,"음주 전과 0회, 혈중알코올농도 0.175%, 운전거리 0.37km, 범행연도 2021"
5782,qwen,few_shot_open_book,2,2,"음주 전과 2회, 혈중알코올농도 0.104%, 운전거리 1.0km, 범행연도 2021"
5784,qwen,few_shot_open_book,1,1,"혈중알코올농도 0.083%, 운전거리 0.3km, 범행연도 2021"
5785,qwen,few_shot_open_book,2,1,"혈중알코올농도 0.192%, 운전거리 5.0m, 범행연도 2021"
5786,qwen,few_shot_open_book,0,2,"음주 전과 1회, 혈중알코올농도 0.144%, 운전거리 0.2km, 범행연도 2020"
5788,qwen,few_shot_open_book,2,3,"음주 전과 2회, 혈중알코올농도 0.104%, 운전거리 2.0km, 범행연도 2019"
5789,qwen,few_shot_open_book,0,2,"음주 전과 1회, 혈중알코올농도 0.141%, 운전거리 0.5km, 범행연도 2020"
5790,qwen,few_shot_open_book,2,2,"음주 전과 1회, 혈중알코올농도 0.235%, 운전거리 1.0km, 범행연도 2021"
5791,qwen,few_shot_open_book,2,3,"음주 전과 1회, 혈중알코올농도 0.140%, 운전거리 7.0km, 범행연도 2021"
5792,qwen,few_shot_open_book,2,3,"음주 전과 1회, 혈중알코올농도 0.244%, 운전거리 10.0km, 범행연도 2021"
5796,qwen,few_shot_open_book,2,2,"음주 전과 2회, 혈중알코올농도 0.127%, 운전거리 9.0km, 범행연도 2021"
5797,qwen,few_shot_open_book,3,2,"혈중알코올농도 0.249%, 운전거리 15.0km, 범행연도 2021"
5799,qwen,few_shot_open_book,2,2,"음주 전과 1회, 혈중알코올농도 0.153%, 운전거리 6.8km, 범행연도 2020"
5800,qwen,few_shot_open_book,0,1,"음주 전과 1회, 혈중알코올농도 0.051%, 운전거리 0.5km, 범행연도 2020"
5801,qwen,few_shot_open_book,2,3,"음주 전과 1회, 혈중알코올농도 0.096%, 운전거리 2.4km, 범행연도 2020"
5803,qwen,few_shot_open_book,2,2,"혈중알코올농도 0.131%, 음주 전과 0회, 운전거리 20.0km, 범행연도 2021"
5805,qwen,few_shot_open_book,2,3,"음주 전과 2회, 혈중알코올농도 0.214%, 운전거리 0.3km, 범행연도 2020"
5806,qwen,few_shot_open_book,2,3,"음주 전과 1회, 혈중알코올농도 0.125%, 운전거리 10.0km, 범행연도 2020"
5807,qwen,few_shot_open_book,2,3,"음주 전과 1회, 혈중알코올농도 0.242%, 운전거리 2.0km, 범행연도 2021"
5808,qwen,few_shot_open_book,2,3,"음주 전과 2회, 혈중알코올농도 0.114%, 운전거리 0.2km, 범행연도 2020"
5809,qwen,few_shot_open_book,2,2,"음주 전과 1회, 혈중알코올농도 0.039%, 운전거리 5.0m, 범행연도 2019"
5810,qwen,few_shot_open_book,2,3,"음주 전과 1회, 혈중알코올농도 0.099%, 운전거리 2.0km, 범행연도 2020"
5811,qwen,few_shot_open_book,2,3,"음주 전과 1회, 혈중알코올농도 0.150%, 운전거리 0.05km, 범행연도 2019"
5812,qwen,few_shot_open_book,2,3,"음주 전과 2회, 혈중알코올농도 0.097%, 운전거리 1.5km, 범행연도 2021"
5813,qwen,few_shot_open_book,2,3,"음주 전과 1회, 혈중알코올농도 0.097%, 운전거리 0.5km, 범행연도 2021"
5814,qwen,few_shot_open_book,2,2,"음주 전과 2회, 혈중알코올농도 0.159%, 운전거리 0.05km, 범행연도 2020"
5815,qwen,few_shot_open_book,2,1,"음주 전과 1회, 혈중알코올농도 0.035%, 운전거리 0.005km, 범행연도 2019"
5816,qwen,few_shot_open_book,2,2,"음주 전과 1회, 혈중알코올농도 0.153%, 운전거리 4.0km, 범행연도 2021"
5817,qwen,few_shot_open_book,2,3,"음주 전과 2회, 혈중알코올농도 0.211%, 운전거리 0.05km, 범행연도 2020"
5818,qwen,few_shot_open_book,2,2,"음주 전과 1회, 혈중알코올농도 0.229%, 운전거리 0.5km, 범행연도 2019"
5819,qwen,few_shot_open_book,0,3,"음주 전과 1회, 혈중알코올농도 0.034%, 운전거리 0.15km, 범행연도 2020"
5820,qwen,few_shot_open_book,1,2,"음주 전과 0회, 혈중알코올농도 0.155%, 운전거리 2.0km, 범행연도 2021"
5821,qwen,few_shot_open_book,2,2,"혈중알코올농도 0.235%, 운전거리 0.1km, 범행연도 2019"
5822,qwen,few_shot_open_book,2,3,"음주 전과 1회, 혈중알코올농도 0.141%, 운전거리 99.0km, 범행연도 2020"
5823,qwen,few_shot_open_book,2,3,"음주 전과 3회, 혈중알코올농도 0.149%, 운전거리 1.0km, 범행연도 2019"
5824,qwen,few_shot_open_book,2,2,"음주 전과 1회, 혈중알코올농도 0.087%, 운전거리 0.05km, 범행연도 2019"
5825,qwen,few_shot_open_book,3,3,"음주 전과 1회, 혈중알코올농도 0.135%, 운전거리 0.5km, 범행연도 2021"
5826,qwen,few_shot_open_book,2,3,"음주 전과 1회, 혈중알코올농도 0.173%, 운전거리 20.0m, 범행연도 2021"
5827,qwen,few_shot_open_book,2,3,"음주 전과 1회, 혈중알코올농도 0.117%, 범행연도 2021"
5828,qwen,few_shot_open_book,3,2,"음주 전과 2회, 혈중알코올농도 0.179%, 운전거리 0.8km, 범행연도 2021"
5829,qwen,few_shot_open_book,0,2,"음주 전과 1회, 혈중알코올농도 0.116%, 운전거리 2.0km, 범행연도 2020"
5830,qwen,few_shot_open_book,2,3,"음주 전과 2회, 혈중알코올농도 0.062%, 운전거리 2.0km, 범행연도 2020"
5831,qwen,few_shot_open_book,2,2,"음주 전과 2회, 혈중알코올농도 0.127%, 운전거리 1.7km, 범행연도 2021"
5832,qwen,few_shot_open_book,3,3,"음주 전과 1회, 혈중알코올농도 0.140%, 운전거리 0.1km, 범행연도 2020"
5833,qwen,few_shot_open_book,2,2,"음주 전과 1회, 혈중알코올농도 0.069%, 운전거리 0.5km, 범행연도 2021"
5834,qwen,few_shot_open_book,2,2,"음주 전과 2회, 혈중알코올농도 0.169%, 운전거리 0.005km, 범행연도 2021"
5835,qwen,few_shot_open_book,2,3,"음주 전과 1회, 혈중알코올농도 0.145%, 운전거리 0.19km, 범행연도 2021"
5836,qwen,few_shot_open_book,1,1,"음주 전과 0회, 혈중알코올농도 0.167%, 운전거리 0.15km, 범행연도 2021"
5837,qwen,few_shot_open_book,2,1,"음주 전과 1회, 혈중알코올농도 0.057%, 운전거리 1.6km, 범행연도 2020"
5838,qwen,few_shot_open_book,3,2,"음주 전과 3회, 혈중알코올농도 0.145%, 운전거리 1.5km, 범행연도 2020"
5839,qwen,few_shot_open_book,2,2,"음주 전과 1회, 혈중알코올농도 0.156%, 운전거리 18.0km, 범행연도 2021"
5840,qwen,few_shot_open_book,2,3,"음주 전과 1회, 혈중알코올농도 0.164%, 운전거리 1.0km, 범행연도 2020"
5841,qwen,few_shot_open_book,2,2,"혈중알코올농도 0.263%, 운전거리 0.05km, 범행연도 2021"
5843,qwen,few_shot_open_book,2,2,"음주 전과 1회, 혈중알코올농도 0.117%, 운전거리 2.0km, 범행연도 2020"
5844,qwen,few_shot_open_book,3,2,"음주 전과 1회, 혈중알코올농도 0.116%, 운전거리 1.0km, 범행연도 2021"
5845,qwen,few_shot_open_book,2,2,"음주 전과 1회, 혈중알코올농도 0.089%, 운전거리 10.0m, 범행연도 2020"
5846,qwen,few_shot_open_book,2,3,"음주 전과 1회, 혈중알코올농도 0.167%, 운전거리 3.0km, 범행연도 2020"
5847,qwen,few_shot_open_book,3,2,"음주 전과 4회, 혈중알코올농도 0.075%, 운전거리 0.5km, 범행연도 2020"
5848,qwen,few_shot_open_book,3,3,"음주 전과 2회, 혈중알코올농도 0.106%, 운전거리 2.0km, 범행연도 2020"
5849,qwen,few_shot_open_book,2,2,"음주 전과 2회, 혈중알코올농도 0.078%, 운전거리 7.0km, 범행연도 2020"
5850,qwen,few_shot_open_book,0,2,"음주 전과 2회, 혈중알코올농도 0.095%, 운전거리 25.0km, 범행연도 2020"
5851,qwen,few_shot_open_book,2,2,"음주 전과 3회, 혈중알코올농도 0.086%, 운전거리 0.7km, 범행연도 2021"
5852,qwen,few_shot_open_book,2,2,"음주 전과 1회, 혈중알코올농도 0.172%, 운전거리 7.0km, 범행연도 2020"
5853,qwen,few_shot_open_book,2,2,"음주 전과 3회, 혈중알코올농도 0.110%, 운전거리 5.0km, 범행연도 2020"
5854,qwen,few_shot_open_book,2,2,"음주 전과 2회, 혈중알코올농도 0.188%, 운전거리 0.02km, 범행연도 2020"
5855,qwen,few_shot_open_book,2,2,"음주 전과 1회, 혈중알코올농도 0.144%, 운전거리 12.0km, 범행연도 2019"
5856,qwen,few_shot_open_book,2,2,"음주 전과 1회, 혈중알코올농도 0.150%, 운전거리 0.3km, 범행연도 2021"
5857,qwen,few_shot_open_book,2,2,"음주 전과 2회, 혈중알코올농도 0.105%, 운전거리 0.2km, 범행연도 2020"
5858,qwen,few_shot_open_book,2,2,"음주 전과 2회, 혈중알코올농도 0.161%, 운전거리 0.5km, 범행연도 2020"
5859,qwen,few_shot_open_book,1,3,"혈중알코올농도 0.175%, 운전거리 2.0km, 범행연도 2022"
5861,qwen,few_shot_open_book,2,2,"음주 전과 2회, 혈중알코올농도 0.114%, 운전거리 1.0km, 범행연도 2020"
5864,qwen,few_shot_open_book,2,2,"음주 전과 1회, 혈중알코올농도 0.152%, 운전거리 8.0km, 범행연도 2021"
5865,qwen,few_shot_open_book,2,2,"음주 전과 1회, 혈중알코올농도 0.134%, 운전거리 20.0km, 범행연도 2020"
5866,qwen,few_shot_open_book,1,1,"음주 전과 0회, 혈중알코올농도 0.120%, 운전거리 0.8km, 범행연도 2021"
5867,qwen,few_shot_open_book,0,2,"혈중알코올농도 0.111%, 운전거리 6.0km, 범행연도 2021"
5868,qwen,few_shot_open_book,2,2,"음주 전과 1회, 혈중알코올농도 0.197%, 운전거리 4.0km, 범행연도 2020"
5869,qwen,few_shot_open_book,2,2,"음주 전과 1회, 혈중알코올농도 0.143%, 운전거리 1.0km, 범행연도 2021"
5870,qwen,few_shot_open_book,2,3,"음주 전과 1회, 혈중알코올농도 0.100%, 운전거리 3.0km, 범행연도 2021"
5871,qwen,few_shot_open_book,2,2,"혈중알코올농도 0.222%, 범행연도 2020"
5872,qwen,few_shot_open_book,3,2,"음주 전과 2회, 혈중알코올농도 0.160%, 운전거리 10.0km, 범행연도 2020"
5874,qwen,few_shot_open_book,2,3,"음주 전과 2회, 혈중알코올농도 0.107%, 운전거리 0.3km, 범행연도 2020"
5875,qwen,few_shot_open_book,2,2,"혈중알코올농도 0.205%, 운전거리 7.0km, 범행연도 2020"
5876,qwen,few_shot_open_book,0,2,"혈중알코올농도 0.191%, 운전거리 4.0km, 범행연도 2013"
5877,qwen,few_shot_open_book,2,2,"음주 전과 1회, 혈중알코올농도 0.131%, 운전거리 1.5km, 범행연도 2020"
5878,qwen,few_shot_open_book,2,2,"음주 전과 1회, 혈중알코올농도 0.177%, 운전거리 0.05km, 범행연도 2021"
5879,qwen,few_shot_open_book,2,1,"음주 전과 1회, 혈중알코올농도 0.112%, 운전거리 1.0m, 범행연도 2021"
5881,qwen,few_shot_open_book,2,2,"음주 전과 1회, 혈중알코올농도 0.036%, 운전거리 0.5km, 범행연도 2020"
5882,qwen,few_shot_open_book,0,2,"음주 전과 1회, 혈중알코올농도 0.120%, 운전거리 2.0km, 범행연도 2020"
5883,qwen,few_shot_open_book,0,2,"음주 전과 2회, 혈중알코올농도 0.144%, 운전거리 0.2km, 범행연도 2021"
5884,qwen,few_shot_open_book,1,2,"음주 전과 0회, 혈중알코올농도 0.094%, 운전거리 3.0km, 범행연도 2020"
5885,qwen,few_shot_open_book,2,2,"음주 전과 1회, 혈중알코올농도 0.078%, 운전거리 0.3km, 범행연도 2021"
5886,qwen,few_shot_open_book,2,2,"음주 전과 2회, 혈중알코올농도 0.075%, 운전거리 0.2km, 범행연도 2020"
5887,qwen,few_shot_open_book,0,1,"음주 전과 0회, 혈중알코올농도 0.133%, 운전거리 0.5km, 범행연도 2021"
5888,qwen,few_shot_open_book,3,2,"음주 전과 1회, 혈중알코올농도 0.125%, 운전거리 23.0km, 범행연도 2020"
5889,qwen,few_shot_open_book,3,3,"음주 전과 1회, 혈중알코올농도 0.171%, 운전거리 10.0km, 범행연도 2020"
5890,qwen,few_shot_open_book,2,1,"혈중알코올농도 0.120%, 운전거리 1.0m, 범행연도 2021"
5891,qwen,few_shot_open_book,2,1,"혈중알코올농도 0.155%, 운전거리 1.0km, 범행연도 2021"
5892,qwen,few_shot_open_book,2,2,"음주 전과 1회, 혈중알코올농도 0.089%, 운전거리 0.1km, 범행연도 2020"
5893,qwen,few_shot_open_book,2,2,"음주 전과 2회, 혈중알코올농도 0.047%, 운전거리 5.0km, 범행연도 2021"
5894,qwen,few_shot_open_book,3,2,"음주 전과 1회, 혈중알코올농도 0.142%, 운전거리 9.0km, 범행연도 2020"
5895,qwen,few_shot_open_book,2,2,"음주 전과 2회, 혈중알코올농도 0.131%, 운전거리 2.0km, 범행연도 2021"
5896,qwen,few_shot_open_book,2,2,"음주 전과 2회, 혈중알코올농도 0.130%, 운전거리 0.2km, 범행연도 2021"
5897,qwen,few_shot_open_book,2,2,"음주 전과 3회, 혈중알코올농도 0.098%, 운전거리 10.0km, 범행연도 2020"
5898,qwen,few_shot_open_book,2,3,"음주 전과 1회, 혈중알코올농도 0.117%, 운전거리 5.0km, 범행연도 2020"
5899,qwen,few_shot_open_book,3,3,"음주 전과 2회, 혈중알코올농도 0.113%, 운전거리 1.0km, 범행연도 2020"
5900,qwen,few_shot_open_book,2,1,"음주 전과 0회, 혈중알코올농도 0.144%, 운전거리 2.0km, 범행연도 2021"
5901,qwen,few_shot_open_book,2,2,"음주 전과 2회, 혈중알코올농도 0.070%, 운전거리 0.5km, 범행연도 2019"
5902,qwen,few_shot_open_book,2,3,"음주 전과 1회, 혈중알코올농도 0.172%, 운전거리 0.2km, 범행연도 2020"
5903,qwen,few_shot_open_book,2,2,"음주 전과 2회, 혈중알코올농도 0.049%, 운전거리 0.8km, 범행연도 2019"
5904,qwen,few_shot_open_book,3,3,"음주 전과 1회, 혈중알코올농도 0.152%, 운전거리 5.0km, 범행연도 2021"
5906,qwen,few_shot_open_book,2,1,"음주 전과 0회, 혈중알코올농도 0.126%, 운전거리 0.1km, 범행연도 2021"
5907,qwen,few_shot_open_book,2,3,"음주 전과 1회, 혈중알코올농도 0.116%, 운전거리 20.0m, 범행연도 2021"
5908,qwen,few_shot_open_book,0,2,"음주 전과 1회, 혈중알코올농도 0.128%, 운전거리 4.0km, 범행연도 2020"
5909,qwen,few_shot_open_book,2,2,"음주 전과 4회, 혈중알코올농도 0.067%, 운전거리 5.0km, 범행연도 2020"
5910,qwen,few_shot_open_book,3,3,"음주 전과 0회, 혈중알코올농도 0.225%, 운전거리 2.2km, 범행연도 2021"
5911,qwen,few_shot_open_book,2,2,"음주 전과 2회, 혈중알코올농도 0.031%, 운전거리 1.0km, 범행연도 2019"
5912,qwen,few_shot_open_book,2,2,"음주 전과 1회, 혈중알코올농도 0.199%, 운전거리 1.0km, 범행연도 2020"
5913,qwen,few_shot_open_book,2,3,"음주 전과 2회, 혈중알코올농도 0.126%, 운전거리 0.1km, 범행연도 2020"
5914,qwen,few_shot_open_book,0,1,"음주 전과 1회, 혈중알코올농도 0.056%, 운전거리 0.15km, 범행연도 2020"
5915,qwen,few_shot_open_book,2,2,"음주 전과 2회, 혈중알코올농도 0.105%, 운전거리 0.2km, 범행연도 2021"
5916,qwen,few_shot_open_book,2,2,"음주 전과 2회, 혈중알코올농도 0.144%, 운전거리 8.0km, 범행연도 2020"
5917,qwen,few_shot_open_book,1,1,"음주 전과 0회, 혈중알코올농도 0.186%, 운전거리 8.0km, 범행연도 2019"
5918,qwen,few_shot_open_book,2,3,"혈중알코올농도 0.092%, 운전거리 0.2km, 범행연도 2021"
5919,qwen,few_shot_open_book,2,3,"음주 전과 2회, 혈중알코올농도 0.102%, 운전거리 1.0km, 범행연도 2020"
5920,qwen,few_shot_open_book,2,1,"음주 전과 0회, 혈중알코올농도 0.146%, 운전거리 0.3km, 범행연도 2021"
5921,qwen,few_shot_open_book,2,2,"음주 전과 1회, 혈중알코올농도 0.145%, 운전거리 3.0km, 범행연도 2021"
5923,qwen,few_shot_open_book,2,2,"음주 전과 2회, 혈중알코올농도 0.126%, 운전거리 0.7km, 범행연도 2021"
5924,qwen,few_shot_open_book,2,2,"음주 전과 2회, 혈중알코올농도 0.120%, 운전거리 2.0km, 범행연도 2020"
5925,qwen,few_shot_open_book,2,2,"음주 전과 1회, 혈중알코올농도 0.069%, 운전거리 2.8km, 범행연도 2020"
5926,qwen,few_shot_open_book,2,3,"음주 전과 1회, 혈중알코올농도 0.111%, 운전거리 4.7km, 범행연도 2021"
5928,qwen,few_shot_open_book,2,2,"음주 전과 2회, 혈중알코올농도 0.104%, 운전거리 0.5km, 범행연도 2021"
5929,qwen,few_shot_open_book,2,2,"음주 전과 1회, 혈중알코올농도 0.103%, 운전거리 0.8km, 범행연도 2020"
5930,qwen,few_shot_open_book,2,3,"음주 전과 2회, 혈중알코올농도 0.096%, 운전거리 0.1km, 범행연도 2019"
5931,qwen,few_shot_open_book,2,3,"음주 전과 2회, 혈중알코올농도 0.129%, 운전거리 6.0km, 범행연도 2019"
5932,qwen,few_shot_open_book,0,2,"혈중알코올농도 0.095%, 운전거리 2~3m, 범행연도 2021"
5933,qwen,few_shot_open_book,2,2,"음주 전과 3회, 혈중알코올농도 0.066%, 운전거리 0.5km, 범행연도 2019"
5934,qwen,few_shot_open_book,0,3,"음주 전과 0회, 혈중알코올농도 0.108%, 운전거리 10.0km, 범행연도 2021"
5935,qwen,few_shot_open_book,2,2,"음주 전과 2회, 혈중알코올농도 0.103%, 운전거리 1.0m, 범행연도 2020"
5936,qwen,few_shot_open_book,0,1,"혈중알코올농도 0.187%, 운전거리 0.05km, 범행연도 2020"
5937,qwen,few_shot_open_book,3,3,"음주 전과 2회, 혈중알코올농도 0.212%, 운전거리 3.0km, 범행연도 2021"
5938,qwen,few_shot_open_book,2,2,"음주 전과 1회, 혈중알코올농도 0.165%, 운전거리 1.0km, 범행연도 2020"
5939,qwen,few_shot_open_book,3,2,"음주 전과 1회, 혈중알코올농도 0.270%, 운전거리 2.0km, 범행연도 2020"
5940,qwen,few_shot_open_book,2,2,"음주 전과 1회, 혈중알코올농도 0.095%, 운전거리 0.1km, 범행연도 2020"
5941,qwen,few_shot_open_book,2,3,"음주 전과 1회(음주측정거부), 혈중알코올농도 0.296%, 운전거리 1.0km, 범행연도 2020"
5943,qwen,few_shot_open_book,3,3,"음주 전과 2회, 혈중알코올농도 0.103%, 운전거리 0.85km, 범행연도 2021"
5944,qwen,few_shot_open_book,2,3,"음주 전과 2회, 혈중알코올농도 0.131%, 운전거리 5.0km, 범행연도 2021"
5945,qwen,few_shot_open_book,2,2,"혈중알코올농도 0.212%, 운전거리 15.0km, 범행연도 2020"
5946,qwen,few_shot_open_book,2,2,"음주 전과 3회, 혈중알코올농도 0.067%, 운전거리 0.03km, 범행연도 2020"
5947,qwen,few_shot_open_book,2,2,"음주 전과 0회, 혈중알코올농도 0.181%, 운전거리 0.3km, 범행연도 2021"
5948,qwen,few_shot_open_book,2,1,"혈중알코올농도 0.162%, 운전거리 3.5km, 음주 전과 0회, 범행연도 2021"
5949,qwen,few_shot_open_book,3,3,"음주 전과 1회, 혈중알코올농도 0.241%, 운전거리 2.0km, 범행연도 2021"
5950,qwen,few_shot_open_book,2,3,"음주 전과 2회, 혈중알코올농도 0.131%, 운전거리 2.5km, 범행연도 2019"
5951,qwen,few_shot_open_book,2,2,"음주 전과 2회, 혈중알코올농도 0.098%, 운전거리 1.0km, 범행연도 2019"
5952,qwen,few_shot_open_book,0,2,"음주 전과 1회, 혈중알코올농도 0.095%, 운전거리 1.0km, 범행연도 2021"
5953,qwen,few_shot_open_book,2,3,"음주 전과 2회, 혈중알코올농도 0.069%, 운전거리 0.1km, 범행연도 2019"
5954,qwen,few_shot_open_book,2,3,"음주 전과 1회, 혈중알코올농도 0.130%, 운전거리 10.0km, 범행연도 2021"
5955,qwen,few_shot_open_book,2,2,"음주 전과 1회, 혈중알코올농도 0.252%, 운전거리 4.0km, 범행연도 2021"
5956,qwen,few_shot_open_book,2,2,"음주 전과 2회, 혈중알코올농도 0.167%, 운전거리 1.0km, 범행연도 2020"
5957,qwen,few_shot_open_book,1,2,"음주 전과 2회, 혈중알코올농도 0.104%, 운전거리 20.0km, 범행연도 2019"
5958,qwen,few_shot_open_book,2,3,"음주 전과 1회, 혈중알코올농도 0.080%, 운전거리 1.0km, 범행연도 2019"
5959,qwen,few_shot_open_book,2,2,"음주 전과 2회, 혈중알코올농도 0.115%, 운전거리 1.5km, 범행연도 2019"
5960,qwen,few_shot_open_book,2,3,"음주 전과 0회, 혈중알코올농도 0.109%, 운전거리 1.0km, 범행연도 2019"
5961,qwen,few_shot_open_book,2,1,"혈중알코올농도 0.155%, 운전거리 0.5km, 범행연도 2021"
5962,qwen,few_shot_open_book,2,3,"음주 전과 2회, 혈중알코올농도 0.098%, 운전거리 1.0km, 범행연도 2021"
5963,qwen,few_shot_open_book,2,2,"음주 전과 0회, 혈중알코올농도 0.145%, 운전거리 1.5km, 범행연도 2021"
5964,qwen,few_shot_open_book,1,1,"음주 전과 0회, 혈중알코올농도 0.103%, 운전거리 5.0km, 범행연도 2021"
5965,qwen,few_shot_open_book,2,3,"음주 전과 2회, 혈중알코올농도 0.241%, 운전거리 0.3km, 범행연도 2020"
5966,qwen,few_shot_open_book,2,2,"음주 전과 1회, 혈중알코올농도 0.098%, 운전거리 0.3km, 범행연도 2019"
5967,qwen,few_shot_open_book,0,1,"음주 전과 0회, 혈중알코올농도 0.126%, 운전거리 0.3km, 범행연도 2021"
5968,qwen,few_shot_open_book,3,3,"음주 전과 3회, 혈중알코올농도 0.210%, 운전거리 0.06km, 범행연도 2015"
5969,qwen,few_shot_open_book,2,3,"음주 전과 1회, 혈중알코올농도 0.142%, 운전거리 12.0km, 범행연도 2020"
5970,qwen,few_shot_open_book,3,3,"음주 전과 4회, 혈중알코올농도 0.209%, 운전거리 0.1km, 범행연도 2021"
5971,qwen,few_shot_open_book,2,2,"음주 전과 3회, 혈중알코올농도 0.092%, 운전거리 0.05km, 범행연도 2021"
5972,qwen,few_shot_open_book,2,2,"음주 전과 1회, 혈중알코올농도 0.089%, 운전거리 4.0km, 범행연도 2019"
5973,qwen,few_shot_open_book,2,2,"음주 전과 1회, 혈중알코올농도 0.093%, 운전거리 1.0km, 범행연도 2021"
5975,qwen,few_shot_open_book,2,1,"음주 전과 0회, 혈중알코올농도 0.150%, 운전거리 5.0km, 범행연도 2021"
5976,qwen,few_shot_open_book,2,3,"음주 전과 1회, 혈중알코올농도 0.099%, 운전거리 2.7km, 범행연도 2021"
5978,qwen,few_shot_open_book,3,3,"음주 전과 2회, 혈중알코올농도 0.114%, 운전거리 1.0km, 범행연도 2021"
5979,qwen,few_shot_open_book,2,2,"음주 전과 1회, 혈중알코올농도 0.051%, 운전거리 1.0km, 범행연도 2020"
5980,qwen,few_shot_open_book,3,3,"음주 전과 1회, 혈중알코올농도 0.172%, 운전거리 1.0km, 범행연도 2019"
5981,qwen,few_shot_open_book,2,2,"음주 전과 1회, 혈중알코올농도 0.166%, 운전거리 0.05km, 범행연도 2021"
5982,qwen,few_shot_open_book,2,3,"음주 전과 2회, 혈중알코올농도 0.141%, 운전거리 0.2km, 범행연도 2020"
5983,qwen,few_shot_open_book,0,1,"음주 전과 0회, 혈중알코올농도 0.040%, 운전거리 1.0km, 범행연도 2021"
5984,qwen,few_shot_open_book,2,2,"혈중알코올농도 0.080%, 운전거리 2.0km, 범행연도 2019, 음주 전과 0회"
5985,qwen,few_shot_open_book,2,2,"음주 전과 1회, 혈중알코올농도 0.139%, 운전거리 7.0km, 범행연도 2021"
5986,qwen,few_shot_open_book,2,2,"음주 전과 1회, 혈중알코올농도 0.071%, 운전거리 1.0km, 범행연도 2021"
5987,qwen,few_shot_open_book,2,2,"음주 전과 1회, 혈중알코올농도 0.175%, 운전거리 2.0km, 범행연도 2021"
5990,qwen,few_shot_open_book,2,2,"음주 전과 2회, 혈중알코올농도 0.153%, 운전거리 8.0km, 범행연도 2020"
5991,qwen,few_shot_open_book,1,2,"음주 전과 2회, 혈중알코올농도 0.151%, 운전거리 0.04km, 범행연도 2018"
5992,qwen,few_shot_open_book,0,3,"음주 전과 1회, 혈중알코올농도 0.130%, 운전거리 20.0m, 범행연도 2020"
5993,qwen,few_shot_open_book,3,2,"음주 전과 3회, 혈중알코올농도 0.047%, 운전거리 3.0m, 범행연도 2020"
5995,qwen,few_shot_open_book,2,2,"음주 전과 2회, 혈중알코올농도 0.085%, 운전거리 10.0km, 범행연도 2020"
5996,qwen,few_shot_open_book,3,3,"음주 전과 2회, 혈중알코올농도 0.125%, 운전거리 0.1km, 범행연도 2021"
5997,qwen,few_shot_open_book,2,3,"음주 전과 2회, 혈중알코올농도 0.204%, 운전거리 0.1km, 범행연도 2020"
5998,qwen,few_shot_open_book,2,2,"음주 전과 1회, 혈중알코올농도 0.077%, 운전거리 1.0km, 범행연도 2021"
5999,qwen,few_shot_open_book,3,1,"음주 전과 0회, 혈중알코올농도 0.182%, 운전거리 0.5km, 범행연도 2021"
