id,model,rep,y_true,y_pred
4531,svm,structured,2,3
4531,svm,tfidf,2,0
4682,svm,structured,2,3
4682,svm,tfidf,2,2
4691,svm,structured,2,0
4691,svm,tfidf,2,2
4719,svm,structured,2,0
4719,svm,tfidf,2,2
4781,svm,structured,1,1
4781,svm,tfidf,1,1
4857,svm,structured,3,3
4857,svm,tfidf,3,2
4889,svm,structured,3,2
4889,svm,tfidf,3,2
5108,svm,structured,2,2
5108,svm,tfidf,2,2
5122,svm,structured,2,2
5122,svm,tfidf,2,2
5244,svm,structured,2,3
5244,svm,tfidf,2,2
5365,svm,structured,1,2
5365,svm,tfidf,1,0
5386,svm,structured,2,0
5386,svm,tfidf,2,2
5397,svm,structured,2,2
5397,svm,tfidf,2,3
5419,svm,structured,1,1
5419,svm,tfidf,1,0
5472,svm,structured,2,2
5472,svm,tfidf,2,2
5521,svm,structured,0,0
5521,svm,tfidf,0,0
5543,svm,structured,2,1
5543,svm,tfidf,2,1
5798,svm,structured,2,0
5798,svm,tfidf,2,2
5802,svm,structured,2,0
5802,svm,tfidf,2,2
5873,svm,structured,3,3
5873,svm,tfidf,3,0
5009,svm,structured,2,2
5009,svm,tfidf,2,2
5292,svm,structured,2,2
5292,svm,tfidf,2,2
5296,svm,structured,2,0
5296,svm,tfidf,2,2
5927,svm,structured,2,0
5927,svm,tfidf,2,2
5312,svm,structured,1,1
5312,svm,tfidf,1,1
5394,svm,structured,2,2
5394,svm,tfidf,2,2
5534,svm,structured,2,0
5534,svm,tfidf,2,0
5732,svm,structured,2,3
5732,svm,tfidf,2,2
5880,svm,structured,2,0
5880,svm,tfidf,2,2
4510,svm,structured,3,2
4510,svm,tfidf,3,2
4634,svm,structured,0,2
4634,svm,tfidf,0,2
5691,svm,structured,0,0
5691,svm,tfidf,0,2
5922,svm,structured,2,2
5922,svm,tfidf,2,2
5758,svm,structured,2,3
5758,svm,tfidf,2,2
4501,svm,structured,3,3
4501,svm,tfidf,3,2
4502,svm,structured,2,3
4502,svm,tfidf,2,3
4505,svm,structured,3,0
4505,svm,tfidf,3,2
4507,svm,structured,2,0
4507,svm,tfidf,2,2
4508,svm,structured,2,2
4508,svm,tfidf,2,2
4509,svm,structured,2,3
4509,svm,tfidf,2,2
4514,svm,structured,0,1
4514,svm,tfidf,0,0
4518,svm,structured,3,2
4518,svm,tfidf,3,2
4527,svm,structured,2,3
4527,svm,tfidf,2,2
4536,svm,structured,3,0
4536,svm,tfidf,3,2
4577,svm,structured,2,0
4577,svm,tfidf,2,1
4580,svm,structured,2,1
4580,svm,tfidf,2,1
4582,svm,structured,2,1
4582,svm,tfidf,2,1
4583,svm,structured,2,0
4583,svm,tfidf,2,2
4585,svm,structured,2,2
4585,svm,tfidf,2,2
4605,svm,structured,0,0
4605,svm,tfidf,0,0
4609,svm,structured,2,3
4609,svm,tfidf,2,0
4615,svm,structured,3,3
4615,svm,tfidf,3,3
4626,svm,structured,0,2
4626,svm,tfidf,0,2
4632,svm,structured,2,2
4632,svm,tfidf,2,2
4650,svm,structured,2,2
4650,svm,tfidf,2,2
4661,svm,structured,1,0
4661,svm,tfidf,1,0
4669,svm,structured,3,2
4669,svm,tfidf,3,2
4681,svm,structured,2,3
4681,svm,tfidf,2,2
4683,svm,structured,2,2
4683,svm,tfidf,2,2
4690,svm,structured,2,2
4690,svm,tfidf,2,2
4695,svm,structured,2,0
4695,svm,tfidf,2,3
4698,svm,structured,2,3
4698,svm,tfidf,2,2
4699,svm,structured,2,3
4699,svm,tfidf,2,2
4721,svm,structured,1,1
4721,svm,tfidf,1,1
4726,svm,structured,2,0
4726,svm,tfidf,2,2
4728,svm,structured,1,3
4728,svm,tfidf,1,0
4729,svm,structured,2,3
4729,svm,tfidf,2,2
4733,svm,structured,2,3
4733,svm,tfidf,2,2
4740,svm,structured,0,0
4740,svm,tfidf,0,2
4750,svm,structured,0,0
4750,svm,tfidf,0,2
4751,svm,structured,2,3
4751,svm,tfidf,2,3
4758,svm,structured,0,0
4758,svm,tfidf,0,2
4759,svm,structured,0,3
4759,svm,tfidf,0,2
4762,svm,structured,2,3
4762,svm,tfidf,2,2
4763,svm,structured,2,2
4763,svm,tfidf,2,2
4764,svm,structured,0,0
4764,svm,tfidf,0,0
4766,svm,structured,2,0
4766,svm,tfidf,2,2
4774,svm,structured,3,2
4774,svm,tfidf,3,2
4780,svm,structured,2,1
4780,svm,tfidf,2,1
4785,svm,structured,2,1
4785,svm,tfidf,2,1
4799,svm,structured,2,2
4799,svm,tfidf,2,2
4801,svm,structured,0,0
4801,svm,tfidf,0,2
4807,svm,structured,2,1
4807,svm,tfidf,2,1
4808,svm,structured,2,0
4808,svm,tfidf,2,2
4811,svm,structured,2,0
4811,svm,tfidf,2,2
4814,svm,structured,0,0
4814,svm,tfidf,0,2
4836,svm,structured,2,3
4836,svm,tfidf,2,2
4842,svm,structured,2,2
4842,svm,tfidf,2,0
4846,svm,structured,2,1
4846,svm,tfidf,2,1
4849,svm,structured,3,2
4849,svm,tfidf,3,2
4882,svm,structured,2,0
4882,svm,tfidf,2,2
4883,svm,structured,2,0
4883,svm,tfidf,2,2
4898,svm,structured,2,1
4898,svm,tfidf,2,1
4902,svm,structured,0,2
4902,svm,tfidf,0,2
4908,svm,structured,2,2
4908,svm,tfidf,2,2
4913,svm,structured,1,1
4913,svm,tfidf,1,1
4914,svm,structured,3,1
4914,svm,tfidf,3,0
4921,svm,structured,2,0
4921,svm,tfidf,2,2
4924,svm,structured,2,3
4924,svm,tfidf,2,2
4929,svm,structured,2,0
4929,svm,tfidf,2,0
4932,svm,structured,2,3
4932,svm,tfidf,2,2
4935,svm,structured,1,1
4935,svm,tfidf,1,1
4938,svm,structured,2,0
4938,svm,tfidf,2,2
4940,svm,structured,2,0
4940,svm,tfidf,2,3
4944,svm,structured,2,3
4944,svm,tfidf,2,1
4947,svm,structured,0,0
4947,svm,tfidf,0,2
4952,svm,structured,2,1
4952,svm,tfidf,2,2
4953,svm,structured,3,2
4953,svm,tfidf,3,2
4955,svm,structured,0,0
4955,svm,tfidf,0,2
4959,svm,structured,2,2
4959,svm,tfidf,2,2
4961,svm,structured,2,2
4961,svm,tfidf,2,2
4963,svm,structured,2,1
4963,svm,tfidf,2,1
4966,svm,structured,2,2
4966,svm,tfidf,2,2
4970,svm,structured,0,2
4970,svm,tfidf,0,2
4971,svm,structured,2,2
4971,svm,tfidf,2,2
4972,svm,structured,2,3
4972,svm,tfidf,2,2
4974,svm,structured,2,0
4974,svm,tfidf,2,2
4978,svm,structured,0,0
4978,svm,tfidf,0,2
4980,svm,structured,2,2
4980,svm,tfidf,2,2
4985,svm,structured,2,2
4985,svm,tfidf,2,2
4994,svm,structured,2,3
4994,svm,tfidf,2,2
5001,svm,structured,2,0
5001,svm,tfidf,2,2
5002,svm,structured,2,2
5002,svm,tfidf,2,2
5004,svm,structured,2,2
5004,svm,tfidf,2,3
5007,svm,structured,2,0
5007,svm,tfidf,2,2
5014,svm,structured,1,1
5014,svm,tfidf,1,0
5021,svm,structured,2,1
5021,svm,tfidf,2,1
5029,svm,structured,1,1
5029,svm,tfidf,1,1
5033,svm,structured,2,2
5033,svm,tfidf,2,0
5043,svm,structured,3,1
5043,svm,tfidf,3,0
5045,svm,structured,3,2
5045,svm,tfidf,3,2
5052,svm,structured,2,2
5052,svm,tfidf,2,2
5060,svm,structured,2,0
5060,svm,tfidf,2,2
5061,svm,structured,2,2
5061,svm,tfidf,2,3
5072,svm,structured,2,2
5072,svm,tfidf,2,2
5074,svm,structured,2,1
5074,svm,tfidf,2,1
5093,svm,structured,2,0
5093,svm,tfidf,2,2
5094,svm,structured,0,0
5094,svm,tfidf,0,2
5104,svm,structured,2,2
5104,svm,tfidf,2,2
5118,svm,structured,3,0
5118,svm,tfidf,3,2
5119,svm,structured,2,0
5119,svm,tfidf,2,2
5120,svm,structured,2,0
5120,svm,tfidf,2,2
5127,svm,structured,1,2
5127,svm,tfidf,1,2
5129,svm,structured,2,2
5129,svm,tfidf,2,2
5130,svm,structured,2,0
5130,svm,tfidf,2,2
5138,svm,structured,2,2
5138,svm,tfidf,2,2
5143,svm,structured,2,0
5143,svm,tfidf,2,2
5146,svm,structured,1,1
5146,svm,tfidf,1,0
5155,svm,structured,2,0
5155,svm,tfidf,2,2
5156,svm,structured,2,3
5156,svm,tfidf,2,2
5160,svm,structured,2,1
5160,svm,tfidf,2,1
5161,svm,structured,2,2
5161,svm,tfidf,2,3
5163,svm,structured,2,0
5163,svm,tfidf,2,2
5182,svm,structured,0,1
5182,svm,tfidf,0,0
5186,svm,structured,2,3
5186,svm,tfidf,2,2
5196,svm,structured,2,1
5196,svm,tfidf,2,0
5200,svm,structured,2,2
5200,svm,tfidf,2,2
5203,svm,structured,1,3
5203,svm,tfidf,1,0
5207,svm,structured,0,0
5207,svm,tfidf,0,2
5213,svm,structured,2,2
5213,svm,tfidf,2,2
5215,svm,structured,2,1
5215,svm,tfidf,2,1
5218,svm,structured,3,3
5218,svm,tfidf,3,2
5221,svm,structured,0,1
5221,svm,tfidf,0,1
5223,svm,structured,2,0
5223,svm,tfidf,2,2
5228,svm,structured,3,2
5228,svm,tfidf,3,3
5230,svm,structured,2,3
5230,svm,tfidf,2,3
5232,svm,structured,2,0
5232,svm,tfidf,2,2
5235,svm,structured,2,0
5235,svm,tfidf,2,2
5240,svm,structured,2,0
5240,svm,tfidf,2,0
5255,svm,structured,2,0
5255,svm,tfidf,2,2
5256,svm,structured,2,2
5256,svm,tfidf,2,2
5259,svm,structured,2,3
5259,svm,tfidf,2,2
5266,svm,structured,2,2
5266,svm,tfidf,2,3
5272,svm,structured,2,0
5272,svm,tfidf,2,0
5283,svm,structured,1,1
5283,svm,tfidf,1,1
5291,svm,structured,2,2
5291,svm,tfidf,2,3
5294,svm,structured,2,2
5294,svm,tfidf,2,0
5295,svm,structured,3,2
5295,svm,tfidf,3,2
5300,svm,structured,2,2
5300,svm,tfidf,2,2
5303,svm,structured,2,2
5303,svm,tfidf,2,2
5314,svm,structured,2,1
5314,svm,tfidf,2,1
5325,svm,structured,3,3
5325,svm,tfidf,3,2
5326,svm,structured,2,1
5326,svm,tfidf,2,0
5327,svm,structured,2,0
5327,svm,tfidf,2,3
5333,svm,structured,2,2
5333,svm,tfidf,2,2
5338,svm,structured,0,3
5338,svm,tfidf,0,0
5343,svm,structured,2,3
5343,svm,tfidf,2,2
5344,svm,structured,2,3
5344,svm,tfidf,2,2
5349,svm,structured,2,2
5349,svm,tfidf,2,2
5350,svm,structured,2,0
5350,svm,tfidf,2,2
5356,svm,structured,2,2
5356,svm,tfidf,2,2
5360,svm,structured,0,0
5360,svm,tfidf,0,0
5370,svm,structured,0,1
5370,svm,tfidf,0,1
5375,svm,structured,2,3
5375,svm,tfidf,2,2
5379,svm,structured,2,3
5379,svm,tfidf,2,2
5380,svm,structured,1,0
5380,svm,tfidf,1,0
5383,svm,structured,2,1
5383,svm,tfidf,2,0
5388,svm,structured,2,3
5388,svm,tfidf,2,2
5390,svm,structured,2,3
5390,svm,tfidf,2,3
5405,svm,structured,2,0
5405,svm,tfidf,2,2
5410,svm,structured,1,2
5410,svm,tfidf,1,1
5412,svm,structured,2,2
5412,svm,tfidf,2,2
5424,svm,structured,2,2
5424,svm,tfidf,2,0
5434,svm,structured,2,2
5434,svm,tfidf,2,3
5437,svm,structured,2,2
5437,svm,tfidf,2,2
5439,svm,structured,3,2
5439,svm,tfidf,3,3
5444,svm,structured,2,0
5444,svm,tfidf,2,2
5447,svm,structured,2,3
5447,svm,tfidf,2,2
5450,svm,structured,3,3
5450,svm,tfidf,3,2
5461,svm,structured,1,1
5461,svm,tfidf,1,1
5463,svm,structured,3,3
5463,svm,tfidf,3,3
5464,svm,structured,2,1
5464,svm,tfidf,2,1
5465,svm,structured,2,0
5465,svm,tfidf,2,0
5466,svm,structured,2,3
5466,svm,tfidf,2,3
5473,svm,structured,3,3
5473,svm,tfidf,3,2
5481,svm,structured,0,0
5481,svm,tfidf,0,2
5484,svm,structured,2,2
5484,svm,tfidf,2,2
5486,svm,structured,2,2
5486,svm,tfidf,2,2
5488,svm,structured,0,0
5488,svm,tfidf,0,2
5489,svm,structured,0,2
5489,svm,tfidf,0,2
5492,svm,structured,0,0
5492,svm,tfidf,0,0
5510,svm,structured,2,2
5510,svm,tfidf,2,2
5522,svm,structured,2,0
5522,svm,tfidf,2,2
5523,svm,structured,2,2
5523,svm,tfidf,2,2
5535,svm,structured,2,0
5535,svm,tfidf,2,2
5536,svm,structured,2,2
5536,svm,tfidf,2,2
5542,svm,structured,2,2
5542,svm,tfidf,2,2
5546,svm,structured,2,2
5546,svm,tfidf,2,2
5549,svm,structured,3,3
5549,svm,tfidf,3,2
5552,svm,structured,2,2
5552,svm,tfidf,2,2
5553,svm,structured,2,1
5553,svm,tfidf,2,0
5554,svm,structured,2,0
5554,svm,tfidf,2,2
5571,svm,structured,2,0
5571,svm,tfidf,2,2
5580,svm,structured,0,2
5580,svm,tfidf,0,2
5582,svm,structured,0,3
5582,svm,tfidf,0,2
5586,svm,structured,0,1
5586,svm,tfidf,0,0
5601,svm,structured,0,0
5601,svm,tfidf,0,0
5604,svm,structured,0,1
5604,svm,tfidf,0,1
5610,svm,structured,2,0
5610,svm,tfidf,2,2
5614,svm,structured,0,1
5614,svm,tfidf,0,0
5629,svm,structured,3,2
5629,svm,tfidf,3,2
5677,svm,structured,2,3
5677,svm,tfidf,2,2
5680,svm,structured,2,2
5680,svm,tfidf,2,2
5683,svm,structured,0,1
5683,svm,tfidf,0,2
5686,svm,structured,2,2
5686,svm,tfidf,2,2
5689,svm,structured,2,2
5689,svm,tfidf,2,2
5702,svm,structured,2,0
5702,svm,tfidf,2,2
5720,svm,structured,1,1
5720,svm,tfidf,1,1
5731,svm,structured,2,2
5731,svm,tfidf,2,2
5735,svm,structured,0,0
5735,svm,tfidf,0,2
5741,svm,structured,0,2
5741,svm,tfidf,0,2
5750,svm,structured,2,2
5750,svm,tfidf,2,2
5759,svm,structured,2,0
5759,svm,tfidf,2,0
5760,svm,structured,2,2
5760,svm,tfidf,2,2
5764,svm,structured,2,3
5764,svm,tfidf,2,3
5765,svm,structured,2,2
5765,svm,tfidf,2,2
5766,svm,structured,2,2
5766,svm,tfidf,2,2
5774,svm,structured,0,0
5774,svm,tfidf,0,2
5776,svm,structured,3,3
5776,svm,tfidf,3,2
5778,svm,structured,1,1
5778,svm,tfidf,1,1
5780,svm,structured,1,1
5780,svm,tfidf,1,1
5790,svm,structured,2,3
5790,svm,tfidf,2,2
5791,svm,structured,2,2
5791,svm,tfidf,2,2
5799,svm,structured,2,0
5799,svm,tfidf,2,2
5807,svm,structured,2,2
5807,svm,tfidf,2,2
5809,svm,structured,2,0
5809,svm,tfidf,2,2
5810,svm,structured,2,0
5810,svm,tfidf,2,2
5811,svm,structured,2,0
5811,svm,tfidf,2,2
5814,svm,structured,2,2
5814,svm,tfidf,2,3
5818,svm,structured,2,0
5818,svm,tfidf,2,2
5819,svm,structured,0,0
5819,svm,tfidf,0,0
5825,svm,structured,3,2
5825,svm,tfidf,3,2
5832,svm,structured,3,3
5832,svm,tfidf,3,3
5843,svm,structured,2,0
5843,svm,tfidf,2,2
5844,svm,structured,3,2
5844,svm,tfidf,3,2
5845,svm,structured,2,0
5845,svm,tfidf,2,2
5856,svm,structured,2,2
5856,svm,tfidf,2,2
5861,svm,structured,2,3
5861,svm,tfidf,2,3
5870,svm,structured,2,2
5870,svm,tfidf,2,2
5874,svm,structured,2,2
5874,svm,tfidf,2,2
5882,svm,structured,0,0
5882,svm,tfidf,0,2
5885,svm,structured,2,2
5885,svm,tfidf,2,2
5896,svm,structured,2,3
5896,svm,tfidf,2,2
5899,svm,structured,3,2
5899,svm,tfidf,3,2
5902,svm,structured,2,0
5902,svm,tfidf,2,0
5908,svm,structured,0,0
5908,svm,tfidf,0,2
5914,svm,structured,0,0
5914,svm,tfidf,0,2
5925,svm,structured,2,0
5925,svm,tfidf,2,2
5933,svm,structured,2,3
5933,svm,tfidf,2,2
5945,svm,structured,2,0
5945,svm,tfidf,2,0
5948,svm,structured,2,1
5948,svm,tfidf,2,1
5953,svm,structured,2,2
5953,svm,tfidf,2,2
5963,svm,structured,2,1
5963,svm,tfidf,2,0
5969,svm,structured,2,0
5969,svm,tfidf,2,2
5972,svm,structured,2,0
5972,svm,tfidf,2,2
5981,svm,structured,2,1
5981,svm,tfidf,2,2
5984,svm,structured,2,1
5984,svm,tfidf,2,1
5986,svm,structured,2,0
5986,svm,tfidf,2,3
5987,svm,structured,2,2
5987,svm,tfidf,2,2
5998,svm,structured,2,2
5998,svm,tfidf,2,2
4531,logreg,structured,2,1
4531,logreg,tfidf,2,0
4682,logreg,structured,2,3
4682,logreg,tfidf,2,2
4691,logreg,structured,2,0
4691,logreg,tfidf,2,2
4719,logreg,structured,2,0
4719,logreg,tfidf,2,3
4781,logreg,structured,1,1
4781,logreg,tfidf,1,1
4857,logreg,structured,3,3
4857,logreg,tfidf,3,2
4889,logreg,structured,3,2
4889,logreg,tfidf,3,2
5108,logreg,structured,2,3
5108,logreg,tfidf,2,2
5122,logreg,structured,2,2
5122,logreg,tfidf,2,2
5244,logreg,structured,2,3
5244,logreg,tfidf,2,3
5365,logreg,structured,1,2
5365,logreg,tfidf,1,0
5386,logreg,structured,2,0
5386,logreg,tfidf,2,0
5397,logreg,structured,2,3
5397,logreg,tfidf,2,3
5419,logreg,structured,1,1
5419,logreg,tfidf,1,0
5472,logreg,structured,2,3
5472,logreg,tfidf,2,0
5521,logreg,structured,0,1
5521,logreg,tfidf,0,0
5543,logreg,structured,2,1
5543,logreg,tfidf,2,1
5798,logreg,structured,2,0
5798,logreg,tfidf,2,2
5802,logreg,structured,2,2
5802,logreg,tfidf,2,2
5873,logreg,structured,3,3
5873,logreg,tfidf,3,1
5009,logreg,structured,2,2
5009,logreg,tfidf,2,2
5292,logreg,structured,2,3
5292,logreg,tfidf,2,2
5296,logreg,structured,2,0
5296,logreg,tfidf,2,2
5927,logreg,structured,2,0
5927,logreg,tfidf,2,2
5312,logreg,structured,1,1
5312,logreg,tfidf,1,1
5394,logreg,structured,2,2
5394,logreg,tfidf,2,0
5534,logreg,structured,2,0
5534,logreg,tfidf,2,0
5732,logreg,structured,2,3
5732,logreg,tfidf,2,3
5880,logreg,structured,2,0
5880,logreg,tfidf,2,2
4510,logreg,structured,3,2
4510,logreg,tfidf,3,3
4634,logreg,structured,0,2
4634,logreg,tfidf,0,3
5691,logreg,structured,0,0
5691,logreg,tfidf,0,2
5922,logreg,structured,2,3
5922,logreg,tfidf,2,2
5758,logreg,structured,2,3
5758,logreg,tfidf,2,2
4501,logreg,structured,3,3
4501,logreg,tfidf,3,2
4502,logreg,structured,2,3
4502,logreg,tfidf,2,3
4505,logreg,structured,3,3
4505,logreg,tfidf,3,3
4507,logreg,structured,2,1
4507,logreg,tfidf,2,3
4508,logreg,structured,2,0
4508,logreg,tfidf,2,2
4509,logreg,structured,2,2
4509,logreg,tfidf,2,2
4514,logreg,structured,0,1
4514,logreg,tfidf,0,0
4518,logreg,structured,3,2
4518,logreg,tfidf,3,3
4527,logreg,structured,2,3
4527,logreg,tfidf,2,2
4536,logreg,structured,3,0
4536,logreg,tfidf,3,3
4577,logreg,structured,2,1
4577,logreg,tfidf,2,1
4580,logreg,structured,2,1
4580,logreg,tfidf,2,1
4582,logreg,structured,2,1
4582,logreg,tfidf,2,1
4583,logreg,structured,2,0
4583,logreg,tfidf,2,0
4585,logreg,structured,2,2
4585,logreg,tfidf,2,2
4605,logreg,structured,0,1
4605,logreg,tfidf,0,0
4609,logreg,structured,2,1
4609,logreg,tfidf,2,1
4615,logreg,structured,3,3
4615,logreg,tfidf,3,3
4626,logreg,structured,0,3
4626,logreg,tfidf,0,0
4632,logreg,structured,2,3
4632,logreg,tfidf,2,2
4650,logreg,structured,2,2
4650,logreg,tfidf,2,3
4661,logreg,structured,1,1
4661,logreg,tfidf,1,0
4669,logreg,structured,3,2
4669,logreg,tfidf,3,2
4681,logreg,structured,2,3
4681,logreg,tfidf,2,2
4683,logreg,structured,2,2
4683,logreg,tfidf,2,2
4690,logreg,structured,2,2
4690,logreg,tfidf,2,2
4695,logreg,structured,2,3
4695,logreg,tfidf,2,3
4698,logreg,structured,2,3
4698,logreg,tfidf,2,2
4699,logreg,structured,2,3
4699,logreg,tfidf,2,2
4721,logreg,structured,1,1
4721,logreg,tfidf,1,1
4726,logreg,structured,2,0
4726,logreg,tfidf,2,3
4728,logreg,structured,1,3
4728,logreg,tfidf,1,0
4729,logreg,structured,2,3
4729,logreg,tfidf,2,2
4733,logreg,structured,2,3
4733,logreg,tfidf,2,2
4740,logreg,structured,0,0
4740,logreg,tfidf,0,2
4750,logreg,structured,0,0
4750,logreg,tfidf,0,2
4751,logreg,structured,2,3
4751,logreg,tfidf,2,3
4758,logreg,structured,0,2
4758,logreg,tfidf,0,2
4759,logreg,structured,0,3
4759,logreg,tfidf,0,2
4762,logreg,structured,2,3
4762,logreg,tfidf,2,3
4763,logreg,structured,2,2
4763,logreg,tfidf,2,2
4764,logreg,structured,0,1
4764,logreg,tfidf,0,0
4766,logreg,structured,2,0
4766,logreg,tfidf,2,3
4774,logreg,structured,3,2
4774,logreg,tfidf,3,2
4780,logreg,structured,2,1
4780,logreg,tfidf,2,1
4785,logreg,structured,2,1
4785,logreg,tfidf,2,1
4799,logreg,structured,2,0
4799,logreg,tfidf,2,2
4801,logreg,structured,0,0
4801,logreg,tfidf,0,2
4807,logreg,structured,2,1
4807,logreg,tfidf,2,1
4808,logreg,structured,2,0
4808,logreg,tfidf,2,2
4811,logreg,structured,2,0
4811,logreg,tfidf,2,2
4814,logreg,structured,0,0
4814,logreg,tfidf,0,2
4836,logreg,structured,2,3
4836,logreg,tfidf,2,2
4842,logreg,structured,2,3
4842,logreg,tfidf,2,0
4846,logreg,structured,2,1
4846,logreg,tfidf,2,1
4849,logreg,structured,3,3
4849,logreg,tfidf,3,2
4882,logreg,structured,2,0
4882,logreg,tfidf,2,2
4883,logreg,structured,2,0
4883,logreg,tfidf,2,2
4898,logreg,structured,2,1
4898,logreg,tfidf,2,1
4902,logreg,structured,0,2
4902,logreg,tfidf,0,2
4908,logreg,structured,2,2
4908,logreg,tfidf,2,2
4913,logreg,structured,1,1
4913,logreg,tfidf,1,1
4914,logreg,structured,3,1
4914,logreg,tfidf,3,0
4921,logreg,structured,2,1
4921,logreg,tfidf,2,3
4924,logreg,structured,2,3
4924,logreg,tfidf,2,2
4929,logreg,structured,2,1
4929,logreg,tfidf,2,0
4932,logreg,structured,2,3
4932,logreg,tfidf,2,2
4935,logreg,structured,1,1
4935,logreg,tfidf,1,1
4938,logreg,structured,2,1
4938,logreg,tfidf,2,2
4940,logreg,structured,2,0
4940,logreg,tfidf,2,3
4944,logreg,structured,2,1
4944,logreg,tfidf,2,1
4947,logreg,structured,0,2
4947,logreg,tfidf,0,2
4952,logreg,structured,2,1
4952,logreg,tfidf,2,2
4953,logreg,structured,3,3
4953,logreg,tfidf,3,0
4955,logreg,structured,0,0
4955,logreg,tfidf,0,0
4959,logreg,structured,2,2
4959,logreg,tfidf,2,0
4961,logreg,structured,2,0
4961,logreg,tfidf,2,2
4963,logreg,structured,2,1
4963,logreg,tfidf,2,1
4966,logreg,structured,2,0
4966,logreg,tfidf,2,2
4970,logreg,structured,0,2
4970,logreg,tfidf,0,2
4971,logreg,structured,2,0
4971,logreg,tfidf,2,2
4972,logreg,structured,2,3
4972,logreg,tfidf,2,2
4974,logreg,structured,2,0
4974,logreg,tfidf,2,0
4978,logreg,structured,0,1
4978,logreg,tfidf,0,2
4980,logreg,structured,2,3
4980,logreg,tfidf,2,2
4985,logreg,structured,2,2
4985,logreg,tfidf,2,2
4994,logreg,structured,2,2
4994,logreg,tfidf,2,2
5001,logreg,structured,2,0
5001,logreg,tfidf,2,2
5002,logreg,structured,2,3
5002,logreg,tfidf,2,2
5004,logreg,structured,2,3
5004,logreg,tfidf,2,3
5007,logreg,structured,2,0
5007,logreg,tfidf,2,2
5014,logreg,structured,1,1
5014,logreg,tfidf,1,3
5021,logreg,structured,2,1
5021,logreg,tfidf,2,1
5029,logreg,structured,1,1
5029,logreg,tfidf,1,1
5033,logreg,structured,2,3
5033,logreg,tfidf,2,0
5043,logreg,structured,3,1
5043,logreg,tfidf,3,0
5045,logreg,structured,3,2
5045,logreg,tfidf,3,2
5052,logreg,structured,2,2
5052,logreg,tfidf,2,2
5060,logreg,structured,2,0
5060,logreg,tfidf,2,0
5061,logreg,structured,2,3
5061,logreg,tfidf,2,3
5072,logreg,structured,2,2
5072,logreg,tfidf,2,2
5074,logreg,structured,2,1
5074,logreg,tfidf,2,1
5093,logreg,structured,2,0
5093,logreg,tfidf,2,2
5094,logreg,structured,0,0
5094,logreg,tfidf,0,2
5104,logreg,structured,2,2
5104,logreg,tfidf,2,3
5118,logreg,structured,3,3
5118,logreg,tfidf,3,0
5119,logreg,structured,2,0
5119,logreg,tfidf,2,2
5120,logreg,structured,2,0
5120,logreg,tfidf,2,2
5127,logreg,structured,1,3
5127,logreg,tfidf,1,2
5129,logreg,structured,2,0
5129,logreg,tfidf,2,2
5130,logreg,structured,2,0
5130,logreg,tfidf,2,3
5138,logreg,structured,2,3
5138,logreg,tfidf,2,2
5143,logreg,structured,2,0
5143,logreg,tfidf,2,2
5146,logreg,structured,1,1
5146,logreg,tfidf,1,1
5155,logreg,structured,2,0
5155,logreg,tfidf,2,3
5156,logreg,structured,2,3
5156,logreg,tfidf,2,2
5160,logreg,structured,2,1
5160,logreg,tfidf,2,1
5161,logreg,structured,2,3
5161,logreg,tfidf,2,3
5163,logreg,structured,2,2
5163,logreg,tfidf,2,2
5182,logreg,structured,0,2
5182,logreg,tfidf,0,0
5186,logreg,structured,2,3
5186,logreg,tfidf,2,2
5196,logreg,structured,2,1
5196,logreg,tfidf,2,1
5200,logreg,structured,2,2
5200,logreg,tfidf,2,0
5203,logreg,structured,1,0
5203,logreg,tfidf,1,0
5207,logreg,structured,0,1
5207,logreg,tfidf,0,3
5213,logreg,structured,2,2
5213,logreg,tfidf,2,0
5215,logreg,structured,2,1
5215,logreg,tfidf,2,1
5218,logreg,structured,3,3
5218,logreg,tfidf,3,3
5221,logreg,structured,0,1
5221,logreg,tfidf,0,1
5223,logreg,structured,2,0
5223,logreg,tfidf,2,2
5228,logreg,structured,3,3
5228,logreg,tfidf,3,3
5230,logreg,structured,2,3
5230,logreg,tfidf,2,3
5232,logreg,structured,2,2
5232,logreg,tfidf,2,2
5235,logreg,structured,2,3
5235,logreg,tfidf,2,0
5240,logreg,structured,2,0
5240,logreg,tfidf,2,0
5255,logreg,structured,2,0
5255,logreg,tfidf,2,2
5256,logreg,structured,2,2
5256,logreg,tfidf,2,2
5259,logreg,structured,2,3
5259,logreg,tfidf,2,2
5266,logreg,structured,2,2
5266,logreg,tfidf,2,3
5272,logreg,structured,2,1
5272,logreg,tfidf,2,0
5283,logreg,structured,1,1
5283,logreg,tfidf,1,1
5291,logreg,structured,2,2
5291,logreg,tfidf,2,3
5294,logreg,structured,2,2
5294,logreg,tfidf,2,0
5295,logreg,structured,3,3
5295,logreg,tfidf,3,2
5300,logreg,structured,2,2
5300,logreg,tfidf,2,2
5303,logreg,structured,2,3
5303,logreg,tfidf,2,2
5314,logreg,structured,2,1
5314,logreg,tfidf,2,1
5325,logreg,structured,3,3
5325,logreg,tfidf,3,2
5326,logreg,structured,2,1
5326,logreg,tfidf,2,0
5327,logreg,structured,2,0
5327,logreg,tfidf,2,3
5333,logreg,structured,2,2
5333,logreg,tfidf,2,2
5338,logreg,structured,0,2
5338,logreg,tfidf,0,1
5343,logreg,structured,2,3
5343,logreg,tfidf,2,3
5344,logreg,structured,2,3
5344,logreg,tfidf,2,0
5349,logreg,structured,2,0
5349,logreg,tfidf,2,0
5350,logreg,structured,2,2
5350,logreg,tfidf,2,2
5356,logreg,structured,2,3
5356,logreg,tfidf,2,2
5360,logreg,structured,0,1
5360,logreg,tfidf,0,1
5370,logreg,structured,0,1
5370,logreg,tfidf,0,1
5375,logreg,structured,2,3
5375,logreg,tfidf,2,3
5379,logreg,structured,2,3
5379,logreg,tfidf,2,2
5380,logreg,structured,1,1
5380,logreg,tfidf,1,1
5383,logreg,structured,2,1
5383,logreg,tfidf,2,1
5388,logreg,structured,2,3
5388,logreg,tfidf,2,2
5390,logreg,structured,2,2
5390,logreg,tfidf,2,3
5405,logreg,structured,2,3
5405,logreg,tfidf,2,2
5410,logreg,structured,1,1
5410,logreg,tfidf,1,1
5412,logreg,structured,2,3
5412,logreg,tfidf,2,2
5424,logreg,structured,2,2
5424,logreg,tfidf,2,0
5434,logreg,structured,2,2
5434,logreg,tfidf,2,3
5437,logreg,structured,2,2
5437,logreg,tfidf,2,2
5439,logreg,structured,3,2
5439,logreg,tfidf,3,3
5444,logreg,structured,2,1
5444,logreg,tfidf,2,2
5447,logreg,structured,2,2
5447,logreg,tfidf,2,2
5450,logreg,structured,3,3
5450,logreg,tfidf,3,2
5461,logreg,structured,1,1
5461,logreg,tfidf,1,1
5463,logreg,structured,3,3
5463,logreg,tfidf,3,3
5464,logreg,structured,2,1
5464,logreg,tfidf,2,1
5465,logreg,structured,2,0
5465,logreg,tfidf,2,0
5466,logreg,structured,2,3
5466,logreg,tfidf,2,3
5473,logreg,structured,3,3
5473,logreg,tfidf,3,3
5481,logreg,structured,0,0
5481,logreg,tfidf,0,2
5484,logreg,structured,2,3
5484,logreg,tfidf,2,3
5486,logreg,structured,2,3
5486,logreg,tfidf,2,2
5488,logreg,structured,0,2
5488,logreg,tfidf,0,2
5489,logreg,structured,0,2
5489,logreg,tfidf,0,2
5492,logreg,structured,0,1
5492,logreg,tfidf,0,0
5510,logreg,structured,2,2
5510,logreg,tfidf,2,3
5522,logreg,structured,2,0
5522,logreg,tfidf,2,2
5523,logreg,structured,2,3
5523,logreg,tfidf,2,2
5535,logreg,structured,2,0
5535,logreg,tfidf,2,2
5536,logreg,structured,2,2
5536,logreg,tfidf,2,0
5542,logreg,structured,2,2
5542,logreg,tfidf,2,0
5546,logreg,structured,2,3
5546,logreg,tfidf,2,2
5549,logreg,structured,3,3
5549,logreg,tfidf,3,2
5552,logreg,structured,2,2
5552,logreg,tfidf,2,2
5553,logreg,structured,2,1
5553,logreg,tfidf,2,1
5554,logreg,structured,2,1
5554,logreg,tfidf,2,2
5571,logreg,structured,2,0
5571,logreg,tfidf,2,2
5580,logreg,structured,0,2
5580,logreg,tfidf,0,2
5582,logreg,structured,0,2
5582,logreg,tfidf,0,2
5586,logreg,structured,0,1
5586,logreg,tfidf,0,0
5601,logreg,structured,0,0
5601,logreg,tfidf,0,2
5604,logreg,structured,0,1
5604,logreg,tfidf,0,1
5610,logreg,structured,2,0
5610,logreg,tfidf,2,2
5614,logreg,structured,0,1
5614,logreg,tfidf,0,1
5629,logreg,structured,3,2
5629,logreg,tfidf,3,3
5677,logreg,structured,2,2
5677,logreg,tfidf,2,3
5680,logreg,structured,2,2
5680,logreg,tfidf,2,2
5683,logreg,structured,0,1
5683,logreg,tfidf,0,2
5686,logreg,structured,2,2
5686,logreg,tfidf,2,0
5689,logreg,structured,2,2
5689,logreg,tfidf,2,2
5702,logreg,structured,2,3
5702,logreg,tfidf,2,2
5720,logreg,structured,1,1
5720,logreg,tfidf,1,1
5731,logreg,structured,2,3
5731,logreg,tfidf,2,2
5735,logreg,structured,0,2
5735,logreg,tfidf,0,2
5741,logreg,structured,0,2
5741,logreg,tfidf,0,0
5750,logreg,structured,2,2
5750,logreg,tfidf,2,2
5759,logreg,structured,2,1
5759,logreg,tfidf,2,0
5760,logreg,structured,2,2
5760,logreg,tfidf,2,2
5764,logreg,structured,2,3
5764,logreg,tfidf,2,3
5765,logreg,structured,2,2
5765,logreg,tfidf,2,2
5766,logreg,structured,2,2
5766,logreg,tfidf,2,2
5774,logreg,structured,0,0
5774,logreg,tfidf,0,2
5776,logreg,structured,3,3
5776,logreg,tfidf,3,0
5778,logreg,structured,1,1
5778,logreg,tfidf,1,1
5780,logreg,structured,1,1
5780,logreg,tfidf,1,1
5790,logreg,structured,2,3
5790,logreg,tfidf,2,2
5791,logreg,structured,2,2
5791,logreg,tfidf,2,2
5799,logreg,structured,2,2
5799,logreg,tfidf,2,2
5807,logreg,structured,2,3
5807,logreg,tfidf,2,2
5809,logreg,structured,2,0
5809,logreg,tfidf,2,2
5810,logreg,structured,2,0
5810,logreg,tfidf,2,2
5811,logreg,structured,2,0
5811,logreg,tfidf,2,2
5814,logreg,structured,2,3
5814,logreg,tfidf,2,3
5818,logreg,structured,2,3
5818,logreg,tfidf,2,2
5819,logreg,structured,0,0
5819,logreg,tfidf,0,0
5825,logreg,structured,3,2
5825,logreg,tfidf,3,2
5832,logreg,structured,3,3
5832,logreg,tfidf,3,3
5843,logreg,structured,2,1
5843,logreg,tfidf,2,0
5844,logreg,structured,3,2
5844,logreg,tfidf,3,2
5845,logreg,structured,2,0
5845,logreg,tfidf,2,3
5856,logreg,structured,2,2
5856,logreg,tfidf,2,2
5861,logreg,structured,2,3
5861,logreg,tfidf,2,3
5870,logreg,structured,2,2
5870,logreg,tfidf,2,2
5874,logreg,structured,2,3
5874,logreg,tfidf,2,2
5882,logreg,structured,0,1
5882,logreg,tfidf,0,0
5885,logreg,structured,2,0
5885,logreg,tfidf,2,2
5896,logreg,structured,2,3
5896,logreg,tfidf,2,3
5899,logreg,structured,3,3
5899,logreg,tfidf,3,2
5902,logreg,structured,2,2
5902,logreg,tfidf,2,0
5908,logreg,structured,0,0
5908,logreg,tfidf,0,2
5914,logreg,structured,0,0
5914,logreg,tfidf,0,2
5925,logreg,structured,2,0
5925,logreg,tfidf,2,0
5933,logreg,structured,2,3
5933,logreg,tfidf,2,2
5945,logreg,structured,2,0
5945,logreg,tfidf,2,0
5948,logreg,structured,2,1
5948,logreg,tfidf,2,1
5953,logreg,structured,2,2
5953,logreg,tfidf,2,3
5963,logreg,structured,2,1
5963,logreg,tfidf,2,0
5969,logreg,structured,2,2
5969,logreg,tfidf,2,2
5972,logreg,structured,2,0
5972,logreg,tfidf,2,2
5981,logreg,structured,2,1
5981,logreg,tfidf,2,0
5984,logreg,structured,2,1
5984,logreg,tfidf,2,1
5986,logreg,structured,2,1
5986,logreg,tfidf,2,3
5987,logreg,structured,2,3
5987,logreg,tfidf,2,2
5998,logreg,structured,2,0
5998,logreg,tfidf,2,2
4531,random_forest,structured,2,2
4531,random_forest,tfidf,2,2
4682,random_forest,structured,2,2
4682,random_forest,tfidf,2,2
4691,random_forest,structured,2,2
4691,random_forest,tfidf,2,2
4719,random_forest,structured,2,2
4719,random_forest,tfidf,2,2
4781,random_forest,structured,1,1
4781,random_forest,tfidf,1,1
4857,random_forest,structured,3,2
4857,random_forest,tfidf,3,2
4889,random_forest,structured,3,2
4889,random_forest,tfidf,3,2
5108,random_forest,structured,2,2
5108,random_forest,tfidf,2,2
5122,random_forest,structured,2,3
5122,random_forest,tfidf,2,2
5244,random_forest,structured,2,2
5244,random_forest,tfidf,2,2
5365,random_forest,structured,1,2
5365,random_forest,tfidf,1,2
5386,random_forest,structured,2,2
5386,random_forest,tfidf,2,2
5397,random_forest,structured,2,2
5397,random_forest,tfidf,2,2
5419,random_forest,structured,1,2
5419,random_forest,tfidf,1,1
5472,random_forest,structured,2,2
5472,random_forest,tfidf,2,2
5521,random_forest,structured,0,0
5521,random_forest,tfidf,0,0
5543,random_forest,structured,2,1
5543,random_forest,tfidf,2,1
5798,random_forest,structured,2,2
5798,random_forest,tfidf,2,2
5802,random_forest,structured,2,2
5802,random_forest,tfidf,2,2
5873,random_forest,structured,3,2
5873,random_forest,tfidf,3,2
5009,random_forest,structured,2,2
5009,random_forest,tfidf,2,2
5292,random_forest,structured,2,2
5292,random_forest,tfidf,2,2
5296,random_forest,structured,2,0
5296,random_forest,tfidf,2,2
5927,random_forest,structured,2,2
5927,random_forest,tfidf,2,2
5312,random_forest,structured,1,1
5312,random_forest,tfidf,1,1
5394,random_forest,structured,2,2
5394,random_forest,tfidf,2,2
5534,random_forest,structured,2,2
5534,random_forest,tfidf,2,2
5732,random_forest,structured,2,2
5732,random_forest,tfidf,2,2
5880,random_forest,structured,2,0
5880,random_forest,tfidf,2,2
4510,random_forest,structured,3,2
4510,random_forest,tfidf,3,2
4634,random_forest,structured,0,2
4634,random_forest,tfidf,0,0
5691,random_forest,structured,0,0
5691,random_forest,tfidf,0,2
5922,random_forest,structured,2,2
5922,random_forest,tfidf,2,2
5758,random_forest,structured,2,2
5758,random_forest,tfidf,2,2
4501,random_forest,structured,3,2
4501,random_forest,tfidf,3,2
4502,random_forest,structured,2,2
4502,random_forest,tfidf,2,2
4505,random_forest,structured,3,2
4505,random_forest,tfidf,3,2
4507,random_forest,structured,2,2
4507,random_forest,tfidf,2,0
4508,random_forest,structured,2,2
4508,random_forest,tfidf,2,2
4509,random_forest,structured,2,0
4509,random_forest,tfidf,2,2
4514,random_forest,structured,0,2
4514,random_forest,tfidf,0,2
4518,random_forest,structured,3,2
4518,random_forest,tfidf,3,2
4527,random_forest,structured,2,3
4527,random_forest,tfidf,2,2
4536,random_forest,structured,3,2
4536,random_forest,tfidf,3,2
4577,random_forest,structured,2,0
4577,random_forest,tfidf,2,1
4580,random_forest,structured,2,1
4580,random_forest,tfidf,2,2
4582,random_forest,structured,2,1
4582,random_forest,tfidf,2,1
4583,random_forest,structured,2,2
4583,random_forest,tfidf,2,2
4585,random_forest,structured,2,2
4585,random_forest,tfidf,2,2
4605,random_forest,structured,0,0
4605,random_forest,tfidf,0,0
4609,random_forest,structured,2,2
4609,random_forest,tfidf,2,2
4615,random_forest,structured,3,2
4615,random_forest,tfidf,3,2
4626,random_forest,structured,0,2
4626,random_forest,tfidf,0,2
4632,random_forest,structured,2,2
4632,random_forest,tfidf,2,2
4650,random_forest,structured,2,2
4650,random_forest,tfidf,2,2
4661,random_forest,structured,1,0
4661,random_forest,tfidf,1,0
4669,random_forest,structured,3,2
4669,random_forest,tfidf,3,2
4681,random_forest,structured,2,2
4681,random_forest,tfidf,2,2
4683,random_forest,structured,2,2
4683,random_forest,tfidf,2,2
4690,random_forest,structured,2,2
4690,random_forest,tfidf,2,2
4695,random_forest,structured,2,2
4695,random_forest,tfidf,2,2
4698,random_forest,structured,2,2
4698,random_forest,tfidf,2,2
4699,random_forest,structured,2,2
4699,random_forest,tfidf,2,2
4721,random_forest,structured,1,1
4721,random_forest,tfidf,1,1
4726,random_forest,structured,2,2
4726,random_forest,tfidf,2,2
4728,random_forest,structured,1,2
4728,random_forest,tfidf,1,2
4729,random_forest,structured,2,2
4729,random_forest,tfidf,2,2
4733,random_forest,structured,2,2
4733,random_forest,tfidf,2,2
4740,random_forest,structured,0,2
4740,random_forest,tfidf,0,2
4750,random_forest,structured,0,2
4750,random_forest,tfidf,0,2
4751,random_forest,structured,2,3
4751,random_forest,tfidf,2,2
4758,random_forest,structured,0,2
4758,random_forest,tfidf,0,2
4759,random_forest,structured,0,2
4759,random_forest,tfidf,0,2
4762,random_forest,structured,2,2
4762,random_forest,tfidf,2,2
4763,random_forest,structured,2,2
4763,random_forest,tfidf,2,2
4764,random_forest,structured,0,1
4764,random_forest,tfidf,0,0
4766,random_forest,structured,2,2
4766,random_forest,tfidf,2,2
4774,random_forest,structured,3,2
4774,random_forest,tfidf,3,2
4780,random_forest,structured,2,1
4780,random_forest,tfidf,2,1
4785,random_forest,structured,2,1
4785,random_forest,tfidf,2,2
4799,random_forest,structured,2,2
4799,random_forest,tfidf,2,2
4801,random_forest,structured,0,2
4801,random_forest,tfidf,0,2
4807,random_forest,structured,2,2
4807,random_forest,tfidf,2,1
4808,random_forest,structured,2,2
4808,random_forest,tfidf,2,2
4811,random_forest,structured,2,2
4811,random_forest,tfidf,2,2
4814,random_forest,structured,0,2
4814,random_forest,tfidf,0,2
4836,random_forest,structured,2,2
4836,random_forest,tfidf,2,2
4842,random_forest,structured,2,2
4842,random_forest,tfidf,2,2
4846,random_forest,structured,2,2
4846,random_forest,tfidf,2,2
4849,random_forest,structured,3,2
4849,random_forest,tfidf,3,2
4882,random_forest,structured,2,2
4882,random_forest,tfidf,2,2
4883,random_forest,structured,2,2
4883,random_forest,tfidf,2,2
4898,random_forest,structured,2,1
4898,random_forest,tfidf,2,2
4902,random_forest,structured,0,2
4902,random_forest,tfidf,0,2
4908,random_forest,structured,2,0
4908,random_forest,tfidf,2,2
4913,random_forest,structured,1,1
4913,random_forest,tfidf,1,2
4914,random_forest,structured,3,1
4914,random_forest,tfidf,3,2
4921,random_forest,structured,2,0
4921,random_forest,tfidf,2,2
4924,random_forest,structured,2,2
4924,random_forest,tfidf,2,2
4929,random_forest,structured,2,2
4929,random_forest,tfidf,2,0
4932,random_forest,structured,2,2
4932,random_forest,tfidf,2,2
4935,random_forest,structured,1,1
4935,random_forest,tfidf,1,2
4938,random_forest,structured,2,2
4938,random_forest,tfidf,2,2
4940,random_forest,structured,2,2
4940,random_forest,tfidf,2,2
4944,random_forest,structured,2,2
4944,random_forest,tfidf,2,2
4947,random_forest,structured,0,2
4947,random_forest,tfidf,0,2
4952,random_forest,structured,2,1
4952,random_forest,tfidf,2,2
4953,random_forest,structured,3,2
4953,random_forest,tfidf,3,2
4955,random_forest,structured,0,0
4955,random_forest,tfidf,0,2
4959,random_forest,structured,2,2
4959,random_forest,tfidf,2,2
4961,random_forest,structured,2,2
4961,random_forest,tfidf,2,2
4963,random_forest,structured,2,2
4963,random_forest,tfidf,2,2
4966,random_forest,structured,2,2
4966,random_forest,tfidf,2,2
4970,random_forest,structured,0,2
4970,random_forest,tfidf,0,2
4971,random_forest,structured,2,2
4971,random_forest,tfidf,2,2
4972,random_forest,structured,2,3
4972,random_forest,tfidf,2,2
4974,random_forest,structured,2,2
4974,random_forest,tfidf,2,2
4978,random_forest,structured,0,2
4978,random_forest,tfidf,0,2
4980,random_forest,structured,2,1
4980,random_forest,tfidf,2,2
4985,random_forest,structured,2,2
4985,random_forest,tfidf,2,2
4994,random_forest,structured,2,2
4994,random_forest,tfidf,2,2
5001,random_forest,structured,2,2
5001,random_forest,tfidf,2,2
5002,random_forest,structured,2,2
5002,random_forest,tfidf,2,2
5004,random_forest,structured,2,2
5004,random_forest,tfidf,2,3
5007,random_forest,structured,2,2
5007,random_forest,tfidf,2,2
5014,random_forest,structured,1,0
5014,random_forest,tfidf,1,2
5021,random_forest,structured,2,1
5021,random_forest,tfidf,2,2
5029,random_forest,structured,1,2
5029,random_forest,tfidf,1,1
5033,random_forest,structured,2,2
5033,random_forest,tfidf,2,2
5043,random_forest,structured,3,2
5043,random_forest,tfidf,3,1
5045,random_forest,structured,3,2
5045,random_forest,tfidf,3,2
5052,random_forest,structured,2,2
5052,random_forest,tfidf,2,2
5060,random_forest,structured,2,2
5060,random_forest,tfidf,2,2
5061,random_forest,structured,2,2
5061,random_forest,tfidf,2,2
5072,random_forest,structured,2,2
5072,random_forest,tfidf,2,2
5074,random_forest,structured,2,1
5074,random_forest,tfidf,2,2
5093,random_forest,structured,2,0
5093,random_forest,tfidf,2,2
5094,random_forest,structured,0,2
5094,random_forest,tfidf,0,2
5104,random_forest,structured,2,2
5104,random_forest,tfidf,2,2
5118,random_forest,structured,3,2
5118,random_forest,tfidf,3,2
5119,random_forest,structured,2,2
5119,random_forest,tfidf,2,2
5120,random_forest,structured,2,2
5120,random_forest,tfidf,2,2
5127,random_forest,structured,1,2
5127,random_forest,tfidf,1,2
5129,random_forest,structured,2,2
5129,random_forest,tfidf,2,2
5130,random_forest,structured,2,2
5130,random_forest,tfidf,2,2
5138,random_forest,structured,2,2
5138,random_forest,tfidf,2,2
5143,random_forest,structured,2,2
5143,random_forest,tfidf,2,2
5146,random_forest,structured,1,1
5146,random_forest,tfidf,1,2
5155,random_forest,structured,2,2
5155,random_forest,tfidf,2,2
5156,random_forest,structured,2,2
5156,random_forest,tfidf,2,2
5160,random_forest,structured,2,2
5160,random_forest,tfidf,2,1
5161,random_forest,structured,2,2
5161,random_forest,tfidf,2,2
5163,random_forest,structured,2,0
5163,random_forest,tfidf,2,2
5182,random_forest,structured,0,2
5182,random_forest,tfidf,0,2
5186,random_forest,structured,2,3
5186,random_forest,tfidf,2,2
5196,random_forest,structured,2,2
5196,random_forest,tfidf,2,1
5200,random_forest,structured,2,2
5200,random_forest,tfidf,2,2
5203,random_forest,structured,1,2
5203,random_forest,tfidf,1,0
5207,random_forest,structured,0,0
5207,random_forest,tfidf,0,0
5213,random_forest,structured,2,2
5213,random_forest,tfidf,2,2
5215,random_forest,structured,2,1
5215,random_forest,tfidf,2,1
5218,random_forest,structured,3,2
5218,random_forest,tfidf,3,2
5221,random_forest,structured,0,1
5221,random_forest,tfidf,0,1
5223,random_forest,structured,2,2
5223,random_forest,tfidf,2,2
5228,random_forest,structured,3,2
5228,random_forest,tfidf,3,2
5230,random_forest,structured,2,2
5230,random_forest,tfidf,2,2
5232,random_forest,structured,2,0
5232,random_forest,tfidf,2,2
5235,random_forest,structured,2,2
5235,random_forest,tfidf,2,2
5240,random_forest,structured,2,2
5240,random_forest,tfidf,2,2
5255,random_forest,structured,2,0
5255,random_forest,tfidf,2,2
5256,random_forest,structured,2,2
5256,random_forest,tfidf,2,2
5259,random_forest,structured,2,2
5259,random_forest,tfidf,2,2
5266,random_forest,structured,2,2
5266,random_forest,tfidf,2,2
5272,random_forest,structured,2,0
5272,random_forest,tfidf,2,1
5283,random_forest,structured,1,1
5283,random_forest,tfidf,1,2
5291,random_forest,structured,2,2
5291,random_forest,tfidf,2,2
5294,random_forest,structured,2,2
5294,random_forest,tfidf,2,2
5295,random_forest,structured,3,2
5295,random_forest,tfidf,3,2
5300,random_forest,structured,2,2
5300,random_forest,tfidf,2,2
5303,random_forest,structured,2,2
5303,random_forest,tfidf,2,2
5314,random_forest,structured,2,1
5314,random_forest,tfidf,2,2
5325,random_forest,structured,3,2
5325,random_forest,tfidf,3,2
5326,random_forest,structured,2,2
5326,random_forest,tfidf,2,2
5327,random_forest,structured,2,2
5327,random_forest,tfidf,2,2
5333,random_forest,structured,2,2
5333,random_forest,tfidf,2,2
5338,random_forest,structured,0,2
5338,random_forest,tfidf,0,2
5343,random_forest,structured,2,2
5343,random_forest,tfidf,2,2
5344,random_forest,structured,2,2
5344,random_forest,tfidf,2,2
5349,random_forest,structured,2,2
5349,random_forest,tfidf,2,2
5350,random_forest,structured,2,2
5350,random_forest,tfidf,2,2
5356,random_forest,structured,2,2
5356,random_forest,tfidf,2,2
5360,random_forest,structured,0,0
5360,random_forest,tfidf,0,0
5370,random_forest,structured,0,1
5370,random_forest,tfidf,0,2
5375,random_forest,structured,2,2
5375,random_forest,tfidf,2,2
5379,random_forest,structured,2,2
5379,random_forest,tfidf,2,2
5380,random_forest,structured,1,1
5380,random_forest,tfidf,1,0
5383,random_forest,structured,2,2
5383,random_forest,tfidf,2,2
5388,random_forest,structured,2,3
5388,random_forest,tfidf,2,2
5390,random_forest,structured,2,2
5390,random_forest,tfidf,2,2
5405,random_forest,structured,2,2
5405,random_forest,tfidf,2,2
5410,random_forest,structured,1,1
5410,random_forest,tfidf,1,1
5412,random_forest,structured,2,3
5412,random_forest,tfidf,2,2
5424,random_forest,structured,2,2
5424,random_forest,tfidf,2,2
5434,random_forest,structured,2,2
5434,random_forest,tfidf,2,2
5437,random_forest,structured,2,2
5437,random_forest,tfidf,2,2
5439,random_forest,structured,3,2
5439,random_forest,tfidf,3,2
5444,random_forest,structured,2,2
5444,random_forest,tfidf,2,2
5447,random_forest,structured,2,2
5447,random_forest,tfidf,2,2
5450,random_forest,structured,3,2
5450,random_forest,tfidf,3,2
5461,random_forest,structured,1,1
5461,random_forest,tfidf,1,1
5463,random_forest,structured,3,3
5463,random_forest,tfidf,3,2
5464,random_forest,structured,2,1
5464,random_forest,tfidf,2,2
5465,random_forest,structured,2,0
5465,random_forest,tfidf,2,2
5466,random_forest,structured,2,3
5466,random_forest,tfidf,2,2
5473,random_forest,structured,3,2
5473,random_forest,tfidf,3,2
5481,random_forest,structured,0,2
5481,random_forest,tfidf,0,2
5484,random_forest,structured,2,2
5484,random_forest,tfidf,2,2
5486,random_forest,structured,2,2
5486,random_forest,tfidf,2,2
5488,random_forest,structured,0,0
5488,random_forest,tfidf,0,2
5489,random_forest,structured,0,2
5489,random_forest,tfidf,0,2
5492,random_forest,structured,0,0
5492,random_forest,tfidf,0,0
5510,random_forest,structured,2,2
5510,random_forest,tfidf,2,2
5522,random_forest,structured,2,2
5522,random_forest,tfidf,2,2
5523,random_forest,structured,2,0
5523,random_forest,tfidf,2,2
5535,random_forest,structured,2,2
5535,random_forest,tfidf,2,2
5536,random_forest,structured,2,2
5536,random_forest,tfidf,2,2
5542,random_forest,structured,2,2
5542,random_forest,tfidf,2,2
5546,random_forest,structured,2,2
5546,random_forest,tfidf,2,2
5549,random_forest,structured,3,2
5549,random_forest,tfidf,3,2
5552,random_forest,structured,2,2
5552,random_forest,tfidf,2,2
5553,random_forest,structured,2,1
5553,random_forest,tfidf,2,0
5554,random_forest,structured,2,0
5554,random_forest,tfidf,2,2
5571,random_forest,structured,2,2
5571,random_forest,tfidf,2,2
5580,random_forest,structured,0,2
5580,random_forest,tfidf,0,2
5582,random_forest,structured,0,2
5582,random_forest,tfidf,0,2
5586,random_forest,structured,0,2
5586,random_forest,tfidf,0,1
5601,random_forest,structured,0,2
5601,random_forest,tfidf,0,2
5604,random_forest,structured,0,1
5604,random_forest,tfidf,0,1
5610,random_forest,structured,2,2
5610,random_forest,tfidf,2,2
5614,random_forest,structured,0,0
5614,random_forest,tfidf,0,0
5629,random_forest,structured,3,2
5629,random_forest,tfidf,3,2
5677,random_forest,structured,2,2
5677,random_forest,tfidf,2,2
5680,random_forest,structured,2,2
5680,random_forest,tfidf,2,2
5683,random_forest,structured,0,0
5683,random_forest,tfidf,0,0
5686,random_forest,structured,2,2
5686,random_forest,tfidf,2,2
5689,random_forest,structured,2,2
5689,random_forest,tfidf,2,2
5702,random_forest,structured,2,2
5702,random_forest,tfidf,2,2
5720,random_forest,structured,1,2
5720,random_forest,tfidf,1,1
5731,random_forest,structured,2,2
5731,random_forest,tfidf,2,2
5735,random_forest,structured,0,2
5735,random_forest,tfidf,0,2
5741,random_forest,structured,0,2
5741,random_forest,tfidf,0,2
5750,random_forest,structured,2,2
5750,random_forest,tfidf,2,2
5759,random_forest,structured,2,2
5759,random_forest,tfidf,2,2
5760,random_forest,structured,2,2
5760,random_forest,tfidf,2,2
5764,random_forest,structured,2,2
5764,random_forest,tfidf,2,2
5765,random_forest,structured,2,2
5765,random_forest,tfidf,2,2
5766,random_forest,structured,2,2
5766,random_forest,tfidf,2,2
5774,random_forest,structured,0,2
5774,random_forest,tfidf,0,2
5776,random_forest,structured,3,3
5776,random_forest,tfidf,3,2
5778,random_forest,structured,1,2
5778,random_forest,tfidf,1,2
5780,random_forest,structured,1,1
5780,random_forest,tfidf,1,1
5790,random_forest,structured,2,2
5790,random_forest,tfidf,2,2
5791,random_forest,structured,2,2
5791,random_forest,tfidf,2,2
5799,random_forest,structured,2,2
5799,random_forest,tfidf,2,2
5807,random_forest,structured,2,2
5807,random_forest,tfidf,2,2
5809,random_forest,structured,2,2
5809,random_forest,tfidf,2,2
5810,random_forest,structured,2,2
5810,random_forest,tfidf,2,2
5811,random_forest,structured,2,2
5811,random_forest,tfidf,2,2
5814,random_forest,structured,2,2
5814,random_forest,tfidf,2,2
5818,random_forest,structured,2,2
5818,random_forest,tfidf,2,2
5819,random_forest,structured,0,2
5819,random_forest,tfidf,0,0
5825,random_forest,structured,3,2
5825,random_forest,tfidf,3,2
5832,random_forest,structured,3,0
5832,random_forest,tfidf,3,2
5843,random_forest,structured,2,2
5843,random_forest,tfidf,2,2
5844,random_forest,structured,3,2
5844,random_forest,tfidf,3,2
5845,random_forest,structured,2,2
5845,random_forest,tfidf,2,2
5856,random_forest,structured,2,2
5856,random_forest,tfidf,2,2
5861,random_forest,structured,2,2
5861,random_forest,tfidf,2,2
5870,random_forest,structured,2,2
5870,random_forest,tfidf,2,2
5874,random_forest,structured,2,2
5874,random_forest,tfidf,2,2
5882,random_forest,structured,0,0
5882,random_forest,tfidf,0,2
5885,random_forest,structured,2,2
5885,random_forest,tfidf,2,2
5896,random_forest,structured,2,2
5896,random_forest,tfidf,2,2
5899,random_forest,structured,3,2
5899,random_forest,tfidf,3,2
5902,random_forest,structured,2,2
5902,random_forest,tfidf,2,2
5908,random_forest,structured,0,2
5908,random_forest,tfidf,0,2
5914,random_forest,structured,0,2
5914,random_forest,tfidf,0,2
5925,random_forest,structured,2,0
5925,random_forest,tfidf,2,2
5933,random_forest,structured,2,2
5933,random_forest,tfidf,2,2
5945,random_forest,structured,2,2
5945,random_forest,tfidf,2,0
5948,random_forest,structured,2,2
5948,random_forest,tfidf,2,2
5953,random_forest,structured,2,2
5953,random_forest,tfidf,2,2
5963,random_forest,structured,2,1
5963,random_forest,tfidf,2,2
5969,random_forest,structured,2,3
5969,random_forest,tfidf,2,2
5972,random_forest,structured,2,2
5972,random_forest,tfidf,2,2
5981,random_forest,structured,2,1
5981,random_forest,tfidf,2,2
5984,random_forest,structured,2,1
5984,random_forest,tfidf,2,1
5986,random_forest,structured,2,2
5986,random_forest,tfidf,2,2
5987,random_forest,structured,2,2
5987,random_forest,tfidf,2,2
5998,random_forest,structured,2,3
5998,random_forest,tfidf,2,2
4531,lightgbm,structured,2,3
4531,lightgbm,tfidf,2,2
4682,lightgbm,structured,2,2
4682,lightgbm,tfidf,2,2
4691,lightgbm,structured,2,0
4691,lightgbm,tfidf,2,2
4719,lightgbm,structured,2,3
4719,lightgbm,tfidf,2,2
4781,lightgbm,structured,1,1
4781,lightgbm,tfidf,1,2
4857,lightgbm,structured,3,2
4857,lightgbm,tfidf,3,2
4889,lightgbm,structured,3,2
4889,lightgbm,tfidf,3,2
5108,lightgbm,structured,2,2
5108,lightgbm,tfidf,2,2
5122,lightgbm,structured,2,2
5122,lightgbm,tfidf,2,2
5244,lightgbm,structured,2,2
5244,lightgbm,tfidf,2,2
5365,lightgbm,structured,1,2
5365,lightgbm,tfidf,1,2
5386,lightgbm,structured,2,0
5386,lightgbm,tfidf,2,2
5397,lightgbm,structured,2,2
5397,lightgbm,tfidf,2,2
5419,lightgbm,structured,1,2
5419,lightgbm,tfidf,1,1
5472,lightgbm,structured,2,2
5472,lightgbm,tfidf,2,2
5521,lightgbm,structured,0,0
5521,lightgbm,tfidf,0,2
5543,lightgbm,structured,2,1
5543,lightgbm,tfidf,2,2
5798,lightgbm,structured,2,3
5798,lightgbm,tfidf,2,2
5802,lightgbm,structured,2,2
5802,lightgbm,tfidf,2,2
5873,lightgbm,structured,3,3
5873,lightgbm,tfidf,3,2
5009,lightgbm,structured,2,2
5009,lightgbm,tfidf,2,2
5292,lightgbm,structured,2,2
5292,lightgbm,tfidf,2,2
5296,lightgbm,structured,2,0
5296,lightgbm,tfidf,2,2
5927,lightgbm,structured,2,2
5927,lightgbm,tfidf,2,2
5312,lightgbm,structured,1,1
5312,lightgbm,tfidf,1,1
5394,lightgbm,structured,2,3
5394,lightgbm,tfidf,2,2
5534,lightgbm,structured,2,2
5534,lightgbm,tfidf,2,2
5732,lightgbm,structured,2,2
5732,lightgbm,tfidf,2,2
5880,lightgbm,structured,2,0
5880,lightgbm,tfidf,2,2
4510,lightgbm,structured,3,2
4510,lightgbm,tfidf,3,2
4634,lightgbm,structured,0,2
4634,lightgbm,tfidf,0,2
5691,lightgbm,structured,0,2
5691,lightgbm,tfidf,0,2
5922,lightgbm,structured,2,2
5922,lightgbm,tfidf,2,2
5758,lightgbm,structured,2,2
5758,lightgbm,tfidf,2,2
4501,lightgbm,structured,3,3
4501,lightgbm,tfidf,3,2
4502,lightgbm,structured,2,2
4502,lightgbm,tfidf,2,2
4505,lightgbm,structured,3,2
4505,lightgbm,tfidf,3,2
4507,lightgbm,structured,2,2
4507,lightgbm,tfidf,2,2
4508,lightgbm,structured,2,2
4508,lightgbm,tfidf,2,2
4509,lightgbm,structured,2,0
4509,lightgbm,tfidf,2,2
4514,lightgbm,structured,0,0
4514,lightgbm,tfidf,0,2
4518,lightgbm,structured,3,2
4518,lightgbm,tfidf,3,2
4527,lightgbm,structured,2,2
4527,lightgbm,tfidf,2,2
4536,lightgbm,structured,3,3
4536,lightgbm,tfidf,3,0
4577,lightgbm,structured,2,0
4577,lightgbm,tfidf,2,1
4580,lightgbm,structured,2,2
4580,lightgbm,tfidf,2,2
4582,lightgbm,structured,2,1
4582,lightgbm,tfidf,2,1
4583,lightgbm,structured,2,2
4583,lightgbm,tfidf,2,2
4585,lightgbm,structured,2,2
4585,lightgbm,tfidf,2,2
4605,lightgbm,structured,0,0
4605,lightgbm,tfidf,0,0
4609,lightgbm,structured,2,2
4609,lightgbm,tfidf,2,2
4615,lightgbm,structured,3,2
4615,lightgbm,tfidf,3,2
4626,lightgbm,structured,0,2
4626,lightgbm,tfidf,0,0
4632,lightgbm,structured,2,2
4632,lightgbm,tfidf,2,2
4650,lightgbm,structured,2,2
4650,lightgbm,tfidf,2,2
4661,lightgbm,structured,1,1
4661,lightgbm,tfidf,1,2
4669,lightgbm,structured,3,2
4669,lightgbm,tfidf,3,2
4681,lightgbm,structured,2,2
4681,lightgbm,tfidf,2,2
4683,lightgbm,structured,2,0
4683,lightgbm,tfidf,2,2
4690,lightgbm,structured,2,2
4690,lightgbm,tfidf,2,2
4695,lightgbm,structured,2,2
4695,lightgbm,tfidf,2,2
4698,lightgbm,structured,2,2
4698,lightgbm,tfidf,2,2
4699,lightgbm,structured,2,2
4699,lightgbm,tfidf,2,2
4721,lightgbm,structured,1,1
4721,lightgbm,tfidf,1,1
4726,lightgbm,structured,2,2
4726,lightgbm,tfidf,2,2
4728,lightgbm,structured,1,3
4728,lightgbm,tfidf,1,2
4729,lightgbm,structured,2,2
4729,lightgbm,tfidf,2,2
4733,lightgbm,structured,2,2
4733,lightgbm,tfidf,2,2
4740,lightgbm,structured,0,2
4740,lightgbm,tfidf,0,2
4750,lightgbm,structured,0,2
4750,lightgbm,tfidf,0,2
4751,lightgbm,structured,2,2
4751,lightgbm,tfidf,2,2
4758,lightgbm,structured,0,2
4758,lightgbm,tfidf,0,2
4759,lightgbm,structured,0,2
4759,lightgbm,tfidf,0,2
4762,lightgbm,structured,2,2
4762,lightgbm,tfidf,2,2
4763,lightgbm,structured,2,2
4763,lightgbm,tfidf,2,2
4764,lightgbm,structured,0,0
4764,lightgbm,tfidf,0,0
4766,lightgbm,structured,2,2
4766,lightgbm,tfidf,2,2
4774,lightgbm,structured,3,2
4774,lightgbm,tfidf,3,2
4780,lightgbm,structured,2,2
4780,lightgbm,tfidf,2,1
4785,lightgbm,structured,2,2
4785,lightgbm,tfidf,2,2
4799,lightgbm,structured,2,2
4799,lightgbm,tfidf,2,2
4801,lightgbm,structured,0,2
4801,lightgbm,tfidf,0,2
4807,lightgbm,structured,2,3
4807,lightgbm,tfidf,2,2
4808,lightgbm,structured,2,3
4808,lightgbm,tfidf,2,2
4811,lightgbm,structured,2,2
4811,lightgbm,tfidf,2,2
4814,lightgbm,structured,0,2
4814,lightgbm,tfidf,0,2
4836,lightgbm,structured,2,2
4836,lightgbm,tfidf,2,2
4842,lightgbm,structured,2,2
4842,lightgbm,tfidf,2,2
4846,lightgbm,structured,2,2
4846,lightgbm,tfidf,2,2
4849,lightgbm,structured,3,2
4849,lightgbm,tfidf,3,2
4882,lightgbm,structured,2,2
4882,lightgbm,tfidf,2,2
4883,lightgbm,structured,2,3
4883,lightgbm,tfidf,2,2
4898,lightgbm,structured,2,1
4898,lightgbm,tfidf,2,2
4902,lightgbm,structured,0,2
4902,lightgbm,tfidf,0,2
4908,lightgbm,structured,2,2
4908,lightgbm,tfidf,2,2
4913,lightgbm,structured,1,1
4913,lightgbm,tfidf,1,1
4914,lightgbm,structured,3,1
4914,lightgbm,tfidf,3,0
4921,lightgbm,structured,2,2
4921,lightgbm,tfidf,2,2
4924,lightgbm,structured,2,3
4924,lightgbm,tfidf,2,2
4929,lightgbm,structured,2,2
4929,lightgbm,tfidf,2,2
4932,lightgbm,structured,2,3
4932,lightgbm,tfidf,2,2
4935,lightgbm,structured,1,2
4935,lightgbm,tfidf,1,2
4938,lightgbm,structured,2,2
4938,lightgbm,tfidf,2,2
4940,lightgbm,structured,2,2
4940,lightgbm,tfidf,2,2
4944,lightgbm,structured,2,3
4944,lightgbm,tfidf,2,3
4947,lightgbm,structured,0,2
4947,lightgbm,tfidf,0,2
4952,lightgbm,structured,2,2
4952,lightgbm,tfidf,2,2
4953,lightgbm,structured,3,2
4953,lightgbm,tfidf,3,0
4955,lightgbm,structured,0,2
4955,lightgbm,tfidf,0,2
4959,lightgbm,structured,2,2
4959,lightgbm,tfidf,2,2
4961,lightgbm,structured,2,2
4961,lightgbm,tfidf,2,2
4963,lightgbm,structured,2,2
4963,lightgbm,tfidf,2,2
4966,lightgbm,structured,2,2
4966,lightgbm,tfidf,2,2
4970,lightgbm,structured,0,2
4970,lightgbm,tfidf,0,2
4971,lightgbm,structured,2,2
4971,lightgbm,tfidf,2,2
4972,lightgbm,structured,2,2
4972,lightgbm,tfidf,2,2
4974,lightgbm,structured,2,2
4974,lightgbm,tfidf,2,2
4978,lightgbm,structured,0,2
4978,lightgbm,tfidf,0,2
4980,lightgbm,structured,2,2
4980,lightgbm,tfidf,2,2
4985,lightgbm,structured,2,2
4985,lightgbm,tfidf,2,2
4994,lightgbm,structured,2,2
4994,lightgbm,tfidf,2,2
5001,lightgbm,structured,2,2
5001,lightgbm,tfidf,2,2
5002,lightgbm,structured,2,2
5002,lightgbm,tfidf,2,2
5004,lightgbm,structured,2,2
5004,lightgbm,tfidf,2,3
5007,lightgbm,structured,2,2
5007,lightgbm,tfidf,2,2
5014,lightgbm,structured,1,0
5014,lightgbm,tfidf,1,3
5021,lightgbm,structured,2,2
5021,lightgbm,tfidf,2,2
5029,lightgbm,structured,1,2
5029,lightgbm,tfidf,1,2
5033,lightgbm,structured,2,2
5033,lightgbm,tfidf,2,2
5043,lightgbm,structured,3,2
5043,lightgbm,tfidf,3,1
5045,lightgbm,structured,3,0
5045,lightgbm,tfidf,3,2
5052,lightgbm,structured,2,2
5052,lightgbm,tfidf,2,2
5060,lightgbm,structured,2,0
5060,lightgbm,tfidf,2,2
5061,lightgbm,structured,2,2
5061,lightgbm,tfidf,2,2
5072,lightgbm,structured,2,2
5072,lightgbm,tfidf,2,2
5074,lightgbm,structured,2,2
5074,lightgbm,tfidf,2,2
5093,lightgbm,structured,2,2
5093,lightgbm,tfidf,2,2
5094,lightgbm,structured,0,0
5094,lightgbm,tfidf,0,2
5104,lightgbm,structured,2,2
5104,lightgbm,tfidf,2,2
5118,lightgbm,structured,3,2
5118,lightgbm,tfidf,3,0
5119,lightgbm,structured,2,2
5119,lightgbm,tfidf,2,2
5120,lightgbm,structured,2,0
5120,lightgbm,tfidf,2,2
5127,lightgbm,structured,1,2
5127,lightgbm,tfidf,1,2
5129,lightgbm,structured,2,2
5129,lightgbm,tfidf,2,2
5130,lightgbm,structured,2,2
5130,lightgbm,tfidf,2,2
5138,lightgbm,structured,2,2
5138,lightgbm,tfidf,2,2
5143,lightgbm,structured,2,1
5143,lightgbm,tfidf,2,2
5146,lightgbm,structured,1,1
5146,lightgbm,tfidf,1,2
5155,lightgbm,structured,2,2
5155,lightgbm,tfidf,2,2
5156,lightgbm,structured,2,2
5156,lightgbm,tfidf,2,2
5160,lightgbm,structured,2,2
5160,lightgbm,tfidf,2,2
5161,lightgbm,structured,2,2
5161,lightgbm,tfidf,2,2
5163,lightgbm,structured,2,0
5163,lightgbm,tfidf,2,2
5182,lightgbm,structured,0,2
5182,lightgbm,tfidf,0,2
5186,lightgbm,structured,2,3
5186,lightgbm,tfidf,2,2
5196,lightgbm,structured,2,2
5196,lightgbm,tfidf,2,1
5200,lightgbm,structured,2,2
5200,lightgbm,tfidf,2,2
5203,lightgbm,structured,1,3
5203,lightgbm,tfidf,1,2
5207,lightgbm,structured,0,0
5207,lightgbm,tfidf,0,3
5213,lightgbm,structured,2,0
5213,lightgbm,tfidf,2,2
5215,lightgbm,structured,2,2
5215,lightgbm,tfidf,2,2
5218,lightgbm,structured,3,2
5218,lightgbm,tfidf,3,2
5221,lightgbm,structured,0,1
5221,lightgbm,tfidf,0,1
5223,lightgbm,structured,2,2
5223,lightgbm,tfidf,2,2
5228,lightgbm,structured,3,3
5228,lightgbm,tfidf,3,2
5230,lightgbm,structured,2,2
5230,lightgbm,tfidf,2,2
5232,lightgbm,structured,2,0
5232,lightgbm,tfidf,2,2
5235,lightgbm,structured,2,2
5235,lightgbm,tfidf,2,2
5240,lightgbm,structured,2,2
5240,lightgbm,tfidf,2,2
5255,lightgbm,structured,2,0
5255,lightgbm,tfidf,2,2
5256,lightgbm,structured,2,2
5256,lightgbm,tfidf,2,2
5259,lightgbm,structured,2,2
5259,lightgbm,tfidf,2,2
5266,lightgbm,structured,2,2
5266,lightgbm,tfidf,2,2
5272,lightgbm,structured,2,0
5272,lightgbm,tfidf,2,2
5283,lightgbm,structured,1,2
5283,lightgbm,tfidf,1,2
5291,lightgbm,structured,2,2
5291,lightgbm,tfidf,2,2
5294,lightgbm,structured,2,2
5294,lightgbm,tfidf,2,2
5295,lightgbm,structured,3,2
5295,lightgbm,tfidf,3,2
5300,lightgbm,structured,2,3
5300,lightgbm,tfidf,2,2
5303,lightgbm,structured,2,2
5303,lightgbm,tfidf,2,2
5314,lightgbm,structured,2,1
5314,lightgbm,tfidf,2,2
5325,lightgbm,structured,3,3
5325,lightgbm,tfidf,3,2
5326,lightgbm,structured,2,3
5326,lightgbm,tfidf,2,2
5327,lightgbm,structured,2,2
5327,lightgbm,tfidf,2,2
5333,lightgbm,structured,2,2
5333,lightgbm,tfidf,2,2
5338,lightgbm,structured,0,2
5338,lightgbm,tfidf,0,2
5343,lightgbm,structured,2,2
5343,lightgbm,tfidf,2,2
5344,lightgbm,structured,2,2
5344,lightgbm,tfidf,2,2
5349,lightgbm,structured,2,2
5349,lightgbm,tfidf,2,2
5350,lightgbm,structured,2,2
5350,lightgbm,tfidf,2,2
5356,lightgbm,structured,2,1
5356,lightgbm,tfidf,2,2
5360,lightgbm,structured,0,0
5360,lightgbm,tfidf,0,0
5370,lightgbm,structured,0,1
5370,lightgbm,tfidf,0,2
5375,lightgbm,structured,2,2
5375,lightgbm,tfidf,2,2
5379,lightgbm,structured,2,2
5379,lightgbm,tfidf,2,2
5380,lightgbm,structured,1,1
5380,lightgbm,tfidf,1,2
5383,lightgbm,structured,2,0
5383,lightgbm,tfidf,2,2
5388,lightgbm,structured,2,2
5388,lightgbm,tfidf,2,2
5390,lightgbm,structured,2,2
5390,lightgbm,tfidf,2,2
5405,lightgbm,structured,2,2
5405,lightgbm,tfidf,2,2
5410,lightgbm,structured,1,1
5410,lightgbm,tfidf,1,1
5412,lightgbm,structured,2,2
5412,lightgbm,tfidf,2,2
5424,lightgbm,structured,2,2
5424,lightgbm,tfidf,2,2
5434,lightgbm,structured,2,2
5434,lightgbm,tfidf,2,2
5437,lightgbm,structured,2,3
5437,lightgbm,tfidf,2,2
5439,lightgbm,structured,3,2
5439,lightgbm,tfidf,3,2
5444,lightgbm,structured,2,2
5444,lightgbm,tfidf,2,2
5447,lightgbm,structured,2,2
5447,lightgbm,tfidf,2,2
5450,lightgbm,structured,3,2
5450,lightgbm,tfidf,3,2
5461,lightgbm,structured,1,2
5461,lightgbm,tfidf,1,1
5463,lightgbm,structured,3,2
5463,lightgbm,tfidf,3,3
5464,lightgbm,structured,2,2
5464,lightgbm,tfidf,2,2
5465,lightgbm,structured,2,0
5465,lightgbm,tfidf,2,0
5466,lightgbm,structured,2,3
5466,lightgbm,tfidf,2,2
5473,lightgbm,structured,3,2
5473,lightgbm,tfidf,3,0
5481,lightgbm,structured,0,2
5481,lightgbm,tfidf,0,2
5484,lightgbm,structured,2,2
5484,lightgbm,tfidf,2,2
5486,lightgbm,structured,2,0
5486,lightgbm,tfidf,2,2
5488,lightgbm,structured,0,2
5488,lightgbm,tfidf,0,2
5489,lightgbm,structured,0,2
5489,lightgbm,tfidf,0,2
5492,lightgbm,structured,0,0
5492,lightgbm,tfidf,0,2
5510,lightgbm,structured,2,2
5510,lightgbm,tfidf,2,2
5522,lightgbm,structured,2,2
5522,lightgbm,tfidf,2,2
5523,lightgbm,structured,2,0
5523,lightgbm,tfidf,2,2
5535,lightgbm,structured,2,2
5535,lightgbm,tfidf,2,2
5536,lightgbm,structured,2,2
5536,lightgbm,tfidf,2,2
5542,lightgbm,structured,2,0
5542,lightgbm,tfidf,2,2
5546,lightgbm,structured,2,2
5546,lightgbm,tfidf,2,2
5549,lightgbm,structured,3,2
5549,lightgbm,tfidf,3,2
5552,lightgbm,structured,2,2
5552,lightgbm,tfidf,2,2
5553,lightgbm,structured,2,0
5553,lightgbm,tfidf,2,0
5554,lightgbm,structured,2,0
5554,lightgbm,tfidf,2,2
5571,lightgbm,structured,2,2
5571,lightgbm,tfidf,2,2
5580,lightgbm,structured,0,2
5580,lightgbm,tfidf,0,2
5582,lightgbm,structured,0,2
5582,lightgbm,tfidf,0,2
5586,lightgbm,structured,0,2
5586,lightgbm,tfidf,0,0
5601,lightgbm,structured,0,2
5601,lightgbm,tfidf,0,2
5604,lightgbm,structured,0,2
5604,lightgbm,tfidf,0,3
5610,lightgbm,structured,2,2
5610,lightgbm,tfidf,2,2
5614,lightgbm,structured,0,2
5614,lightgbm,tfidf,0,0
5629,lightgbm,structured,3,2
5629,lightgbm,tfidf,3,2
5677,lightgbm,structured,2,2
5677,lightgbm,tfidf,2,2
5680,lightgbm,structured,2,2
5680,lightgbm,tfidf,2,2
5683,lightgbm,structured,0,1
5683,lightgbm,tfidf,0,2
5686,lightgbm,structured,2,2
5686,lightgbm,tfidf,2,2
5689,lightgbm,structured,2,2
5689,lightgbm,tfidf,2,2
5702,lightgbm,structured,2,2
5702,lightgbm,tfidf,2,2
5720,lightgbm,structured,1,2
5720,lightgbm,tfidf,1,1
5731,lightgbm,structured,2,3
5731,lightgbm,tfidf,2,2
5735,lightgbm,structured,0,2
5735,lightgbm,tfidf,0,2
5741,lightgbm,structured,0,2
5741,lightgbm,tfidf,0,2
5750,lightgbm,structured,2,2
5750,lightgbm,tfidf,2,2
5759,lightgbm,structured,2,2
5759,lightgbm,tfidf,2,2
5760,lightgbm,structured,2,2
5760,lightgbm,tfidf,2,2
5764,lightgbm,structured,2,2
5764,lightgbm,tfidf,2,2
5765,lightgbm,structured,2,2
5765,lightgbm,tfidf,2,2
5766,lightgbm,structured,2,2
5766,lightgbm,tfidf,2,2
5774,lightgbm,structured,0,2
5774,lightgbm,tfidf,0,2
5776,lightgbm,structured,3,3
5776,lightgbm,tfidf,3,2
5778,lightgbm,structured,1,2
5778,lightgbm,tfidf,1,2
5780,lightgbm,structured,1,1
5780,lightgbm,tfidf,1,2
5790,lightgbm,structured,2,2
5790,lightgbm,tfidf,2,2
5791,lightgbm,structured,2,2
5791,lightgbm,tfidf,2,2
5799,lightgbm,structured,2,2
5799,lightgbm,tfidf,2,2
5807,lightgbm,structured,2,2
5807,lightgbm,tfidf,2,2
5809,lightgbm,structured,2,2
5809,lightgbm,tfidf,2,2
5810,lightgbm,structured,2,2
5810,lightgbm,tfidf,2,2
5811,lightgbm,structured,2,2
5811,lightgbm,tfidf,2,2
5814,lightgbm,structured,2,2
5814,lightgbm,tfidf,2,3
5818,lightgbm,structured,2,2
5818,lightgbm,tfidf,2,2
5819,lightgbm,structured,0,2
5819,lightgbm,tfidf,0,0
5825,lightgbm,structured,3,2
5825,lightgbm,tfidf,3,2
5832,lightgbm,structured,3,3
5832,lightgbm,tfidf,3,0
5843,lightgbm,structured,2,2
5843,lightgbm,tfidf,2,2
5844,lightgbm,structured,3,2
5844,lightgbm,tfidf,3,2
5845,lightgbm,structured,2,2
5845,lightgbm,tfidf,2,2
5856,lightgbm,structured,2,2
5856,lightgbm,tfidf,2,2
5861,lightgbm,structured,2,2
5861,lightgbm,tfidf,2,2
5870,lightgbm,structured,2,2
5870,lightgbm,tfidf,2,2
5874,lightgbm,structured,2,2
5874,lightgbm,tfidf,2,2
5882,lightgbm,structured,0,2
5882,lightgbm,tfidf,0,2
5885,lightgbm,structured,2,2
5885,lightgbm,tfidf,2,2
5896,lightgbm,structured,2,2
5896,lightgbm,tfidf,2,2
5899,lightgbm,structured,3,2
5899,lightgbm,tfidf,3,2
5902,lightgbm,structured,2,0
5902,lightgbm,tfidf,2,2
5908,lightgbm,structured,0,2
5908,lightgbm,tfidf,0,2
5914,lightgbm,structured,0,0
5914,lightgbm,tfidf,0,2
5925,lightgbm,structured,2,0
5925,lightgbm,tfidf,2,2
5933,lightgbm,structured,2,2
5933,lightgbm,tfidf,2,2
5945,lightgbm,structured,2,2
5945,lightgbm,tfidf,2,2
5948,lightgbm,structured,2,2
5948,lightgbm,tfidf,2,2
5953,lightgbm,structured,2,2
5953,lightgbm,tfidf,2,2
5963,lightgbm,structured,2,2
5963,lightgbm,tfidf,2,2
5969,lightgbm,structured,2,3
5969,lightgbm,tfidf,2,2
5972,lightgbm,structured,2,2
5972,lightgbm,tfidf,2,2
5981,lightgbm,structured,2,1
5981,lightgbm,tfidf,2,2
5984,lightgbm,structured,2,0
5984,lightgbm,tfidf,2,1
5986,lightgbm,structured,2,2
5986,lightgbm,tfidf,2,2
5987,lightgbm,structured,2,3
5987,lightgbm,tfidf,2,2
5998,lightgbm,structured,2,2
5998,lightgbm,tfidf,2,2
4635,svm,structured,2,2
4635,svm,tfidf,2,2
4700,svm,structured,2,3
4700,svm,tfidf,2,2
4867,svm,structured,0,0
4867,svm,tfidf,0,0
5217,svm,structured,0,1
5217,svm,tfidf,0,1
5251,svm,structured,3,3
5251,svm,tfidf,3,2
5253,svm,structured,2,0
5253,svm,tfidf,2,2
5318,svm,structured,3,3
5318,svm,tfidf,3,3
5334,svm,structured,2,0
5334,svm,tfidf,2,2
5415,svm,structured,0,0
5415,svm,tfidf,0,1
5452,svm,structured,2,3
5452,svm,tfidf,2,2
5469,svm,structured,2,2
5469,svm,tfidf,2,2
5639,svm,structured,2,0
5639,svm,tfidf,2,2
5744,svm,structured,2,2
5744,svm,tfidf,2,3
5862,svm,structured,2,3
5862,svm,tfidf,2,2
4551,svm,structured,2,0
4551,svm,tfidf,2,2
4664,svm,structured,3,0
4664,svm,tfidf,3,2
4658,svm,structured,2,3
4658,svm,tfidf,2,3
4680,svm,structured,2,3
4680,svm,tfidf,2,2
4958,svm,structured,2,3
4958,svm,tfidf,2,2
4576,svm,structured,2,0
4576,svm,tfidf,2,2
4601,svm,structured,2,0
4601,svm,tfidf,2,2
4692,svm,structured,2,0
4692,svm,tfidf,2,2
5028,svm,structured,2,3
5028,svm,tfidf,2,2
5708,svm,structured,2,2
5708,svm,tfidf,2,2
5738,svm,structured,3,0
5738,svm,tfidf,3,0
5739,svm,structured,2,3
5739,svm,tfidf,2,2
5745,svm,structured,0,0
5745,svm,tfidf,0,0
5974,svm,structured,2,2
5974,svm,tfidf,2,2
4806,svm,structured,2,3
4806,svm,tfidf,2,2
5656,svm,structured,2,0
5656,svm,tfidf,2,2
5860,svm,structured,3,2
5860,svm,tfidf,3,2
5716,svm,structured,0,0
5716,svm,tfidf,0,0
4500,svm,structured,2,2
4500,svm,tfidf,2,2
4503,svm,structured,0,1
4503,svm,tfidf,0,1
4506,svm,structured,0,2
4506,svm,tfidf,0,3
4515,svm,structured,2,0
4515,svm,tfidf,2,2
4516,svm,structured,2,2
4516,svm,tfidf,2,2
4519,svm,structured,0,3
4519,svm,tfidf,0,2
4523,svm,structured,2,1
4523,svm,tfidf,2,1
4534,svm,structured,2,1
4534,svm,tfidf,2,1
4542,svm,structured,2,0
4542,svm,tfidf,2,2
4548,svm,structured,2,3
4548,svm,tfidf,2,2
4552,svm,structured,2,3
4552,svm,tfidf,2,2
4555,svm,structured,0,0
4555,svm,tfidf,0,2
4563,svm,structured,2,3
4563,svm,tfidf,2,2
4567,svm,structured,2,2
4567,svm,tfidf,2,2
4568,svm,structured,2,3
4568,svm,tfidf,2,1
4586,svm,structured,2,0
4586,svm,tfidf,2,2
4588,svm,structured,2,0
4588,svm,tfidf,2,2
4590,svm,structured,2,3
4590,svm,tfidf,2,1
4593,svm,structured,2,0
4593,svm,tfidf,2,2
4594,svm,structured,2,1
4594,svm,tfidf,2,1
4599,svm,structured,2,0
4599,svm,tfidf,2,2
4600,svm,structured,2,0
4600,svm,tfidf,2,2
4603,svm,structured,2,2
4603,svm,tfidf,2,0
4606,svm,structured,3,3
4606,svm,tfidf,3,2
4608,svm,structured,2,1
4608,svm,tfidf,2,1
4616,svm,structured,3,1
4616,svm,tfidf,3,0
4618,svm,structured,3,2
4618,svm,tfidf,3,2
4624,svm,structured,2,1
4624,svm,tfidf,2,1
4625,svm,structured,2,2
4625,svm,tfidf,2,3
4627,svm,structured,2,3
4627,svm,tfidf,2,2
4642,svm,structured,2,0
4642,svm,tfidf,2,3
4656,svm,structured,2,2
4656,svm,tfidf,2,2
4659,svm,structured,3,2
4659,svm,tfidf,3,2
4663,svm,structured,3,3
4663,svm,tfidf,3,3
4666,svm,structured,2,0
4666,svm,tfidf,2,2
4673,svm,structured,3,2
4673,svm,tfidf,3,2
4677,svm,structured,0,0
4677,svm,tfidf,0,0
4685,svm,structured,2,3
4685,svm,tfidf,2,3
4687,svm,structured,2,2
4687,svm,tfidf,2,2
4701,svm,structured,0,0
4701,svm,tfidf,0,0
4703,svm,structured,2,3
4703,svm,tfidf,2,3
4716,svm,structured,2,0
4716,svm,tfidf,2,2
4717,svm,structured,2,2
4717,svm,tfidf,2,2
4720,svm,structured,2,0
4720,svm,tfidf,2,2
4724,svm,structured,0,0
4724,svm,tfidf,0,2
4737,svm,structured,1,1
4737,svm,tfidf,1,2
4739,svm,structured,2,3
4739,svm,tfidf,2,3
4746,svm,structured,0,2
4746,svm,tfidf,0,2
4749,svm,structured,1,1
4749,svm,tfidf,1,1
4753,svm,structured,2,0
4753,svm,tfidf,2,2
4760,svm,structured,2,2
4760,svm,tfidf,2,2
4768,svm,structured,1,1
4768,svm,tfidf,1,1
4769,svm,structured,2,2
4769,svm,tfidf,2,0
4771,svm,structured,0,2
4771,svm,tfidf,0,2
4773,svm,structured,2,2
4773,svm,tfidf,2,2
4775,svm,structured,2,0
4775,svm,tfidf,2,2
4776,svm,structured,0,0
4776,svm,tfidf,0,0
4778,svm,structured,0,0
4778,svm,tfidf,0,0
4779,svm,structured,2,3
4779,svm,tfidf,2,2
4786,svm,structured,2,0
4786,svm,tfidf,2,1
4790,svm,structured,2,0
4790,svm,tfidf,2,0
4795,svm,structured,2,0
4795,svm,tfidf,2,2
4796,svm,structured,2,3
4796,svm,tfidf,2,2
4803,svm,structured,2,3
4803,svm,tfidf,2,2
4815,svm,structured,2,3
4815,svm,tfidf,2,3
4817,svm,structured,0,1
4817,svm,tfidf,0,0
4822,svm,structured,2,2
4822,svm,tfidf,2,2
4824,svm,structured,2,2
4824,svm,tfidf,2,2
4825,svm,structured,2,1
4825,svm,tfidf,2,1
4831,svm,structured,2,1
4831,svm,tfidf,2,2
4834,svm,structured,2,0
4834,svm,tfidf,2,2
4838,svm,structured,2,2
4838,svm,tfidf,2,2
4843,svm,structured,3,3
4843,svm,tfidf,3,3
4858,svm,structured,2,0
4858,svm,tfidf,2,2
4861,svm,structured,1,1
4861,svm,tfidf,1,1
4866,svm,structured,1,1
4866,svm,tfidf,1,1
4868,svm,structured,0,2
4868,svm,tfidf,0,2
4873,svm,structured,2,1
4873,svm,tfidf,2,1
4880,svm,structured,2,1
4880,svm,tfidf,2,1
4885,svm,structured,2,3
4885,svm,tfidf,2,2
4886,svm,structured,2,2
4886,svm,tfidf,2,2
4888,svm,structured,0,1
4888,svm,tfidf,0,0
4891,svm,structured,2,0
4891,svm,tfidf,2,2
4901,svm,structured,2,2
4901,svm,tfidf,2,0
4909,svm,structured,1,1
4909,svm,tfidf,1,1
4910,svm,structured,2,3
4910,svm,tfidf,2,2
4916,svm,structured,2,3
4916,svm,tfidf,2,2
4918,svm,structured,3,3
4918,svm,tfidf,3,3
4934,svm,structured,2,0
4934,svm,tfidf,2,2
4936,svm,structured,2,3
4936,svm,tfidf,2,2
4939,svm,structured,2,0
4939,svm,tfidf,2,0
4941,svm,structured,2,3
4941,svm,tfidf,2,2
4943,svm,structured,2,1
4943,svm,tfidf,2,1
4945,svm,structured,0,1
4945,svm,tfidf,0,0
4973,svm,structured,0,3
4973,svm,tfidf,0,2
4979,svm,structured,1,1
4979,svm,tfidf,1,1
4984,svm,structured,2,3
4984,svm,tfidf,2,2
4988,svm,structured,2,3
4988,svm,tfidf,2,3
4989,svm,structured,2,2
4989,svm,tfidf,2,2
5013,svm,structured,3,3
5013,svm,tfidf,3,2
5015,svm,structured,3,2
5015,svm,tfidf,3,3
5022,svm,structured,0,0
5022,svm,tfidf,0,0
5032,svm,structured,2,3
5032,svm,tfidf,2,2
5034,svm,structured,2,1
5034,svm,tfidf,2,1
5036,svm,structured,3,3
5036,svm,tfidf,3,1
5039,svm,structured,0,1
5039,svm,tfidf,0,2
5040,svm,structured,2,3
5040,svm,tfidf,2,3
5047,svm,structured,2,2
5047,svm,tfidf,2,2
5048,svm,structured,0,1
5048,svm,tfidf,0,0
5059,svm,structured,2,0
5059,svm,tfidf,2,2
5064,svm,structured,2,2
5064,svm,tfidf,2,2
5066,svm,structured,2,2
5066,svm,tfidf,2,2
5067,svm,structured,2,3
5067,svm,tfidf,2,0
5068,svm,structured,2,2
5068,svm,tfidf,2,2
5070,svm,structured,2,2
5070,svm,tfidf,2,2
5071,svm,structured,0,0
5071,svm,tfidf,0,0
5076,svm,structured,2,1
5076,svm,tfidf,2,0
5080,svm,structured,2,0
5080,svm,tfidf,2,2
5095,svm,structured,0,1
5095,svm,tfidf,0,0
5097,svm,structured,0,0
5097,svm,tfidf,0,2
5103,svm,structured,2,3
5103,svm,tfidf,2,0
5106,svm,structured,2,2
5106,svm,tfidf,2,2
5113,svm,structured,2,3
5113,svm,tfidf,2,2
5126,svm,structured,2,2
5126,svm,tfidf,2,2
5142,svm,structured,3,3
5142,svm,tfidf,3,2
5145,svm,structured,2,3
5145,svm,tfidf,2,2
5152,svm,structured,3,2
5152,svm,tfidf,3,2
5157,svm,structured,2,0
5157,svm,tfidf,2,2
5158,svm,structured,0,0
5158,svm,tfidf,0,0
5162,svm,structured,2,3
5162,svm,tfidf,2,0
5176,svm,structured,2,3
5176,svm,tfidf,2,1
5181,svm,structured,2,0
5181,svm,tfidf,2,2
5188,svm,structured,1,0
5188,svm,tfidf,1,0
5190,svm,structured,2,0
5190,svm,tfidf,2,2
5195,svm,structured,2,3
5195,svm,tfidf,2,1
5201,svm,structured,2,3
5201,svm,tfidf,2,3
5206,svm,structured,2,3
5206,svm,tfidf,2,2
5216,svm,structured,3,3
5216,svm,tfidf,3,2
5225,svm,structured,2,3
5225,svm,tfidf,2,3
5226,svm,structured,3,3
5226,svm,tfidf,3,2
5236,svm,structured,2,3
5236,svm,tfidf,2,2
5238,svm,structured,2,0
5238,svm,tfidf,2,2
5262,svm,structured,2,2
5262,svm,tfidf,2,2
5265,svm,structured,2,0
5265,svm,tfidf,2,2
5268,svm,structured,2,1
5268,svm,tfidf,2,0
5269,svm,structured,0,0
5269,svm,tfidf,0,2
5273,svm,structured,1,1
5273,svm,tfidf,1,0
5275,svm,structured,1,2
5275,svm,tfidf,1,3
5281,svm,structured,0,0
5281,svm,tfidf,0,2
5282,svm,structured,2,3
5282,svm,tfidf,2,2
5286,svm,structured,2,3
5286,svm,tfidf,2,2
5287,svm,structured,2,3
5287,svm,tfidf,2,2
5301,svm,structured,2,3
5301,svm,tfidf,2,2
5306,svm,structured,2,0
5306,svm,tfidf,2,2
5309,svm,structured,0,0
5309,svm,tfidf,0,0
5311,svm,structured,2,3
5311,svm,tfidf,2,2
5313,svm,structured,0,2
5313,svm,tfidf,0,2
5321,svm,structured,2,1
5321,svm,tfidf,2,1
5328,svm,structured,2,0
5328,svm,tfidf,2,1
5337,svm,structured,2,2
5337,svm,tfidf,2,2
5345,svm,structured,2,3
5345,svm,tfidf,2,2
5346,svm,structured,2,0
5346,svm,tfidf,2,0
5357,svm,structured,2,3
5357,svm,tfidf,2,2
5366,svm,structured,0,1
5366,svm,tfidf,0,1
5387,svm,structured,3,2
5387,svm,tfidf,3,2
5400,svm,structured,2,3
5400,svm,tfidf,2,2
5403,svm,structured,2,0
5403,svm,tfidf,2,2
5409,svm,structured,2,1
5409,svm,tfidf,2,1
5411,svm,structured,2,0
5411,svm,tfidf,2,2
5416,svm,structured,2,3
5416,svm,tfidf,2,2
5445,svm,structured,2,3
5445,svm,tfidf,2,2
5455,svm,structured,0,2
5455,svm,tfidf,0,3
5467,svm,structured,2,3
5467,svm,tfidf,2,0
5468,svm,structured,3,2
5468,svm,tfidf,3,2
5476,svm,structured,2,3
5476,svm,tfidf,2,2
5479,svm,structured,1,1
5479,svm,tfidf,1,1
5493,svm,structured,2,0
5493,svm,tfidf,2,2
5495,svm,structured,2,1
5495,svm,tfidf,2,2
5496,svm,structured,1,1
5496,svm,tfidf,1,1
5506,svm,structured,2,2
5506,svm,tfidf,2,3
5508,svm,structured,2,1
5508,svm,tfidf,2,1
5513,svm,structured,1,1
5513,svm,tfidf,1,1
5530,svm,structured,2,0
5530,svm,tfidf,2,0
5533,svm,structured,2,0
5533,svm,tfidf,2,2
5545,svm,structured,3,0
5545,svm,tfidf,3,3
5548,svm,structured,2,0
5548,svm,tfidf,2,2
5550,svm,structured,2,3
5550,svm,tfidf,2,2
5551,svm,structured,2,3
5551,svm,tfidf,2,2
5556,svm,structured,2,1
5556,svm,tfidf,2,1
5560,svm,structured,0,1
5560,svm,tfidf,0,0
5561,svm,structured,0,0
5561,svm,tfidf,0,0
5576,svm,structured,2,2
5576,svm,tfidf,2,2
5588,svm,structured,1,1
5588,svm,tfidf,1,1
5589,svm,structured,2,1
5589,svm,tfidf,2,1
5598,svm,structured,2,3
5598,svm,tfidf,2,3
5605,svm,structured,2,3
5605,svm,tfidf,2,2
5606,svm,structured,3,3
5606,svm,tfidf,3,2
5616,svm,structured,2,3
5616,svm,tfidf,2,2
5622,svm,structured,2,0
5622,svm,tfidf,2,2
5630,svm,structured,2,3
5630,svm,tfidf,2,2
5635,svm,structured,2,3
5635,svm,tfidf,2,2
5641,svm,structured,2,0
5641,svm,tfidf,2,2
5642,svm,structured,2,2
5642,svm,tfidf,2,2
5646,svm,structured,2,1
5646,svm,tfidf,2,1
5647,svm,structured,2,2
5647,svm,tfidf,2,2
5648,svm,structured,2,3
5648,svm,tfidf,2,2
5649,svm,structured,2,0
5649,svm,tfidf,2,2
5653,svm,structured,2,1
5653,svm,tfidf,2,1
5658,svm,structured,0,0
5658,svm,tfidf,0,0
5663,svm,structured,1,1
5663,svm,tfidf,1,1
5667,svm,structured,3,0
5667,svm,tfidf,3,2
5678,svm,structured,2,1
5678,svm,tfidf,2,1
5681,svm,structured,0,1
5681,svm,tfidf,0,1
5687,svm,structured,0,1
5687,svm,tfidf,0,1
5705,svm,structured,2,3
5705,svm,tfidf,2,2
5711,svm,structured,0,2
5711,svm,tfidf,0,2
5719,svm,structured,2,1
5719,svm,tfidf,2,1
5721,svm,structured,2,0
5721,svm,tfidf,2,2
5724,svm,structured,2,3
5724,svm,tfidf,2,2
5729,svm,structured,1,1
5729,svm,tfidf,1,0
5730,svm,structured,2,3
5730,svm,tfidf,2,3
5755,svm,structured,2,3
5755,svm,tfidf,2,2
5769,svm,structured,2,3
5769,svm,tfidf,2,2
5772,svm,structured,2,3
5772,svm,tfidf,2,2
5775,svm,structured,2,3
5775,svm,tfidf,2,2
5782,svm,structured,2,3
5782,svm,tfidf,2,2
5784,svm,structured,1,1
5784,svm,tfidf,1,1
5813,svm,structured,2,2
5813,svm,tfidf,2,2
5816,svm,structured,2,3
5816,svm,tfidf,2,3
5822,svm,structured,2,3
5822,svm,tfidf,2,2
5827,svm,structured,2,1
5827,svm,tfidf,2,2
5831,svm,structured,2,3
5831,svm,tfidf,2,2
5841,svm,structured,2,3
5841,svm,tfidf,2,3
5851,svm,structured,2,3
5851,svm,tfidf,2,3
5858,svm,structured,2,3
5858,svm,tfidf,2,2
5859,svm,structured,1,1
5859,svm,tfidf,1,0
5867,svm,structured,0,1
5867,svm,tfidf,0,1
5871,svm,structured,2,0
5871,svm,tfidf,2,2
5881,svm,structured,2,0
5881,svm,tfidf,2,2
5883,svm,structured,0,3
5883,svm,tfidf,0,2
5884,svm,structured,1,0
5884,svm,tfidf,1,0
5886,svm,structured,2,2
5886,svm,tfidf,2,2
5888,svm,structured,3,0
5888,svm,tfidf,3,2
5889,svm,structured,3,0
5889,svm,tfidf,3,3
5892,svm,structured,2,0
5892,svm,tfidf,2,2
5894,svm,structured,3,0
5894,svm,tfidf,3,2
5895,svm,structured,2,3
5895,svm,tfidf,2,2
5897,svm,structured,2,3
5897,svm,tfidf,2,3
5900,svm,structured,2,1
5900,svm,tfidf,2,1
5901,svm,structured,2,2
5901,svm,tfidf,2,2
5904,svm,structured,3,3
5904,svm,tfidf,3,2
5916,svm,structured,2,3
5916,svm,tfidf,2,2
5917,svm,structured,1,1
5917,svm,tfidf,1,0
5944,svm,structured,2,3
5944,svm,tfidf,2,2
5946,svm,structured,2,3
5946,svm,tfidf,2,2
5950,svm,structured,2,3
5950,svm,tfidf,2,3
5954,svm,structured,2,2
5954,svm,tfidf,2,2
5957,svm,structured,1,3
5957,svm,tfidf,1,2
5959,svm,structured,2,2
5959,svm,tfidf,2,2
5961,svm,structured,2,1
5961,svm,tfidf,2,1
5967,svm,structured,0,1
5967,svm,tfidf,0,1
5968,svm,structured,3,1
5968,svm,tfidf,3,3
5971,svm,structured,2,3
5971,svm,tfidf,2,3
5975,svm,structured,2,1
5975,svm,tfidf,2,1
5976,svm,structured,2,2
5976,svm,tfidf,2,2
5978,svm,structured,3,1
5978,svm,tfidf,3,2
5990,svm,structured,2,3
5990,svm,tfidf,2,2
5996,svm,structured,3,3
5996,svm,tfidf,3,2
4635,logreg,structured,2,2
4635,logreg,tfidf,2,2
4700,logreg,structured,2,3
4700,logreg,tfidf,2,1
4867,logreg,structured,0,1
4867,logreg,tfidf,0,0
5217,logreg,structured,0,1
5217,logreg,tfidf,0,1
5251,logreg,structured,3,2
5251,logreg,tfidf,3,2
5253,logreg,structured,2,0
5253,logreg,tfidf,2,2
5318,logreg,structured,3,3
5318,logreg,tfidf,3,3
5334,logreg,structured,2,0
5334,logreg,tfidf,2,0
5415,logreg,structured,0,1
5415,logreg,tfidf,0,1
5452,logreg,structured,2,2
5452,logreg,tfidf,2,3
5469,logreg,structured,2,2
5469,logreg,tfidf,2,2
5639,logreg,structured,2,0
5639,logreg,tfidf,2,2
5744,logreg,structured,2,2
5744,logreg,tfidf,2,3
5862,logreg,structured,2,3
5862,logreg,tfidf,2,2
4551,logreg,structured,2,0
4551,logreg,tfidf,2,3
4664,logreg,structured,3,3
4664,logreg,tfidf,3,3
4658,logreg,structured,2,3
4658,logreg,tfidf,2,3
4680,logreg,structured,2,3
4680,logreg,tfidf,2,3
4958,logreg,structured,2,3
4958,logreg,tfidf,2,3
4576,logreg,structured,2,0
4576,logreg,tfidf,2,2
4601,logreg,structured,2,0
4601,logreg,tfidf,2,0
4692,logreg,structured,2,1
4692,logreg,tfidf,2,2
5028,logreg,structured,2,3
5028,logreg,tfidf,2,2
5708,logreg,structured,2,2
5708,logreg,tfidf,2,2
5738,logreg,structured,3,0
5738,logreg,tfidf,3,0
5739,logreg,structured,2,3
5739,logreg,tfidf,2,1
5745,logreg,structured,0,1
5745,logreg,tfidf,0,1
5974,logreg,structured,2,2
5974,logreg,tfidf,2,3
4806,logreg,structured,2,3
4806,logreg,tfidf,2,2
5656,logreg,structured,2,3
5656,logreg,tfidf,2,2
5860,logreg,structured,3,2
5860,logreg,tfidf,3,2
5716,logreg,structured,0,0
5716,logreg,tfidf,0,0
4500,logreg,structured,2,2
4500,logreg,tfidf,2,2
4503,logreg,structured,0,1
4503,logreg,tfidf,0,1
4506,logreg,structured,0,2
4506,logreg,tfidf,0,3
4515,logreg,structured,2,2
4515,logreg,tfidf,2,3
4516,logreg,structured,2,1
4516,logreg,tfidf,2,1
4519,logreg,structured,0,3
4519,logreg,tfidf,0,2
4523,logreg,structured,2,1
4523,logreg,tfidf,2,1
4534,logreg,structured,2,1
4534,logreg,tfidf,2,1
4542,logreg,structured,2,0
4542,logreg,tfidf,2,2
4548,logreg,structured,2,3
4548,logreg,tfidf,2,2
4552,logreg,structured,2,3
4552,logreg,tfidf,2,2
4555,logreg,structured,0,0
4555,logreg,tfidf,0,2
4563,logreg,structured,2,3
4563,logreg,tfidf,2,2
4567,logreg,structured,2,2
4567,logreg,tfidf,2,3
4568,logreg,structured,2,3
4568,logreg,tfidf,2,1
4586,logreg,structured,2,0
4586,logreg,tfidf,2,2
4588,logreg,structured,2,0
4588,logreg,tfidf,2,0
4590,logreg,structured,2,3
4590,logreg,tfidf,2,1
4593,logreg,structured,2,0
4593,logreg,tfidf,2,2
4594,logreg,structured,2,1
4594,logreg,tfidf,2,1
4599,logreg,structured,2,0
4599,logreg,tfidf,2,2
4600,logreg,structured,2,0
4600,logreg,tfidf,2,2
4603,logreg,structured,2,2
4603,logreg,tfidf,2,0
4606,logreg,structured,3,3
4606,logreg,tfidf,3,2
4608,logreg,structured,2,1
4608,logreg,tfidf,2,1
4616,logreg,structured,3,1
4616,logreg,tfidf,3,0
4618,logreg,structured,3,2
4618,logreg,tfidf,3,2
4624,logreg,structured,2,1
4624,logreg,tfidf,2,1
4625,logreg,structured,2,2
4625,logreg,tfidf,2,3
4627,logreg,structured,2,3
4627,logreg,tfidf,2,2
4642,logreg,structured,2,0
4642,logreg,tfidf,2,3
4656,logreg,structured,2,2
4656,logreg,tfidf,2,2
4659,logreg,structured,3,2
4659,logreg,tfidf,3,2
4663,logreg,structured,3,3
4663,logreg,tfidf,3,3
4666,logreg,structured,2,3
4666,logreg,tfidf,2,2
4673,logreg,structured,3,2
4673,logreg,tfidf,3,3
4677,logreg,structured,0,0
4677,logreg,tfidf,0,0
4685,logreg,structured,2,2
4685,logreg,tfidf,2,3
4687,logreg,structured,2,2
4687,logreg,tfidf,2,2
4701,logreg,structured,0,1
4701,logreg,tfidf,0,0
4703,logreg,structured,2,3
4703,logreg,tfidf,2,3
4716,logreg,structured,2,2
4716,logreg,tfidf,2,2
4717,logreg,structured,2,2
4717,logreg,tfidf,2,2
4720,logreg,structured,2,0
4720,logreg,tfidf,2,2
4724,logreg,structured,0,3
4724,logreg,tfidf,0,3
4737,logreg,structured,1,1
4737,logreg,tfidf,1,0
4739,logreg,structured,2,3
4739,logreg,tfidf,2,3
4746,logreg,structured,0,0
4746,logreg,tfidf,0,1
4749,logreg,structured,1,1
4749,logreg,tfidf,1,1
4753,logreg,structured,2,0
4753,logreg,tfidf,2,2
4760,logreg,structured,2,2
4760,logreg,tfidf,2,2
4768,logreg,structured,1,1
4768,logreg,tfidf,1,1
4769,logreg,structured,2,2
4769,logreg,tfidf,2,0
4771,logreg,structured,0,2
4771,logreg,tfidf,0,2
4773,logreg,structured,2,0
4773,logreg,tfidf,2,2
4775,logreg,structured,2,0
4775,logreg,tfidf,2,2
4776,logreg,structured,0,1
4776,logreg,tfidf,0,0
4778,logreg,structured,0,1
4778,logreg,tfidf,0,0
4779,logreg,structured,2,3
4779,logreg,tfidf,2,0
4786,logreg,structured,2,3
4786,logreg,tfidf,2,1
4790,logreg,structured,2,1
4790,logreg,tfidf,2,0
4795,logreg,structured,2,0
4795,logreg,tfidf,2,0
4796,logreg,structured,2,2
4796,logreg,tfidf,2,2
4803,logreg,structured,2,3
4803,logreg,tfidf,2,0
4815,logreg,structured,2,3
4815,logreg,tfidf,2,3
4817,logreg,structured,0,1
4817,logreg,tfidf,0,0
4822,logreg,structured,2,2
4822,logreg,tfidf,2,2
4824,logreg,structured,2,2
4824,logreg,tfidf,2,0
4825,logreg,structured,2,1
4825,logreg,tfidf,2,1
4831,logreg,structured,2,1
4831,logreg,tfidf,2,1
4834,logreg,structured,2,0
4834,logreg,tfidf,2,2
4838,logreg,structured,2,3
4838,logreg,tfidf,2,2
4843,logreg,structured,3,3
4843,logreg,tfidf,3,3
4858,logreg,structured,2,2
4858,logreg,tfidf,2,2
4861,logreg,structured,1,1
4861,logreg,tfidf,1,1
4866,logreg,structured,1,1
4866,logreg,tfidf,1,1
4868,logreg,structured,0,2
4868,logreg,tfidf,0,0
4873,logreg,structured,2,1
4873,logreg,tfidf,2,1
4880,logreg,structured,2,1
4880,logreg,tfidf,2,1
4885,logreg,structured,2,3
4885,logreg,tfidf,2,2
4886,logreg,structured,2,2
4886,logreg,tfidf,2,2
4888,logreg,structured,0,1
4888,logreg,tfidf,0,0
4891,logreg,structured,2,0
4891,logreg,tfidf,2,2
4901,logreg,structured,2,2
4901,logreg,tfidf,2,0
4909,logreg,structured,1,1
4909,logreg,tfidf,1,1
4910,logreg,structured,2,3
4910,logreg,tfidf,2,2
4916,logreg,structured,2,3
4916,logreg,tfidf,2,2
4918,logreg,structured,3,3
4918,logreg,tfidf,3,3
4934,logreg,structured,2,0
4934,logreg,tfidf,2,2
4936,logreg,structured,2,2
4936,logreg,tfidf,2,2
4939,logreg,structured,2,2
4939,logreg,tfidf,2,0
4941,logreg,structured,2,3
4941,logreg,tfidf,2,2
4943,logreg,structured,2,1
4943,logreg,tfidf,2,1
4945,logreg,structured,0,1
4945,logreg,tfidf,0,0
4973,logreg,structured,0,3
4973,logreg,tfidf,0,3
4979,logreg,structured,1,1
4979,logreg,tfidf,1,1
4984,logreg,structured,2,3
4984,logreg,tfidf,2,3
4988,logreg,structured,2,3
4988,logreg,tfidf,2,3
4989,logreg,structured,2,2
4989,logreg,tfidf,2,2
5013,logreg,structured,3,3
5013,logreg,tfidf,3,2
5015,logreg,structured,3,2
5015,logreg,tfidf,3,3
5022,logreg,structured,0,0
5022,logreg,tfidf,0,0
5032,logreg,structured,2,3
5032,logreg,tfidf,2,2
5034,logreg,structured,2,1
5034,logreg,tfidf,2,1
5036,logreg,structured,3,3
5036,logreg,tfidf,3,1
5039,logreg,structured,0,1
5039,logreg,tfidf,0,1
5040,logreg,structured,2,3
5040,logreg,tfidf,2,3
5047,logreg,structured,2,2
5047,logreg,tfidf,2,2
5048,logreg,structured,0,1
5048,logreg,tfidf,0,1
5059,logreg,structured,2,0
5059,logreg,tfidf,2,2
5064,logreg,structured,2,2
5064,logreg,tfidf,2,2
5066,logreg,structured,2,2
5066,logreg,tfidf,2,2
5067,logreg,structured,2,3
5067,logreg,tfidf,2,0
5068,logreg,structured,2,2
5068,logreg,tfidf,2,2
5070,logreg,structured,2,2
5070,logreg,tfidf,2,2
5071,logreg,structured,0,1
5071,logreg,tfidf,0,0
5076,logreg,structured,2,1
5076,logreg,tfidf,2,0
5080,logreg,structured,2,3
5080,logreg,tfidf,2,0
5095,logreg,structured,0,1
5095,logreg,tfidf,0,1
5097,logreg,structured,0,3
5097,logreg,tfidf,0,2
5103,logreg,structured,2,3
5103,logreg,tfidf,2,1
5106,logreg,structured,2,2
5106,logreg,tfidf,2,2
5113,logreg,structured,2,3
5113,logreg,tfidf,2,2
5126,logreg,structured,2,3
5126,logreg,tfidf,2,2
5142,logreg,structured,3,3
5142,logreg,tfidf,3,3
5145,logreg,structured,2,2
5145,logreg,tfidf,2,2
5152,logreg,structured,3,2
5152,logreg,tfidf,3,2
5157,logreg,structured,2,0
5157,logreg,tfidf,2,2
5158,logreg,structured,0,1
5158,logreg,tfidf,0,0
5162,logreg,structured,2,3
5162,logreg,tfidf,2,0
5176,logreg,structured,2,3
5176,logreg,tfidf,2,1
5181,logreg,structured,2,0
5181,logreg,tfidf,2,2
5188,logreg,structured,1,0
5188,logreg,tfidf,1,1
5190,logreg,structured,2,1
5190,logreg,tfidf,2,0
5195,logreg,structured,2,3
5195,logreg,tfidf,2,1
5201,logreg,structured,2,3
5201,logreg,tfidf,2,3
5206,logreg,structured,2,3
5206,logreg,tfidf,2,2
5216,logreg,structured,3,3
5216,logreg,tfidf,3,3
5225,logreg,structured,2,3
5225,logreg,tfidf,2,3
5226,logreg,structured,3,3
5226,logreg,tfidf,3,2
5236,logreg,structured,2,3
5236,logreg,tfidf,2,2
5238,logreg,structured,2,0
5238,logreg,tfidf,2,2
5262,logreg,structured,2,2
5262,logreg,tfidf,2,2
5265,logreg,structured,2,0
5265,logreg,tfidf,2,2
5268,logreg,structured,2,1
5268,logreg,tfidf,2,1
5269,logreg,structured,0,3
5269,logreg,tfidf,0,3
5273,logreg,structured,1,1
5273,logreg,tfidf,1,0
5275,logreg,structured,1,2
5275,logreg,tfidf,1,3
5281,logreg,structured,0,0
5281,logreg,tfidf,0,0
5282,logreg,structured,2,3
5282,logreg,tfidf,2,2
5286,logreg,structured,2,3
5286,logreg,tfidf,2,2
5287,logreg,structured,2,3
5287,logreg,tfidf,2,2
5301,logreg,structured,2,3
5301,logreg,tfidf,2,2
5306,logreg,structured,2,1
5306,logreg,tfidf,2,2
5309,logreg,structured,0,1
5309,logreg,tfidf,0,0
5311,logreg,structured,2,3
5311,logreg,tfidf,2,3
5313,logreg,structured,0,2
5313,logreg,tfidf,0,2
5321,logreg,structured,2,1
5321,logreg,tfidf,2,1
5328,logreg,structured,2,1
5328,logreg,tfidf,2,1
5337,logreg,structured,2,2
5337,logreg,tfidf,2,2
5345,logreg,structured,2,3
5345,logreg,tfidf,2,2
5346,logreg,structured,2,1
5346,logreg,tfidf,2,0
5357,logreg,structured,2,3
5357,logreg,tfidf,2,2
5366,logreg,structured,0,1
5366,logreg,tfidf,0,1
5387,logreg,structured,3,2
5387,logreg,tfidf,3,2
5400,logreg,structured,2,3
5400,logreg,tfidf,2,3
5403,logreg,structured,2,0
5403,logreg,tfidf,2,2
5409,logreg,structured,2,1
5409,logreg,tfidf,2,1
5411,logreg,structured,2,2
5411,logreg,tfidf,2,2
5416,logreg,structured,2,3
5416,logreg,tfidf,2,2
5445,logreg,structured,2,3
5445,logreg,tfidf,2,3
5455,logreg,structured,0,2
5455,logreg,tfidf,0,3
5467,logreg,structured,2,3
5467,logreg,tfidf,2,1
5468,logreg,structured,3,2
5468,logreg,tfidf,3,2
5476,logreg,structured,2,3
5476,logreg,tfidf,2,2
5479,logreg,structured,1,1
5479,logreg,tfidf,1,1
5493,logreg,structured,2,3
5493,logreg,tfidf,2,2
5495,logreg,structured,2,1
5495,logreg,tfidf,2,2
5496,logreg,structured,1,1
5496,logreg,tfidf,1,1
5506,logreg,structured,2,2
5506,logreg,tfidf,2,3
5508,logreg,structured,2,1
5508,logreg,tfidf,2,1
5513,logreg,structured,1,1
5513,logreg,tfidf,1,1
5530,logreg,structured,2,0
5530,logreg,tfidf,2,0
5533,logreg,structured,2,3
5533,logreg,tfidf,2,2
5545,logreg,structured,3,2
5545,logreg,tfidf,3,3
5548,logreg,structured,2,0
5548,logreg,tfidf,2,2
5550,logreg,structured,2,3
5550,logreg,tfidf,2,3
5551,logreg,structured,2,3
5551,logreg,tfidf,2,0
5556,logreg,structured,2,1
5556,logreg,tfidf,2,1
5560,logreg,structured,0,1
5560,logreg,tfidf,0,0
5561,logreg,structured,0,1
5561,logreg,tfidf,0,0
5576,logreg,structured,2,2
5576,logreg,tfidf,2,2
5588,logreg,structured,1,1
5588,logreg,tfidf,1,1
5589,logreg,structured,2,1
5589,logreg,tfidf,2,1
5598,logreg,structured,2,3
5598,logreg,tfidf,2,3
5605,logreg,structured,2,3
5605,logreg,tfidf,2,3
5606,logreg,structured,3,3
5606,logreg,tfidf,3,2
5616,logreg,structured,2,2
5616,logreg,tfidf,2,2
5622,logreg,structured,2,0
5622,logreg,tfidf,2,2
5630,logreg,structured,2,3
5630,logreg,tfidf,2,3
5635,logreg,structured,2,3
5635,logreg,tfidf,2,2
5641,logreg,structured,2,0
5641,logreg,tfidf,2,0
5642,logreg,structured,2,2
5642,logreg,tfidf,2,2
5646,logreg,structured,2,1
5646,logreg,tfidf,2,1
5647,logreg,structured,2,2
5647,logreg,tfidf,2,2
5648,logreg,structured,2,3
5648,logreg,tfidf,2,3
5649,logreg,structured,2,0
5649,logreg,tfidf,2,2
5653,logreg,structured,2,1
5653,logreg,tfidf,2,1
5658,logreg,structured,0,0
5658,logreg,tfidf,0,0
5663,logreg,structured,1,1
5663,logreg,tfidf,1,1
5667,logreg,structured,3,0
5667,logreg,tfidf,3,3
5678,logreg,structured,2,1
5678,logreg,tfidf,2,1
5681,logreg,structured,0,1
5681,logreg,tfidf,0,1
5687,logreg,structured,0,1
5687,logreg,tfidf,0,1
5705,logreg,structured,2,3
5705,logreg,tfidf,2,2
5711,logreg,structured,0,2
5711,logreg,tfidf,0,2
5719,logreg,structured,2,1
5719,logreg,tfidf,2,1
5721,logreg,structured,2,3
5721,logreg,tfidf,2,2
5724,logreg,structured,2,3
5724,logreg,tfidf,2,2
5729,logreg,structured,1,1
5729,logreg,tfidf,1,0
5730,logreg,structured,2,3
5730,logreg,tfidf,2,3
5755,logreg,structured,2,2
5755,logreg,tfidf,2,2
5769,logreg,structured,2,3
5769,logreg,tfidf,2,0
5772,logreg,structured,2,3
5772,logreg,tfidf,2,3
5775,logreg,structured,2,2
5775,logreg,tfidf,2,2
5782,logreg,structured,2,3
5782,logreg,tfidf,2,2
5784,logreg,structured,1,1
5784,logreg,tfidf,1,1
5813,logreg,structured,2,2
5813,logreg,tfidf,2,2
5816,logreg,structured,2,3
5816,logreg,tfidf,2,3
5822,logreg,structured,2,0
5822,logreg,tfidf,2,0
5827,logreg,structured,2,1
5827,logreg,tfidf,2,2
5831,logreg,structured,2,3
5831,logreg,tfidf,2,2
5841,logreg,structured,2,3
5841,logreg,tfidf,2,3
5851,logreg,structured,2,3
5851,logreg,tfidf,2,3
5858,logreg,structured,2,3
5858,logreg,tfidf,2,3
5859,logreg,structured,1,1
5859,logreg,tfidf,1,1
5867,logreg,structured,0,1
5867,logreg,tfidf,0,1
5871,logreg,structured,2,1
5871,logreg,tfidf,2,2
5881,logreg,structured,2,0
5881,logreg,tfidf,2,2
5883,logreg,structured,0,3
5883,logreg,tfidf,0,2
5884,logreg,structured,1,1
5884,logreg,tfidf,1,1
5886,logreg,structured,2,2
5886,logreg,tfidf,2,2
5888,logreg,structured,3,0
5888,logreg,tfidf,3,2
5889,logreg,structured,3,3
5889,logreg,tfidf,3,3
5892,logreg,structured,2,0
5892,logreg,tfidf,2,2
5894,logreg,structured,3,0
5894,logreg,tfidf,3,2
5895,logreg,structured,2,3
5895,logreg,tfidf,2,2
5897,logreg,structured,2,3
5897,logreg,tfidf,2,3
5900,logreg,structured,2,1
5900,logreg,tfidf,2,1
5901,logreg,structured,2,0
5901,logreg,tfidf,2,2
5904,logreg,structured,3,3
5904,logreg,tfidf,3,3
5916,logreg,structured,2,3
5916,logreg,tfidf,2,2
5917,logreg,structured,1,1
5917,logreg,tfidf,1,0
5944,logreg,structured,2,3
5944,logreg,tfidf,2,3
5946,logreg,structured,2,3
5946,logreg,tfidf,2,2
5950,logreg,structured,2,3
5950,logreg,tfidf,2,3
5954,logreg,structured,2,2
5954,logreg,tfidf,2,2
5957,logreg,structured,1,0
5957,logreg,tfidf,1,2
5959,logreg,structured,2,2
5959,logreg,tfidf,2,2
5961,logreg,structured,2,1
5961,logreg,tfidf,2,1
5967,logreg,structured,0,1
5967,logreg,tfidf,0,1
5968,logreg,structured,3,3
5968,logreg,tfidf,3,3
5971,logreg,structured,2,3
5971,logreg,tfidf,2,3
5975,logreg,structured,2,1
5975,logreg,tfidf,2,1
5976,logreg,structured,2,2
5976,logreg,tfidf,2,2
5978,logreg,structured,3,1
5978,logreg,tfidf,3,2
5990,logreg,structured,2,3
5990,logreg,tfidf,2,2
5996,logreg,structured,3,3
5996,logreg,tfidf,3,2
4635,random_forest,structured,2,2
4635,random_forest,tfidf,2,2
4700,random_forest,structured,2,2
4700,random_forest,tfidf,2,2
4867,random_forest,structured,0,0
4867,random_forest,tfidf,0,1
5217,random_forest,structured,0,1
5217,random_forest,tfidf,0,1
5251,random_forest,structured,3,2
5251,random_forest,tfidf,3,2
5253,random_forest,structured,2,2
5253,random_forest,tfidf,2,2
5318,random_forest,structured,3,2
5318,random_forest,tfidf,3,2
5334,random_forest,structured,2,2
5334,random_forest,tfidf,2,2
5415,random_forest,structured,0,0
5415,random_forest,tfidf,0,2
5452,random_forest,structured,2,2
5452,random_forest,tfidf,2,2
5469,random_forest,structured,2,2
5469,random_forest,tfidf,2,2
5639,random_forest,structured,2,2
5639,random_forest,tfidf,2,2
5744,random_forest,structured,2,2
5744,random_forest,tfidf,2,2
5862,random_forest,structured,2,2
5862,random_forest,tfidf,2,2
4551,random_forest,structured,2,2
4551,random_forest,tfidf,2,2
4664,random_forest,structured,3,2
4664,random_forest,tfidf,3,2
4658,random_forest,structured,2,3
4658,random_forest,tfidf,2,2
4680,random_forest,structured,2,2
4680,random_forest,tfidf,2,2
4958,random_forest,structured,2,2
4958,random_forest,tfidf,2,2
4576,random_forest,structured,2,2
4576,random_forest,tfidf,2,2
4601,random_forest,structured,2,3
4601,random_forest,tfidf,2,2
4692,random_forest,structured,2,1
4692,random_forest,tfidf,2,2
5028,random_forest,structured,2,2
5028,random_forest,tfidf,2,2
5708,random_forest,structured,2,2
5708,random_forest,tfidf,2,2
5738,random_forest,structured,3,2
5738,random_forest,tfidf,3,2
5739,random_forest,structured,2,2
5739,random_forest,tfidf,2,2
5745,random_forest,structured,0,1
5745,random_forest,tfidf,0,0
5974,random_forest,structured,2,2
5974,random_forest,tfidf,2,2
4806,random_forest,structured,2,3
4806,random_forest,tfidf,2,2
5656,random_forest,structured,2,2
5656,random_forest,tfidf,2,2
5860,random_forest,structured,3,2
5860,random_forest,tfidf,3,2
5716,random_forest,structured,0,0
5716,random_forest,tfidf,0,0
4500,random_forest,structured,2,2
4500,random_forest,tfidf,2,2
4503,random_forest,structured,0,1
4503,random_forest,tfidf,0,2
4506,random_forest,structured,0,2
4506,random_forest,tfidf,0,2
4515,random_forest,structured,2,2
4515,random_forest,tfidf,2,2
4516,random_forest,structured,2,2
4516,random_forest,tfidf,2,2
4519,random_forest,structured,0,2
4519,random_forest,tfidf,0,2
4523,random_forest,structured,2,1
4523,random_forest,tfidf,2,1
4534,random_forest,structured,2,2
4534,random_forest,tfidf,2,2
4542,random_forest,structured,2,2
4542,random_forest,tfidf,2,2
4548,random_forest,structured,2,3
4548,random_forest,tfidf,2,2
4552,random_forest,structured,2,2
4552,random_forest,tfidf,2,2
4555,random_forest,structured,0,0
4555,random_forest,tfidf,0,2
4563,random_forest,structured,2,3
4563,random_forest,tfidf,2,2
4567,random_forest,structured,2,2
4567,random_forest,tfidf,2,2
4568,random_forest,structured,2,2
4568,random_forest,tfidf,2,2
4586,random_forest,structured,2,2
4586,random_forest,tfidf,2,2
4588,random_forest,structured,2,0
4588,random_forest,tfidf,2,2
4590,random_forest,structured,2,2
4590,random_forest,tfidf,2,1
4593,random_forest,structured,2,2
4593,random_forest,tfidf,2,2
4594,random_forest,structured,2,2
4594,random_forest,tfidf,2,2
4599,random_forest,structured,2,0
4599,random_forest,tfidf,2,2
4600,random_forest,structured,2,2
4600,random_forest,tfidf,2,2
4603,random_forest,structured,2,2
4603,random_forest,tfidf,2,2
4606,random_forest,structured,3,3
4606,random_forest,tfidf,3,2
4608,random_forest,structured,2,1
4608,random_forest,tfidf,2,2
4616,random_forest,structured,3,1
4616,random_forest,tfidf,3,1
4618,random_forest,structured,3,2
4618,random_forest,tfidf,3,2
4624,random_forest,structured,2,1
4624,random_forest,tfidf,2,1
4625,random_forest,structured,2,2
4625,random_forest,tfidf,2,2
4627,random_forest,structured,2,3
4627,random_forest,tfidf,2,2
4642,random_forest,structured,2,2
4642,random_forest,tfidf,2,3
4656,random_forest,structured,2,2
4656,random_forest,tfidf,2,2
4659,random_forest,structured,3,2
4659,random_forest,tfidf,3,2
4663,random_forest,structured,3,3
4663,random_forest,tfidf,3,2
4666,random_forest,structured,2,0
4666,random_forest,tfidf,2,2
4673,random_forest,structured,3,2
4673,random_forest,tfidf,3,2
4677,random_forest,structured,0,2
4677,random_forest,tfidf,0,2
4685,random_forest,structured,2,2
4685,random_forest,tfidf,2,2
4687,random_forest,structured,2,2
4687,random_forest,tfidf,2,2
4701,random_forest,structured,0,0
4701,random_forest,tfidf,0,0
4703,random_forest,structured,2,2
4703,random_forest,tfidf,2,2
4716,random_forest,structured,2,0
4716,random_forest,tfidf,2,2
4717,random_forest,structured,2,0
4717,random_forest,tfidf,2,2
4720,random_forest,structured,2,0
4720,random_forest,tfidf,2,2
4724,random_forest,structured,0,2
4724,random_forest,tfidf,0,2
4737,random_forest,structured,1,1
4737,random_forest,tfidf,1,2
4739,random_forest,structured,2,2
4739,random_forest,tfidf,2,3
4746,random_forest,structured,0,2
4746,random_forest,tfidf,0,2
4749,random_forest,structured,1,2
4749,random_forest,tfidf,1,2
4753,random_forest,structured,2,2
4753,random_forest,tfidf,2,2
4760,random_forest,structured,2,2
4760,random_forest,tfidf,2,2
4768,random_forest,structured,1,1
4768,random_forest,tfidf,1,1
4769,random_forest,structured,2,2
4769,random_forest,tfidf,2,2
4771,random_forest,structured,0,2
4771,random_forest,tfidf,0,2
4773,random_forest,structured,2,2
4773,random_forest,tfidf,2,2
4775,random_forest,structured,2,2
4775,random_forest,tfidf,2,2
4776,random_forest,structured,0,0
4776,random_forest,tfidf,0,0
4778,random_forest,structured,0,0
4778,random_forest,tfidf,0,0
4779,random_forest,structured,2,3
4779,random_forest,tfidf,2,2
4786,random_forest,structured,2,3
4786,random_forest,tfidf,2,2
4790,random_forest,structured,2,2
4790,random_forest,tfidf,2,0
4795,random_forest,structured,2,2
4795,random_forest,tfidf,2,2
4796,random_forest,structured,2,2
4796,random_forest,tfidf,2,2
4803,random_forest,structured,2,2
4803,random_forest,tfidf,2,2
4815,random_forest,structured,2,2
4815,random_forest,tfidf,2,2
4817,random_forest,structured,0,1
4817,random_forest,tfidf,0,0
4822,random_forest,structured,2,2
4822,random_forest,tfidf,2,2
4824,random_forest,structured,2,2
4824,random_forest,tfidf,2,2
4825,random_forest,structured,2,2
4825,random_forest,tfidf,2,2
4831,random_forest,structured,2,1
4831,random_forest,tfidf,2,2
4834,random_forest,structured,2,2
4834,random_forest,tfidf,2,2
4838,random_forest,structured,2,2
4838,random_forest,tfidf,2,2
4843,random_forest,structured,3,2
4843,random_forest,tfidf,3,2
4858,random_forest,structured,2,2
4858,random_forest,tfidf,2,2
4861,random_forest,structured,1,1
4861,random_forest,tfidf,1,1
4866,random_forest,structured,1,0
4866,random_forest,tfidf,1,2
4868,random_forest,structured,0,2
4868,random_forest,tfidf,0,2
4873,random_forest,structured,2,1
4873,random_forest,tfidf,2,2
4880,random_forest,structured,2,1
4880,random_forest,tfidf,2,2
4885,random_forest,structured,2,2
4885,random_forest,tfidf,2,2
4886,random_forest,structured,2,2
4886,random_forest,tfidf,2,2
4888,random_forest,structured,0,1
4888,random_forest,tfidf,0,0
4891,random_forest,structured,2,2
4891,random_forest,tfidf,2,2
4901,random_forest,structured,2,2
4901,random_forest,tfidf,2,2
4909,random_forest,structured,1,1
4909,random_forest,tfidf,1,2
4910,random_forest,structured,2,3
4910,random_forest,tfidf,2,2
4916,random_forest,structured,2,2
4916,random_forest,tfidf,2,2
4918,random_forest,structured,3,3
4918,random_forest,tfidf,3,2
4934,random_forest,structured,2,2
4934,random_forest,tfidf,2,2
4936,random_forest,structured,2,2
4936,random_forest,tfidf,2,2
4939,random_forest,structured,2,0
4939,random_forest,tfidf,2,2
4941,random_forest,structured,2,2
4941,random_forest,tfidf,2,2
4943,random_forest,structured,2,1
4943,random_forest,tfidf,2,1
4945,random_forest,structured,0,1
4945,random_forest,tfidf,0,2
4973,random_forest,structured,0,3
4973,random_forest,tfidf,0,2
4979,random_forest,structured,1,2
4979,random_forest,tfidf,1,1
4984,random_forest,structured,2,2
4984,random_forest,tfidf,2,2
4988,random_forest,structured,2,2
4988,random_forest,tfidf,2,2
4989,random_forest,structured,2,2
4989,random_forest,tfidf,2,2
5013,random_forest,structured,3,2
5013,random_forest,tfidf,3,2
5015,random_forest,structured,3,2
5015,random_forest,tfidf,3,2
5022,random_forest,structured,0,2
5022,random_forest,tfidf,0,2
5032,random_forest,structured,2,3
5032,random_forest,tfidf,2,2
5034,random_forest,structured,2,2
5034,random_forest,tfidf,2,2
5036,random_forest,structured,3,2
5036,random_forest,tfidf,3,2
5039,random_forest,structured,0,2
5039,random_forest,tfidf,0,2
5040,random_forest,structured,2,3
5040,random_forest,tfidf,2,2
5047,random_forest,structured,2,2
5047,random_forest,tfidf,2,2
5048,random_forest,structured,0,1
5048,random_forest,tfidf,0,2
5059,random_forest,structured,2,2
5059,random_forest,tfidf,2,2
5064,random_forest,structured,2,2
5064,random_forest,tfidf,2,2
5066,random_forest,structured,2,2
5066,random_forest,tfidf,2,2
5067,random_forest,structured,2,2
5067,random_forest,tfidf,2,2
5068,random_forest,structured,2,2
5068,random_forest,tfidf,2,2
5070,random_forest,structured,2,2
5070,random_forest,tfidf,2,2
5071,random_forest,structured,0,0
5071,random_forest,tfidf,0,0
5076,random_forest,structured,2,0
5076,random_forest,tfidf,2,2
5080,random_forest,structured,2,2
5080,random_forest,tfidf,2,2
5095,random_forest,structured,0,2
5095,random_forest,tfidf,0,2
5097,random_forest,structured,0,2
5097,random_forest,tfidf,0,2
5103,random_forest,structured,2,2
5103,random_forest,tfidf,2,2
5106,random_forest,structured,2,2
5106,random_forest,tfidf,2,2
5113,random_forest,structured,2,2
5113,random_forest,tfidf,2,2
5126,random_forest,structured,2,2
5126,random_forest,tfidf,2,2
5142,random_forest,structured,3,2
5142,random_forest,tfidf,3,2
5145,random_forest,structured,2,3
5145,random_forest,tfidf,2,2
5152,random_forest,structured,3,2
5152,random_forest,tfidf,3,2
5157,random_forest,structured,2,2
5157,random_forest,tfidf,2,2
5158,random_forest,structured,0,0
5158,random_forest,tfidf,0,2
5162,random_forest,structured,2,3
5162,random_forest,tfidf,2,2
5176,random_forest,structured,2,3
5176,random_forest,tfidf,2,2
5181,random_forest,structured,2,2
5181,random_forest,tfidf,2,2
5188,random_forest,structured,1,1
5188,random_forest,tfidf,1,0
5190,random_forest,structured,2,2
5190,random_forest,tfidf,2,2
5195,random_forest,structured,2,3
5195,random_forest,tfidf,2,2
5201,random_forest,structured,2,2
5201,random_forest,tfidf,2,2
5206,random_forest,structured,2,2
5206,random_forest,tfidf,2,2
5216,random_forest,structured,3,2
5216,random_forest,tfidf,3,2
5225,random_forest,structured,2,3
5225,random_forest,tfidf,2,2
5226,random_forest,structured,3,2
5226,random_forest,tfidf,3,2
5236,random_forest,structured,2,2
5236,random_forest,tfidf,2,2
5238,random_forest,structured,2,2
5238,random_forest,tfidf,2,2
5262,random_forest,structured,2,2
5262,random_forest,tfidf,2,2
5265,random_forest,structured,2,2
5265,random_forest,tfidf,2,2
5268,random_forest,structured,2,2
5268,random_forest,tfidf,2,2
5269,random_forest,structured,0,2
5269,random_forest,tfidf,0,2
5273,random_forest,structured,1,0
5273,random_forest,tfidf,1,0
5275,random_forest,structured,1,2
5275,random_forest,tfidf,1,2
5281,random_forest,structured,0,2
5281,random_forest,tfidf,0,2
5282,random_forest,structured,2,2
5282,random_forest,tfidf,2,2
5286,random_forest,structured,2,2
5286,random_forest,tfidf,2,2
5287,random_forest,structured,2,2
5287,random_forest,tfidf,2,2
5301,random_forest,structured,2,2
5301,random_forest,tfidf,2,2
5306,random_forest,structured,2,2
5306,random_forest,tfidf,2,2
5309,random_forest,structured,0,0
5309,random_forest,tfidf,0,0
5311,random_forest,structured,2,3
5311,random_forest,tfidf,2,2
5313,random_forest,structured,0,2
5313,random_forest,tfidf,0,2
5321,random_forest,structured,2,2
5321,random_forest,tfidf,2,2
5328,random_forest,structured,2,0
5328,random_forest,tfidf,2,1
5337,random_forest,structured,2,2
5337,random_forest,tfidf,2,2
5345,random_forest,structured,2,2
5345,random_forest,tfidf,2,2
5346,random_forest,structured,2,2
5346,random_forest,tfidf,2,0
5357,random_forest,structured,2,3
5357,random_forest,tfidf,2,2
5366,random_forest,structured,0,1
5366,random_forest,tfidf,0,1
5387,random_forest,structured,3,2
5387,random_forest,tfidf,3,2
5400,random_forest,structured,2,2
5400,random_forest,tfidf,2,2
5403,random_forest,structured,2,2
5403,random_forest,tfidf,2,2
5409,random_forest,structured,2,2
5409,random_forest,tfidf,2,2
5411,random_forest,structured,2,0
5411,random_forest,tfidf,2,2
5416,random_forest,structured,2,2
5416,random_forest,tfidf,2,2
5445,random_forest,structured,2,2
5445,random_forest,tfidf,2,2
5455,random_forest,structured,0,2
5455,random_forest,tfidf,0,3
5467,random_forest,structured,2,2
5467,random_forest,tfidf,2,2
5468,random_forest,structured,3,2
5468,random_forest,tfidf,3,2
5476,random_forest,structured,2,2
5476,random_forest,tfidf,2,2
5479,random_forest,structured,1,1
5479,random_forest,tfidf,1,1
5493,random_forest,structured,2,0
5493,random_forest,tfidf,2,2
5495,random_forest,structured,2,1
5495,random_forest,tfidf,2,2
5496,random_forest,structured,1,1
5496,random_forest,tfidf,1,2
5506,random_forest,structured,2,2
5506,random_forest,tfidf,2,2
5508,random_forest,structured,2,2
5508,random_forest,tfidf,2,1
5513,random_forest,structured,1,1
5513,random_forest,tfidf,1,2
5530,random_forest,structured,2,2
5530,random_forest,tfidf,2,2
5533,random_forest,structured,2,2
5533,random_forest,tfidf,2,2
5545,random_forest,structured,3,0
5545,random_forest,tfidf,3,2
5548,random_forest,structured,2,2
5548,random_forest,tfidf,2,2
5550,random_forest,structured,2,2
5550,random_forest,tfidf,2,2
5551,random_forest,structured,2,2
5551,random_forest,tfidf,2,2
5556,random_forest,structured,2,1
5556,random_forest,tfidf,2,2
5560,random_forest,structured,0,1
5560,random_forest,tfidf,0,2
5561,random_forest,structured,0,0
5561,random_forest,tfidf,0,0
5576,random_forest,structured,2,2
5576,random_forest,tfidf,2,2
5588,random_forest,structured,1,1
5588,random_forest,tfidf,1,1
5589,random_forest,structured,2,2
5589,random_forest,tfidf,2,1
5598,random_forest,structured,2,3
5598,random_forest,tfidf,2,2
5605,random_forest,structured,2,3
5605,random_forest,tfidf,2,2
5606,random_forest,structured,3,2
5606,random_forest,tfidf,3,2
5616,random_forest,structured,2,2
5616,random_forest,tfidf,2,2
5622,random_forest,structured,2,2
5622,random_forest,tfidf,2,2
5630,random_forest,structured,2,2
5630,random_forest,tfidf,2,2
5635,random_forest,structured,2,3
5635,random_forest,tfidf,2,2
5641,random_forest,structured,2,2
5641,random_forest,tfidf,2,2
5642,random_forest,structured,2,2
5642,random_forest,tfidf,2,2
5646,random_forest,structured,2,1
5646,random_forest,tfidf,2,2
5647,random_forest,structured,2,2
5647,random_forest,tfidf,2,2
5648,random_forest,structured,2,3
5648,random_forest,tfidf,2,2
5649,random_forest,structured,2,2
5649,random_forest,tfidf,2,2
5653,random_forest,structured,2,1
5653,random_forest,tfidf,2,2
5658,random_forest,structured,0,0
5658,random_forest,tfidf,0,0
5663,random_forest,structured,1,1
5663,random_forest,tfidf,1,1
5667,random_forest,structured,3,2
5667,random_forest,tfidf,3,2
5678,random_forest,structured,2,2
5678,random_forest,tfidf,2,1
5681,random_forest,structured,0,1
5681,random_forest,tfidf,0,1
5687,random_forest,structured,0,1
5687,random_forest,tfidf,0,2
5705,random_forest,structured,2,2
5705,random_forest,tfidf,2,2
5711,random_forest,structured,0,2
5711,random_forest,tfidf,0,2
5719,random_forest,structured,2,1
5719,random_forest,tfidf,2,2
5721,random_forest,structured,2,2
5721,random_forest,tfidf,2,2
5724,random_forest,structured,2,2
5724,random_forest,tfidf,2,2
5729,random_forest,structured,1,0
5729,random_forest,tfidf,1,2
5730,random_forest,structured,2,2
5730,random_forest,tfidf,2,2
5755,random_forest,structured,2,2
5755,random_forest,tfidf,2,2
5769,random_forest,structured,2,2
5769,random_forest,tfidf,2,2
5772,random_forest,structured,2,2
5772,random_forest,tfidf,2,2
5775,random_forest,structured,2,2
5775,random_forest,tfidf,2,2
5782,random_forest,structured,2,2
5782,random_forest,tfidf,2,2
5784,random_forest,structured,1,1
5784,random_forest,tfidf,1,1
5813,random_forest,structured,2,2
5813,random_forest,tfidf,2,2
5816,random_forest,structured,2,3
5816,random_forest,tfidf,2,3
5822,random_forest,structured,2,0
5822,random_forest,tfidf,2,2
5827,random_forest,structured,2,1
5827,random_forest,tfidf,2,2
5831,random_forest,structured,2,2
5831,random_forest,tfidf,2,2
5841,random_forest,structured,2,2
5841,random_forest,tfidf,2,2
5851,random_forest,structured,2,3
5851,random_forest,tfidf,2,2
5858,random_forest,structured,2,2
5858,random_forest,tfidf,2,2
5859,random_forest,structured,1,2
5859,random_forest,tfidf,1,2
5867,random_forest,structured,0,2
5867,random_forest,tfidf,0,2
5871,random_forest,structured,2,2
5871,random_forest,tfidf,2,2
5881,random_forest,structured,2,0
5881,random_forest,tfidf,2,2
5883,random_forest,structured,0,2
5883,random_forest,tfidf,0,2
5884,random_forest,structured,1,0
5884,random_forest,tfidf,1,0
5886,random_forest,structured,2,2
5886,random_forest,tfidf,2,2
5888,random_forest,structured,3,2
5888,random_forest,tfidf,3,2
5889,random_forest,structured,3,2
5889,random_forest,tfidf,3,2
5892,random_forest,structured,2,2
5892,random_forest,tfidf,2,2
5894,random_forest,structured,3,2
5894,random_forest,tfidf,3,2
5895,random_forest,structured,2,2
5895,random_forest,tfidf,2,2
5897,random_forest,structured,2,2
5897,random_forest,tfidf,2,3
5900,random_forest,structured,2,1
5900,random_forest,tfidf,2,2
5901,random_forest,structured,2,2
5901,random_forest,tfidf,2,2
5904,random_forest,structured,3,2
5904,random_forest,tfidf,3,2
5916,random_forest,structured,2,3
5916,random_forest,tfidf,2,2
5917,random_forest,structured,1,0
5917,random_forest,tfidf,1,0
5944,random_forest,structured,2,2
5944,random_forest,tfidf,2,2
5946,random_forest,structured,2,3
5946,random_forest,tfidf,2,2
5950,random_forest,structured,2,3
5950,random_forest,tfidf,2,2
5954,random_forest,structured,2,2
5954,random_forest,tfidf,2,2
5957,random_forest,structured,1,3
5957,random_forest,tfidf,1,2
5959,random_forest,structured,2,2
5959,random_forest,tfidf,2,2
5961,random_forest,structured,2,1
5961,random_forest,tfidf,2,1
5967,random_forest,structured,0,1
5967,random_forest,tfidf,0,1
5968,random_forest,structured,3,1
5968,random_forest,tfidf,3,2
5971,random_forest,structured,2,3
5971,random_forest,tfidf,2,2
5975,random_forest,structured,2,1
5975,random_forest,tfidf,2,1
5976,random_forest,structured,2,2
5976,random_forest,tfidf,2,2
5978,random_forest,structured,3,2
5978,random_forest,tfidf,3,2
5990,random_forest,structured,2,3
5990,random_forest,tfidf,2,2
5996,random_forest,structured,3,2
5996,random_forest,tfidf,3,2
4635,lightgbm,structured,2,2
4635,lightgbm,tfidf,2,2
4700,lightgbm,structured,2,2
4700,lightgbm,tfidf,2,2
4867,lightgbm,structured,0,0
4867,lightgbm,tfidf,0,0
5217,lightgbm,structured,0,1
5217,lightgbm,tfidf,0,1
5251,lightgbm,structured,3,2
5251,lightgbm,tfidf,3,2
5253,lightgbm,structured,2,2
5253,lightgbm,tfidf,2,2
5318,lightgbm,structured,3,2
5318,lightgbm,tfidf,3,2
5334,lightgbm,structured,2,2
5334,lightgbm,tfidf,2,2
5415,lightgbm,structured,0,2
5415,lightgbm,tfidf,0,2
5452,lightgbm,structured,2,2
5452,lightgbm,tfidf,2,2
5469,lightgbm,structured,2,2
5469,lightgbm,tfidf,2,2
5639,lightgbm,structured,2,0
5639,lightgbm,tfidf,2,2
5744,lightgbm,structured,2,0
5744,lightgbm,tfidf,2,2
5862,lightgbm,structured,2,2
5862,lightgbm,tfidf,2,2
4551,lightgbm,structured,2,2
4551,lightgbm,tfidf,2,3
4664,lightgbm,structured,3,2
4664,lightgbm,tfidf,3,2
4658,lightgbm,structured,2,3
4658,lightgbm,tfidf,2,3
4680,lightgbm,structured,2,3
4680,lightgbm,tfidf,2,2
4958,lightgbm,structured,2,2
4958,lightgbm,tfidf,2,2
4576,lightgbm,structured,2,1
4576,lightgbm,tfidf,2,2
4601,lightgbm,structured,2,3
4601,lightgbm,tfidf,2,2
4692,lightgbm,structured,2,1
4692,lightgbm,tfidf,2,2
5028,lightgbm,structured,2,2
5028,lightgbm,tfidf,2,2
5708,lightgbm,structured,2,2
5708,lightgbm,tfidf,2,2
5738,lightgbm,structured,3,2
5738,lightgbm,tfidf,3,2
5739,lightgbm,structured,2,2
5739,lightgbm,tfidf,2,2
5745,lightgbm,structured,0,0
5745,lightgbm,tfidf,0,0
5974,lightgbm,structured,2,2
5974,lightgbm,tfidf,2,2
4806,lightgbm,structured,2,3
4806,lightgbm,tfidf,2,2
5656,lightgbm,structured,2,2
5656,lightgbm,tfidf,2,2
5860,lightgbm,structured,3,2
5860,lightgbm,tfidf,3,2
5716,lightgbm,structured,0,0
5716,lightgbm,tfidf,0,0
4500,lightgbm,structured,2,2
4500,lightgbm,tfidf,2,2
4503,lightgbm,structured,0,2
4503,lightgbm,tfidf,0,2
4506,lightgbm,structured,0,0
4506,lightgbm,tfidf,0,2
4515,lightgbm,structured,2,2
4515,lightgbm,tfidf,2,2
4516,lightgbm,structured,2,2
4516,lightgbm,tfidf,2,2
4519,lightgbm,structured,0,2
4519,lightgbm,tfidf,0,2
4523,lightgbm,structured,2,2
4523,lightgbm,tfidf,2,1
4534,lightgbm,structured,2,2
4534,lightgbm,tfidf,2,2
4542,lightgbm,structured,2,2
4542,lightgbm,tfidf,2,2
4548,lightgbm,structured,2,2
4548,lightgbm,tfidf,2,2
4552,lightgbm,structured,2,2
4552,lightgbm,tfidf,2,2
4555,lightgbm,structured,0,0
4555,lightgbm,tfidf,0,2
4563,lightgbm,structured,2,3
4563,lightgbm,tfidf,2,2
4567,lightgbm,structured,2,2
4567,lightgbm,tfidf,2,2
4568,lightgbm,structured,2,2
4568,lightgbm,tfidf,2,2
4586,lightgbm,structured,2,0
4586,lightgbm,tfidf,2,2
4588,lightgbm,structured,2,0
4588,lightgbm,tfidf,2,2
4590,lightgbm,structured,2,2
4590,lightgbm,tfidf,2,1
4593,lightgbm,structured,2,2
4593,lightgbm,tfidf,2,2
4594,lightgbm,structured,2,2
4594,lightgbm,tfidf,2,2
4599,lightgbm,structured,2,2
4599,lightgbm,tfidf,2,2
4600,lightgbm,structured,2,2
4600,lightgbm,tfidf,2,2
4603,lightgbm,structured,2,2
4603,lightgbm,tfidf,2,2
4606,lightgbm,structured,3,3
4606,lightgbm,tfidf,3,2
4608,lightgbm,structured,2,0
4608,lightgbm,tfidf,2,2
4616,lightgbm,structured,3,0
4616,lightgbm,tfidf,3,1
4618,lightgbm,structured,3,2
4618,lightgbm,tfidf,3,2
4624,lightgbm,structured,2,0
4624,lightgbm,tfidf,2,1
4625,lightgbm,structured,2,2
4625,lightgbm,tfidf,2,2
4627,lightgbm,structured,2,3
4627,lightgbm,tfidf,2,2
4642,lightgbm,structured,2,2
4642,lightgbm,tfidf,2,3
4656,lightgbm,structured,2,2
4656,lightgbm,tfidf,2,2
4659,lightgbm,structured,3,0
4659,lightgbm,tfidf,3,2
4663,lightgbm,structured,3,3
4663,lightgbm,tfidf,3,2
4666,lightgbm,structured,2,0
4666,lightgbm,tfidf,2,2
4673,lightgbm,structured,3,2
4673,lightgbm,tfidf,3,2
4677,lightgbm,structured,0,2
4677,lightgbm,tfidf,0,0
4685,lightgbm,structured,2,3
4685,lightgbm,tfidf,2,2
4687,lightgbm,structured,2,2
4687,lightgbm,tfidf,2,2
4701,lightgbm,structured,0,0
4701,lightgbm,tfidf,0,0
4703,lightgbm,structured,2,0
4703,lightgbm,tfidf,2,2
4716,lightgbm,structured,2,2
4716,lightgbm,tfidf,2,2
4717,lightgbm,structured,2,2
4717,lightgbm,tfidf,2,2
4720,lightgbm,structured,2,0
4720,lightgbm,tfidf,2,2
4724,lightgbm,structured,0,2
4724,lightgbm,tfidf,0,2
4737,lightgbm,structured,1,2
4737,lightgbm,tfidf,1,2
4739,lightgbm,structured,2,2
4739,lightgbm,tfidf,2,3
4746,lightgbm,structured,0,2
4746,lightgbm,tfidf,0,2
4749,lightgbm,structured,1,2
4749,lightgbm,tfidf,1,2
4753,lightgbm,structured,2,0
4753,lightgbm,tfidf,2,2
4760,lightgbm,structured,2,2
4760,lightgbm,tfidf,2,2
4768,lightgbm,structured,1,1
4768,lightgbm,tfidf,1,1
4769,lightgbm,structured,2,2
4769,lightgbm,tfidf,2,2
4771,lightgbm,structured,0,2
4771,lightgbm,tfidf,0,2
4773,lightgbm,structured,2,2
4773,lightgbm,tfidf,2,2
4775,lightgbm,structured,2,2
4775,lightgbm,tfidf,2,2
4776,lightgbm,structured,0,1
4776,lightgbm,tfidf,0,0
4778,lightgbm,structured,0,0
4778,lightgbm,tfidf,0,0
4779,lightgbm,structured,2,2
4779,lightgbm,tfidf,2,2
4786,lightgbm,structured,2,0
4786,lightgbm,tfidf,2,2
4790,lightgbm,structured,2,2
4790,lightgbm,tfidf,2,2
4795,lightgbm,structured,2,2
4795,lightgbm,tfidf,2,0
4796,lightgbm,structured,2,2
4796,lightgbm,tfidf,2,2
4803,lightgbm,structured,2,2
4803,lightgbm,tfidf,2,2
4815,lightgbm,structured,2,2
4815,lightgbm,tfidf,2,2
4817,lightgbm,structured,0,2
4817,lightgbm,tfidf,0,2
4822,lightgbm,structured,2,0
4822,lightgbm,tfidf,2,2
4824,lightgbm,structured,2,2
4824,lightgbm,tfidf,2,2
4825,lightgbm,structured,2,2
4825,lightgbm,tfidf,2,2
4831,lightgbm,structured,2,2
4831,lightgbm,tfidf,2,2
4834,lightgbm,structured,2,0
4834,lightgbm,tfidf,2,2
4838,lightgbm,structured,2,2
4838,lightgbm,tfidf,2,2
4843,lightgbm,structured,3,3
4843,lightgbm,tfidf,3,2
4858,lightgbm,structured,2,2
4858,lightgbm,tfidf,2,2
4861,lightgbm,structured,1,0
4861,lightgbm,tfidf,1,1
4866,lightgbm,structured,1,2
4866,lightgbm,tfidf,1,2
4868,lightgbm,structured,0,2
4868,lightgbm,tfidf,0,2
4873,lightgbm,structured,2,2
4873,lightgbm,tfidf,2,2
4880,lightgbm,structured,2,2
4880,lightgbm,tfidf,2,1
4885,lightgbm,structured,2,3
4885,lightgbm,tfidf,2,2
4886,lightgbm,structured,2,2
4886,lightgbm,tfidf,2,2
4888,lightgbm,structured,0,2
4888,lightgbm,tfidf,0,2
4891,lightgbm,structured,2,2
4891,lightgbm,tfidf,2,2
4901,lightgbm,structured,2,2
4901,lightgbm,tfidf,2,2
4909,lightgbm,structured,1,1
4909,lightgbm,tfidf,1,2
4910,lightgbm,structured,2,3
4910,lightgbm,tfidf,2,2
4916,lightgbm,structured,2,2
4916,lightgbm,tfidf,2,2
4918,lightgbm,structured,3,2
4918,lightgbm,tfidf,3,2
4934,lightgbm,structured,2,2
4934,lightgbm,tfidf,2,2
4936,lightgbm,structured,2,2
4936,lightgbm,tfidf,2,2
4939,lightgbm,structured,2,0
4939,lightgbm,tfidf,2,2
4941,lightgbm,structured,2,2
4941,lightgbm,tfidf,2,2
4943,lightgbm,structured,2,1
4943,lightgbm,tfidf,2,2
4945,lightgbm,structured,0,2
4945,lightgbm,tfidf,0,2
4973,lightgbm,structured,0,3
4973,lightgbm,tfidf,0,2
4979,lightgbm,structured,1,2
4979,lightgbm,tfidf,1,2
4984,lightgbm,structured,2,3
4984,lightgbm,tfidf,2,2
4988,lightgbm,structured,2,2
4988,lightgbm,tfidf,2,3
4989,lightgbm,structured,2,2
4989,lightgbm,tfidf,2,2
5013,lightgbm,structured,3,1
5013,lightgbm,tfidf,3,2
5015,lightgbm,structured,3,2
5015,lightgbm,tfidf,3,2
5022,lightgbm,structured,0,2
5022,lightgbm,tfidf,0,2
5032,lightgbm,structured,2,2
5032,lightgbm,tfidf,2,2
5034,lightgbm,structured,2,2
5034,lightgbm,tfidf,2,2
5036,lightgbm,structured,3,2
5036,lightgbm,tfidf,3,2
5039,lightgbm,structured,0,2
5039,lightgbm,tfidf,0,2
5040,lightgbm,structured,2,2
5040,lightgbm,tfidf,2,2
5047,lightgbm,structured,2,2
5047,lightgbm,tfidf,2,2
5048,lightgbm,structured,0,1
5048,lightgbm,tfidf,0,0
5059,lightgbm,structured,2,2
5059,lightgbm,tfidf,2,2
5064,lightgbm,structured,2,2
5064,lightgbm,tfidf,2,2
5066,lightgbm,structured,2,0
5066,lightgbm,tfidf,2,2
5067,lightgbm,structured,2,3
5067,lightgbm,tfidf,2,2
5068,lightgbm,structured,2,2
5068,lightgbm,tfidf,2,2
5070,lightgbm,structured,2,1
5070,lightgbm,tfidf,2,2
5071,lightgbm,structured,0,0
5071,lightgbm,tfidf,0,0
5076,lightgbm,structured,2,2
5076,lightgbm,tfidf,2,2
5080,lightgbm,structured,2,2
5080,lightgbm,tfidf,2,2
5095,lightgbm,structured,0,2
5095,lightgbm,tfidf,0,2
5097,lightgbm,structured,0,0
5097,lightgbm,tfidf,0,2
5103,lightgbm,structured,2,2
5103,lightgbm,tfidf,2,2
5106,lightgbm,structured,2,2
5106,lightgbm,tfidf,2,2
5113,lightgbm,structured,2,2
5113,lightgbm,tfidf,2,2
5126,lightgbm,structured,2,2
5126,lightgbm,tfidf,2,2
5142,lightgbm,structured,3,2
5142,lightgbm,tfidf,3,2
5145,lightgbm,structured,2,2
5145,lightgbm,tfidf,2,2
5152,lightgbm,structured,3,2
5152,lightgbm,tfidf,3,2
5157,lightgbm,structured,2,2
5157,lightgbm,tfidf,2,2
5158,lightgbm,structured,0,0
5158,lightgbm,tfidf,0,2
5162,lightgbm,structured,2,2
5162,lightgbm,tfidf,2,2
5176,lightgbm,structured,2,2
5176,lightgbm,tfidf,2,2
5181,lightgbm,structured,2,2
5181,lightgbm,tfidf,2,2
5188,lightgbm,structured,1,0
5188,lightgbm,tfidf,1,2
5190,lightgbm,structured,2,0
5190,lightgbm,tfidf,2,2
5195,lightgbm,structured,2,3
5195,lightgbm,tfidf,2,2
5201,lightgbm,structured,2,3
5201,lightgbm,tfidf,2,2
5206,lightgbm,structured,2,2
5206,lightgbm,tfidf,2,2
5216,lightgbm,structured,3,2
5216,lightgbm,tfidf,3,2
5225,lightgbm,structured,2,3
5225,lightgbm,tfidf,2,2
5226,lightgbm,structured,3,2
5226,lightgbm,tfidf,3,2
5236,lightgbm,structured,2,3
5236,lightgbm,tfidf,2,2
5238,lightgbm,structured,2,2
5238,lightgbm,tfidf,2,2
5262,lightgbm,structured,2,2
5262,lightgbm,tfidf,2,2
5265,lightgbm,structured,2,2
5265,lightgbm,tfidf,2,2
5268,lightgbm,structured,2,2
5268,lightgbm,tfidf,2,2
5269,lightgbm,structured,0,2
5269,lightgbm,tfidf,0,2
5273,lightgbm,structured,1,2
5273,lightgbm,tfidf,1,2
5275,lightgbm,structured,1,2
5275,lightgbm,tfidf,1,2
5281,lightgbm,structured,0,2
5281,lightgbm,tfidf,0,0
5282,lightgbm,structured,2,3
5282,lightgbm,tfidf,2,2
5286,lightgbm,structured,2,2
5286,lightgbm,tfidf,2,2
5287,lightgbm,structured,2,2
5287,lightgbm,tfidf,2,2
5301,lightgbm,structured,2,2
5301,lightgbm,tfidf,2,2
5306,lightgbm,structured,2,2
5306,lightgbm,tfidf,2,2
5309,lightgbm,structured,0,0
5309,lightgbm,tfidf,0,0
5311,lightgbm,structured,2,3
5311,lightgbm,tfidf,2,2
5313,lightgbm,structured,0,2
5313,lightgbm,tfidf,0,2
5321,lightgbm,structured,2,2
5321,lightgbm,tfidf,2,1
5328,lightgbm,structured,2,2
5328,lightgbm,tfidf,2,1
5337,lightgbm,structured,2,2
5337,lightgbm,tfidf,2,2
5345,lightgbm,structured,2,2
5345,lightgbm,tfidf,2,2
5346,lightgbm,structured,2,2
5346,lightgbm,tfidf,2,0
5357,lightgbm,structured,2,2
5357,lightgbm,tfidf,2,2
5366,lightgbm,structured,0,0
5366,lightgbm,tfidf,0,1
5387,lightgbm,structured,3,2
5387,lightgbm,tfidf,3,2
5400,lightgbm,structured,2,2
5400,lightgbm,tfidf,2,2
5403,lightgbm,structured,2,2
5403,lightgbm,tfidf,2,2
5409,lightgbm,structured,2,2
5409,lightgbm,tfidf,2,2
5411,lightgbm,structured,2,0
5411,lightgbm,tfidf,2,2
5416,lightgbm,structured,2,0
5416,lightgbm,tfidf,2,2
5445,lightgbm,structured,2,3
5445,lightgbm,tfidf,2,2
5455,lightgbm,structured,0,2
5455,lightgbm,tfidf,0,3
5467,lightgbm,structured,2,0
5467,lightgbm,tfidf,2,2
5468,lightgbm,structured,3,2
5468,lightgbm,tfidf,3,2
5476,lightgbm,structured,2,2
5476,lightgbm,tfidf,2,2
5479,lightgbm,structured,1,2
5479,lightgbm,tfidf,1,2
5493,lightgbm,structured,2,0
5493,lightgbm,tfidf,2,2
5495,lightgbm,structured,2,1
5495,lightgbm,tfidf,2,2
5496,lightgbm,structured,1,1
5496,lightgbm,tfidf,1,1
5506,lightgbm,structured,2,2
5506,lightgbm,tfidf,2,2
5508,lightgbm,structured,2,2
5508,lightgbm,tfidf,2,1
5513,lightgbm,structured,1,2
5513,lightgbm,tfidf,1,1
5530,lightgbm,structured,2,2
5530,lightgbm,tfidf,2,2
5533,lightgbm,structured,2,2
5533,lightgbm,tfidf,2,2
5545,lightgbm,structured,3,0
5545,lightgbm,tfidf,3,2
5548,lightgbm,structured,2,2
5548,lightgbm,tfidf,2,2
5550,lightgbm,structured,2,0
5550,lightgbm,tfidf,2,2
5551,lightgbm,structured,2,2
5551,lightgbm,tfidf,2,2
5556,lightgbm,structured,2,2
5556,lightgbm,tfidf,2,2
5560,lightgbm,structured,0,0
5560,lightgbm,tfidf,0,1
5561,lightgbm,structured,0,0
5561,lightgbm,tfidf,0,0
5576,lightgbm,structured,2,2
5576,lightgbm,tfidf,2,2
5588,lightgbm,structured,1,1
5588,lightgbm,tfidf,1,1
5589,lightgbm,structured,2,2
5589,lightgbm,tfidf,2,1
5598,lightgbm,structured,2,3
5598,lightgbm,tfidf,2,2
5605,lightgbm,structured,2,2
5605,lightgbm,tfidf,2,2
5606,lightgbm,structured,3,2
5606,lightgbm,tfidf,3,2
5616,lightgbm,structured,2,2
5616,lightgbm,tfidf,2,2
5622,lightgbm,structured,2,2
5622,lightgbm,tfidf,2,2
5630,lightgbm,structured,2,2
5630,lightgbm,tfidf,2,2
5635,lightgbm,structured,2,3
5635,lightgbm,tfidf,2,2
5641,lightgbm,structured,2,2
5641,lightgbm,tfidf,2,2
5642,lightgbm,structured,2,1
5642,lightgbm,tfidf,2,2
5646,lightgbm,structured,2,1
5646,lightgbm,tfidf,2,2
5647,lightgbm,structured,2,2
5647,lightgbm,tfidf,2,2
5648,lightgbm,structured,2,3
5648,lightgbm,tfidf,2,2
5649,lightgbm,structured,2,2
5649,lightgbm,tfidf,2,2
5653,lightgbm,structured,2,1
5653,lightgbm,tfidf,2,2
5658,lightgbm,structured,0,0
5658,lightgbm,tfidf,0,0
5663,lightgbm,structured,1,1
5663,lightgbm,tfidf,1,0
5667,lightgbm,structured,3,0
5667,lightgbm,tfidf,3,2
5678,lightgbm,structured,2,2
5678,lightgbm,tfidf,2,2
5681,lightgbm,structured,0,1
5681,lightgbm,tfidf,0,1
5687,lightgbm,structured,0,2
5687,lightgbm,tfidf,0,1
5705,lightgbm,structured,2,2
5705,lightgbm,tfidf,2,2
5711,lightgbm,structured,0,2
5711,lightgbm,tfidf,0,2
5719,lightgbm,structured,2,2
5719,lightgbm,tfidf,2,1
5721,lightgbm,structured,2,2
5721,lightgbm,tfidf,2,2
5724,lightgbm,structured,2,3
5724,lightgbm,tfidf,2,2
5729,lightgbm,structured,1,0
5729,lightgbm,tfidf,1,2
5730,lightgbm,structured,2,2
5730,lightgbm,tfidf,2,2
5755,lightgbm,structured,2,2
5755,lightgbm,tfidf,2,2
5769,lightgbm,structured,2,0
5769,lightgbm,tfidf,2,2
5772,lightgbm,structured,2,2
5772,lightgbm,tfidf,2,2
5775,lightgbm,structured,2,2
5775,lightgbm,tfidf,2,2
5782,lightgbm,structured,2,2
5782,lightgbm,tfidf,2,2
5784,lightgbm,structured,1,1
5784,lightgbm,tfidf,1,1
5813,lightgbm,structured,2,2
5813,lightgbm,tfidf,2,2
5816,lightgbm,structured,2,3
5816,lightgbm,tfidf,2,2
5822,lightgbm,structured,2,0
5822,lightgbm,tfidf,2,2
5827,lightgbm,structured,2,2
5827,lightgbm,tfidf,2,2
5831,lightgbm,structured,2,2
5831,lightgbm,tfidf,2,2
5841,lightgbm,structured,2,2
5841,lightgbm,tfidf,2,2
5851,lightgbm,structured,2,3
5851,lightgbm,tfidf,2,2
5858,lightgbm,structured,2,2
5858,lightgbm,tfidf,2,2
5859,lightgbm,structured,1,2
5859,lightgbm,tfidf,1,3
5867,lightgbm,structured,0,2
5867,lightgbm,tfidf,0,2
5871,lightgbm,structured,2,0
5871,lightgbm,tfidf,2,2
5881,lightgbm,structured,2,0
5881,lightgbm,tfidf,2,2
5883,lightgbm,structured,0,2
5883,lightgbm,tfidf,0,2
5884,lightgbm,structured,1,0
5884,lightgbm,tfidf,1,0
5886,lightgbm,structured,2,2
5886,lightgbm,tfidf,2,2
5888,lightgbm,structured,3,2
5888,lightgbm,tfidf,3,2
5889,lightgbm,structured,3,2
5889,lightgbm,tfidf,3,3
5892,lightgbm,structured,2,2
5892,lightgbm,tfidf,2,2
5894,lightgbm,structured,3,0
5894,lightgbm,tfidf,3,2
5895,lightgbm,structured,2,2
5895,lightgbm,tfidf,2,2
5897,lightgbm,structured,2,3
5897,lightgbm,tfidf,2,2
5900,lightgbm,structured,2,1
5900,lightgbm,tfidf,2,2
5901,lightgbm,structured,2,2
5901,lightgbm,tfidf,2,2
5904,lightgbm,structured,3,2
5904,lightgbm,tfidf,3,2
5916,lightgbm,structured,2,3
5916,lightgbm,tfidf,2,2
5917,lightgbm,structured,1,0
5917,lightgbm,tfidf,1,1
5944,lightgbm,structured,2,3
5944,lightgbm,tfidf,2,2
5946,lightgbm,structured,2,3
5946,lightgbm,tfidf,2,2
5950,lightgbm,structured,2,3
5950,lightgbm,tfidf,2,2
5954,lightgbm,structured,2,2
5954,lightgbm,tfidf,2,2
5957,lightgbm,structured,1,2
5957,lightgbm,tfidf,1,2
5959,lightgbm,structured,2,2
5959,lightgbm,tfidf,2,2
5961,lightgbm,structured,2,2
5961,lightgbm,tfidf,2,2
5967,lightgbm,structured,0,2
5967,lightgbm,tfidf,0,1
5968,lightgbm,structured,3,1
5968,lightgbm,tfidf,3,2
5971,lightgbm,structured,2,3
5971,lightgbm,tfidf,2,3
5975,lightgbm,structured,2,2
5975,lightgbm,tfidf,2,2
5976,lightgbm,structured,2,2
5976,lightgbm,tfidf,2,2
5978,lightgbm,structured,3,2
5978,lightgbm,tfidf,3,2
5990,lightgbm,structured,2,3
5990,lightgbm,tfidf,2,2
5996,lightgbm,structured,3,2
5996,lightgbm,tfidf,3,2
4573,svm,structured,2,2
4573,svm,tfidf,2,2
4575,svm,structured,3,0
4575,svm,tfidf,3,3
4607,svm,structured,2,1
4607,svm,tfidf,2,0
4777,svm,structured,2,3
4777,svm,tfidf,2,2
4818,svm,structured,3,3
4818,svm,tfidf,3,2
4845,svm,structured,1,1
4845,svm,tfidf,1,1
4987,svm,structured,2,3
4987,svm,tfidf,2,2
4996,svm,structured,2,3
4996,svm,tfidf,2,3
5019,svm,structured,2,3
5019,svm,tfidf,2,3
5249,svm,structured,1,1
5249,svm,tfidf,1,1
5451,svm,structured,0,0
5451,svm,tfidf,0,3
5500,svm,structured,2,0
5500,svm,tfidf,2,2
5567,svm,structured,2,0
5567,svm,tfidf,2,2
5612,svm,structured,2,3
5612,svm,tfidf,2,2
5685,svm,structured,2,3
5685,svm,tfidf,2,2
5695,svm,structured,0,2
5695,svm,tfidf,0,2
5793,svm,structured,2,3
5793,svm,tfidf,2,2
5804,svm,structured,2,3
5804,svm,tfidf,2,2
5192,svm,structured,2,2
5192,svm,tfidf,2,2
5577,svm,structured,2,3
5577,svm,tfidf,2,2
5690,svm,structured,2,2
5690,svm,tfidf,2,2
5494,svm,structured,2,3
5494,svm,tfidf,2,3
5369,svm,structured,2,1
5369,svm,tfidf,2,0
4960,svm,structured,2,3
4960,svm,tfidf,2,2
5132,svm,structured,2,0
5132,svm,tfidf,2,2
5319,svm,structured,2,2
5319,svm,tfidf,2,2
5626,svm,structured,2,0
5626,svm,tfidf,2,0
5794,svm,structured,0,0
5794,svm,tfidf,0,0
5557,svm,structured,3,2
5557,svm,tfidf,3,2
5305,svm,structured,2,3
5305,svm,tfidf,2,3
5795,svm,structured,2,2
5795,svm,tfidf,2,2
4521,svm,structured,2,1
4521,svm,tfidf,2,0
4524,svm,structured,0,0
4524,svm,tfidf,0,2
4530,svm,structured,2,1
4530,svm,tfidf,2,0
4532,svm,structured,2,2
4532,svm,tfidf,2,2
4533,svm,structured,3,3
4533,svm,tfidf,3,3
4543,svm,structured,2,2
4543,svm,tfidf,2,2
4550,svm,structured,0,3
4550,svm,tfidf,0,1
4553,svm,structured,2,3
4553,svm,tfidf,2,2
4554,svm,structured,3,0
4554,svm,tfidf,3,2
4556,svm,structured,2,2
4556,svm,tfidf,2,2
4557,svm,structured,2,3
4557,svm,tfidf,2,3
4564,svm,structured,2,2
4564,svm,tfidf,2,2
4566,svm,structured,0,3
4566,svm,tfidf,0,2
4570,svm,structured,2,2
4570,svm,tfidf,2,2
4572,svm,structured,2,0
4572,svm,tfidf,2,0
4574,svm,structured,1,1
4574,svm,tfidf,1,1
4578,svm,structured,0,2
4578,svm,tfidf,0,2
4587,svm,structured,2,0
4587,svm,tfidf,2,2
4589,svm,structured,0,1
4589,svm,tfidf,0,0
4592,svm,structured,2,2
4592,svm,tfidf,2,2
4595,svm,structured,2,3
4595,svm,tfidf,2,2
4610,svm,structured,2,2
4610,svm,tfidf,2,2
4612,svm,structured,3,3
4612,svm,tfidf,3,3
4619,svm,structured,2,3
4619,svm,tfidf,2,2
4620,svm,structured,2,2
4620,svm,tfidf,2,2
4621,svm,structured,2,2
4621,svm,tfidf,2,2
4622,svm,structured,2,2
4622,svm,tfidf,2,2
4623,svm,structured,2,1
4623,svm,tfidf,2,1
4628,svm,structured,2,3
4628,svm,tfidf,2,2
4633,svm,structured,2,1
4633,svm,tfidf,2,2
4636,svm,structured,3,2
4636,svm,tfidf,3,3
4637,svm,structured,2,3
4637,svm,tfidf,2,2
4638,svm,structured,2,3
4638,svm,tfidf,2,2
4641,svm,structured,2,3
4641,svm,tfidf,2,2
4643,svm,structured,2,2
4643,svm,tfidf,2,2
4644,svm,structured,2,3
4644,svm,tfidf,2,2
4647,svm,structured,2,0
4647,svm,tfidf,2,2
4651,svm,structured,2,2
4651,svm,tfidf,2,2
4652,svm,structured,2,1
4652,svm,tfidf,2,1
4662,svm,structured,3,2
4662,svm,tfidf,3,2
4665,svm,structured,2,2
4665,svm,tfidf,2,2
4671,svm,structured,3,3
4671,svm,tfidf,3,2
4675,svm,structured,2,3
4675,svm,tfidf,2,2
4679,svm,structured,2,2
4679,svm,tfidf,2,2
4694,svm,structured,2,1
4694,svm,tfidf,2,1
4709,svm,structured,2,2
4709,svm,tfidf,2,2
4715,svm,structured,0,0
4715,svm,tfidf,0,2
4735,svm,structured,2,0
4735,svm,tfidf,2,2
4738,svm,structured,1,1
4738,svm,tfidf,1,1
4741,svm,structured,2,0
4741,svm,tfidf,2,2
4742,svm,structured,2,0
4742,svm,tfidf,2,2
4745,svm,structured,2,2
4745,svm,tfidf,2,2
4747,svm,structured,2,2
4747,svm,tfidf,2,2
4754,svm,structured,3,2
4754,svm,tfidf,3,2
4757,svm,structured,2,0
4757,svm,tfidf,2,0
4765,svm,structured,2,2
4765,svm,tfidf,2,2
4767,svm,structured,2,3
4767,svm,tfidf,2,2
4770,svm,structured,2,2
4770,svm,tfidf,2,2
4772,svm,structured,2,3
4772,svm,tfidf,2,2
4783,svm,structured,2,1
4783,svm,tfidf,2,1
4787,svm,structured,0,2
4787,svm,tfidf,0,0
4793,svm,structured,0,0
4793,svm,tfidf,0,0
4797,svm,structured,2,3
4797,svm,tfidf,2,2
4805,svm,structured,2,3
4805,svm,tfidf,2,2
4810,svm,structured,0,0
4810,svm,tfidf,0,2
4829,svm,structured,2,3
4829,svm,tfidf,2,2
4830,svm,structured,1,1
4830,svm,tfidf,1,1
4832,svm,structured,0,1
4832,svm,tfidf,0,1
4837,svm,structured,2,3
4837,svm,tfidf,2,2
4855,svm,structured,2,2
4855,svm,tfidf,2,2
4859,svm,structured,2,3
4859,svm,tfidf,2,2
4865,svm,structured,2,3
4865,svm,tfidf,2,2
4869,svm,structured,2,2
4869,svm,tfidf,2,3
4871,svm,structured,2,3
4871,svm,tfidf,2,2
4872,svm,structured,2,2
4872,svm,tfidf,2,2
4875,svm,structured,3,3
4875,svm,tfidf,3,2
4881,svm,structured,0,1
4881,svm,tfidf,0,1
4887,svm,structured,0,2
4887,svm,tfidf,0,2
4892,svm,structured,2,3
4892,svm,tfidf,2,2
4895,svm,structured,2,0
4895,svm,tfidf,2,2
4899,svm,structured,2,3
4899,svm,tfidf,2,2
4912,svm,structured,3,2
4912,svm,tfidf,3,2
4917,svm,structured,2,0
4917,svm,tfidf,2,2
4919,svm,structured,2,0
4919,svm,tfidf,2,0
4923,svm,structured,3,2
4923,svm,tfidf,3,2
4926,svm,structured,2,3
4926,svm,tfidf,2,2
4942,svm,structured,2,3
4942,svm,tfidf,2,2
4946,svm,structured,3,1
4946,svm,tfidf,3,2
4948,svm,structured,2,3
4948,svm,tfidf,2,2
4951,svm,structured,3,3
4951,svm,tfidf,3,3
4954,svm,structured,2,2
4954,svm,tfidf,2,2
4956,svm,structured,0,0
4956,svm,tfidf,0,0
4962,svm,structured,2,1
4962,svm,tfidf,2,0
4977,svm,structured,0,0
4977,svm,tfidf,0,0
4983,svm,structured,2,2
4983,svm,tfidf,2,3
4990,svm,structured,0,0
4990,svm,tfidf,0,2
4991,svm,structured,2,2
4991,svm,tfidf,2,2
4998,svm,structured,2,3
4998,svm,tfidf,2,2
5010,svm,structured,2,1
5010,svm,tfidf,2,0
5016,svm,structured,0,2
5016,svm,tfidf,0,0
5018,svm,structured,1,1
5018,svm,tfidf,1,0
5024,svm,structured,2,0
5024,svm,tfidf,2,2
5025,svm,structured,2,3
5025,svm,tfidf,2,2
5035,svm,structured,2,1
5035,svm,tfidf,2,1
5049,svm,structured,2,0
5049,svm,tfidf,2,2
5056,svm,structured,2,2
5056,svm,tfidf,2,3
5057,svm,structured,2,3
5057,svm,tfidf,2,2
5058,svm,structured,1,1
5058,svm,tfidf,1,1
5062,svm,structured,2,0
5062,svm,tfidf,2,2
5069,svm,structured,2,0
5069,svm,tfidf,2,2
5079,svm,structured,3,1
5079,svm,tfidf,3,1
5081,svm,structured,2,2
5081,svm,tfidf,2,2
5083,svm,structured,3,2
5083,svm,tfidf,3,3
5087,svm,structured,0,0
5087,svm,tfidf,0,2
5089,svm,structured,2,0
5089,svm,tfidf,2,2
5090,svm,structured,2,2
5090,svm,tfidf,2,2
5100,svm,structured,2,3
5100,svm,tfidf,2,2
5101,svm,structured,2,3
5101,svm,tfidf,2,2
5102,svm,structured,2,2
5102,svm,tfidf,2,3
5111,svm,structured,1,1
5111,svm,tfidf,1,1
5117,svm,structured,2,2
5117,svm,tfidf,2,2
5121,svm,structured,2,3
5121,svm,tfidf,2,2
5131,svm,structured,3,0
5131,svm,tfidf,3,3
5133,svm,structured,2,3
5133,svm,tfidf,2,3
5134,svm,structured,2,0
5134,svm,tfidf,2,0
5135,svm,structured,2,2
5135,svm,tfidf,2,2
5136,svm,structured,2,1
5136,svm,tfidf,2,0
5139,svm,structured,3,3
5139,svm,tfidf,3,3
5140,svm,structured,0,0
5140,svm,tfidf,0,2
5141,svm,structured,2,0
5141,svm,tfidf,2,2
5151,svm,structured,3,3
5151,svm,tfidf,3,0
5153,svm,structured,2,0
5153,svm,tfidf,2,2
5159,svm,structured,2,0
5159,svm,tfidf,2,2
5164,svm,structured,2,0
5164,svm,tfidf,2,2
5170,svm,structured,2,0
5170,svm,tfidf,2,2
5179,svm,structured,1,1
5179,svm,tfidf,1,1
5180,svm,structured,0,1
5180,svm,tfidf,0,1
5185,svm,structured,0,1
5185,svm,tfidf,0,0
5191,svm,structured,0,0
5191,svm,tfidf,0,2
5198,svm,structured,2,3
5198,svm,tfidf,2,2
5209,svm,structured,2,2
5209,svm,tfidf,2,2
5220,svm,structured,2,0
5220,svm,tfidf,2,2
5222,svm,structured,1,1
5222,svm,tfidf,1,1
5229,svm,structured,2,2
5229,svm,tfidf,2,2
5234,svm,structured,2,2
5234,svm,tfidf,2,2
5239,svm,structured,2,3
5239,svm,tfidf,2,2
5242,svm,structured,2,3
5242,svm,tfidf,2,2
5245,svm,structured,1,0
5245,svm,tfidf,1,2
5254,svm,structured,2,3
5254,svm,tfidf,2,2
5257,svm,structured,2,0
5257,svm,tfidf,2,2
5274,svm,structured,0,3
5274,svm,tfidf,0,2
5284,svm,structured,2,2
5284,svm,tfidf,2,2
5299,svm,structured,3,2
5299,svm,tfidf,3,2
5304,svm,structured,2,1
5304,svm,tfidf,2,1
5307,svm,structured,1,1
5307,svm,tfidf,1,1
5322,svm,structured,2,2
5322,svm,tfidf,2,3
5336,svm,structured,3,2
5336,svm,tfidf,3,2
5341,svm,structured,2,1
5341,svm,tfidf,2,1
5355,svm,structured,2,3
5355,svm,tfidf,2,2
5373,svm,structured,2,0
5373,svm,tfidf,2,2
5389,svm,structured,2,0
5389,svm,tfidf,2,2
5395,svm,structured,2,1
5395,svm,tfidf,2,2
5398,svm,structured,2,3
5398,svm,tfidf,2,2
5399,svm,structured,3,2
5399,svm,tfidf,3,2
5404,svm,structured,0,0
5404,svm,tfidf,0,2
5407,svm,structured,2,0
5407,svm,tfidf,2,2
5414,svm,structured,0,3
5414,svm,tfidf,0,2
5417,svm,structured,2,0
5417,svm,tfidf,2,0
5428,svm,structured,2,0
5428,svm,tfidf,2,2
5431,svm,structured,2,0
5431,svm,tfidf,2,2
5433,svm,structured,1,3
5433,svm,tfidf,1,3
5448,svm,structured,2,2
5448,svm,tfidf,2,3
5449,svm,structured,2,1
5449,svm,tfidf,2,1
5454,svm,structured,0,2
5454,svm,tfidf,0,0
5457,svm,structured,2,3
5457,svm,tfidf,2,2
5459,svm,structured,0,0
5459,svm,tfidf,0,2
5487,svm,structured,2,3
5487,svm,tfidf,2,2
5491,svm,structured,0,2
5491,svm,tfidf,0,2
5498,svm,structured,2,1
5498,svm,tfidf,2,0
5507,svm,structured,2,3
5507,svm,tfidf,2,3
5509,svm,structured,2,0
5509,svm,tfidf,2,2
5516,svm,structured,2,3
5516,svm,tfidf,2,2
5519,svm,structured,2,1
5519,svm,tfidf,2,2
5531,svm,structured,3,3
5531,svm,tfidf,3,2
5532,svm,structured,2,3
5532,svm,tfidf,2,2
5538,svm,structured,2,0
5538,svm,tfidf,2,2
5541,svm,structured,1,1
5541,svm,tfidf,1,1
5547,svm,structured,2,3
5547,svm,tfidf,2,3
5555,svm,structured,2,0
5555,svm,tfidf,2,2
5562,svm,structured,2,2
5562,svm,tfidf,2,0
5568,svm,structured,0,0
5568,svm,tfidf,0,3
5572,svm,structured,0,2
5572,svm,tfidf,0,2
5584,svm,structured,0,0
5584,svm,tfidf,0,2
5603,svm,structured,2,0
5603,svm,tfidf,2,2
5608,svm,structured,2,3
5608,svm,tfidf,2,2
5609,svm,structured,2,2
5609,svm,tfidf,2,2
5618,svm,structured,0,3
5618,svm,tfidf,0,2
5619,svm,structured,2,0
5619,svm,tfidf,2,2
5621,svm,structured,0,0
5621,svm,tfidf,0,2
5634,svm,structured,0,0
5634,svm,tfidf,0,2
5637,svm,structured,2,3
5637,svm,tfidf,2,2
5652,svm,structured,2,0
5652,svm,tfidf,2,2
5655,svm,structured,2,2
5655,svm,tfidf,2,2
5664,svm,structured,0,3
5664,svm,tfidf,0,2
5668,svm,structured,1,1
5668,svm,tfidf,1,0
5672,svm,structured,2,3
5672,svm,tfidf,2,2
5674,svm,structured,2,0
5674,svm,tfidf,2,2
5682,svm,structured,2,0
5682,svm,tfidf,2,2
5684,svm,structured,0,0
5684,svm,tfidf,0,0
5688,svm,structured,2,1
5688,svm,tfidf,2,1
5692,svm,structured,0,1
5692,svm,tfidf,0,1
5697,svm,structured,1,1
5697,svm,tfidf,1,0
5703,svm,structured,2,1
5703,svm,tfidf,2,1
5704,svm,structured,1,1
5704,svm,tfidf,1,0
5707,svm,structured,3,3
5707,svm,tfidf,3,2
5709,svm,structured,2,0
5709,svm,tfidf,2,2
5712,svm,structured,2,1
5712,svm,tfidf,2,1
5715,svm,structured,1,1
5715,svm,tfidf,1,1
5717,svm,structured,2,3
5717,svm,tfidf,2,1
5746,svm,structured,2,0
5746,svm,tfidf,2,2
5754,svm,structured,2,0
5754,svm,tfidf,2,2
5756,svm,structured,2,0
5756,svm,tfidf,2,2
5767,svm,structured,3,3
5767,svm,tfidf,3,2
5770,svm,structured,2,3
5770,svm,tfidf,2,2
5777,svm,structured,2,3
5777,svm,tfidf,2,2
5785,svm,structured,2,1
5785,svm,tfidf,2,1
5786,svm,structured,0,0
5786,svm,tfidf,0,2
5788,svm,structured,2,2
5788,svm,tfidf,2,2
5792,svm,structured,2,3
5792,svm,tfidf,2,2
5803,svm,structured,2,1
5803,svm,tfidf,2,1
5812,svm,structured,2,3
5812,svm,tfidf,2,2
5834,svm,structured,2,3
5834,svm,tfidf,2,2
5835,svm,structured,2,3
5835,svm,tfidf,2,2
5846,svm,structured,2,0
5846,svm,tfidf,2,2
5847,svm,structured,3,3
5847,svm,tfidf,3,2
5848,svm,structured,3,2
5848,svm,tfidf,3,2
5853,svm,structured,2,2
5853,svm,tfidf,2,3
5857,svm,structured,2,2
5857,svm,tfidf,2,2
5866,svm,structured,1,1
5866,svm,tfidf,1,1
5868,svm,structured,2,3
5868,svm,tfidf,2,3
5876,svm,structured,0,0
5876,svm,tfidf,0,0
5877,svm,structured,2,0
5877,svm,tfidf,2,2
5878,svm,structured,2,3
5878,svm,tfidf,2,2
5879,svm,structured,2,2
5879,svm,tfidf,2,2
5891,svm,structured,2,1
5891,svm,tfidf,2,1
5898,svm,structured,2,2
5898,svm,tfidf,2,2
5910,svm,structured,3,3
5910,svm,tfidf,3,1
5911,svm,structured,2,2
5911,svm,tfidf,2,3
5913,svm,structured,2,2
5913,svm,tfidf,2,2
5918,svm,structured,2,1
5918,svm,tfidf,2,1
5920,svm,structured,2,1
5920,svm,tfidf,2,0
5929,svm,structured,2,0
5929,svm,tfidf,2,2
5931,svm,structured,2,2
5931,svm,tfidf,2,2
5934,svm,structured,0,1
5934,svm,tfidf,0,0
5935,svm,structured,2,2
5935,svm,tfidf,2,2
5936,svm,structured,0,0
5936,svm,tfidf,0,0
5938,svm,structured,2,0
5938,svm,tfidf,2,3
5947,svm,structured,2,1
5947,svm,tfidf,2,1
5949,svm,structured,3,3
5949,svm,tfidf,3,2
5956,svm,structured,2,3
5956,svm,tfidf,2,2
5958,svm,structured,2,2
5958,svm,tfidf,2,2
5964,svm,structured,1,1
5964,svm,tfidf,1,1
5970,svm,structured,3,3
5970,svm,tfidf,3,3
5973,svm,structured,2,2
5973,svm,tfidf,2,2
5979,svm,structured,2,0
5979,svm,tfidf,2,2
5980,svm,structured,3,0
5980,svm,tfidf,3,2
5991,svm,structured,1,1
5991,svm,tfidf,1,2
5993,svm,structured,3,2
5993,svm,tfidf,3,2
5997,svm,structured,2,3
5997,svm,tfidf,2,2
4573,logreg,structured,2,2
4573,logreg,tfidf,2,2
4575,logreg,structured,3,0
4575,logreg,tfidf,3,3
4607,logreg,structured,2,1
4607,logreg,tfidf,2,1
4777,logreg,structured,2,3
4777,logreg,tfidf,2,2
4818,logreg,structured,3,3
4818,logreg,tfidf,3,2
4845,logreg,structured,1,1
4845,logreg,tfidf,1,1
4987,logreg,structured,2,2
4987,logreg,tfidf,2,2
4996,logreg,structured,2,3
4996,logreg,tfidf,2,3
5019,logreg,structured,2,3
5019,logreg,tfidf,2,3
5249,logreg,structured,1,1
5249,logreg,tfidf,1,1
5451,logreg,structured,0,0
5451,logreg,tfidf,0,3
5500,logreg,structured,2,0
5500,logreg,tfidf,2,2
5567,logreg,structured,2,2
5567,logreg,tfidf,2,2
5612,logreg,structured,2,2
5612,logreg,tfidf,2,2
5685,logreg,structured,2,3
5685,logreg,tfidf,2,2
5695,logreg,structured,0,2
5695,logreg,tfidf,0,2
5793,logreg,structured,2,2
5793,logreg,tfidf,2,2
5804,logreg,structured,2,3
5804,logreg,tfidf,2,2
5192,logreg,structured,2,2
5192,logreg,tfidf,2,2
5577,logreg,structured,2,3
5577,logreg,tfidf,2,2
5690,logreg,structured,2,2
5690,logreg,tfidf,2,2
5494,logreg,structured,2,3
5494,logreg,tfidf,2,3
5369,logreg,structured,2,1
5369,logreg,tfidf,2,1
4960,logreg,structured,2,3
4960,logreg,tfidf,2,2
5132,logreg,structured,2,3
5132,logreg,tfidf,2,2
5319,logreg,structured,2,2
5319,logreg,tfidf,2,0
5626,logreg,structured,2,0
5626,logreg,tfidf,2,0
5794,logreg,structured,0,1
5794,logreg,tfidf,0,0
5557,logreg,structured,3,2
5557,logreg,tfidf,3,2
5305,logreg,structured,2,2
5305,logreg,tfidf,2,3
5795,logreg,structured,2,2
5795,logreg,tfidf,2,2
4521,logreg,structured,2,1
4521,logreg,tfidf,2,0
4524,logreg,structured,0,2
4524,logreg,tfidf,0,2
4530,logreg,structured,2,1
4530,logreg,tfidf,2,1
4532,logreg,structured,2,3
4532,logreg,tfidf,2,2
4533,logreg,structured,3,3
4533,logreg,tfidf,3,3
4543,logreg,structured,2,2
4543,logreg,tfidf,2,2
4550,logreg,structured,0,1
4550,logreg,tfidf,0,1
4553,logreg,structured,2,3
4553,logreg,tfidf,2,3
4554,logreg,structured,3,0
4554,logreg,tfidf,3,3
4556,logreg,structured,2,2
4556,logreg,tfidf,2,2
4557,logreg,structured,2,2
4557,logreg,tfidf,2,3
4564,logreg,structured,2,0
4564,logreg,tfidf,2,2
4566,logreg,structured,0,3
4566,logreg,tfidf,0,2
4570,logreg,structured,2,2
4570,logreg,tfidf,2,2
4572,logreg,structured,2,0
4572,logreg,tfidf,2,0
4574,logreg,structured,1,1
4574,logreg,tfidf,1,1
4578,logreg,structured,0,2
4578,logreg,tfidf,0,2
4587,logreg,structured,2,3
4587,logreg,tfidf,2,2
4589,logreg,structured,0,1
4589,logreg,tfidf,0,0
4592,logreg,structured,2,2
4592,logreg,tfidf,2,2
4595,logreg,structured,2,3
4595,logreg,tfidf,2,2
4610,logreg,structured,2,2
4610,logreg,tfidf,2,2
4612,logreg,structured,3,3
4612,logreg,tfidf,3,3
4619,logreg,structured,2,3
4619,logreg,tfidf,2,2
4620,logreg,structured,2,2
4620,logreg,tfidf,2,2
4621,logreg,structured,2,2
4621,logreg,tfidf,2,2
4622,logreg,structured,2,2
4622,logreg,tfidf,2,2
4623,logreg,structured,2,1
4623,logreg,tfidf,2,1
4628,logreg,structured,2,3
4628,logreg,tfidf,2,3
4633,logreg,structured,2,1
4633,logreg,tfidf,2,3
4636,logreg,structured,3,3
4636,logreg,tfidf,3,3
4637,logreg,structured,2,3
4637,logreg,tfidf,2,2
4638,logreg,structured,2,3
4638,logreg,tfidf,2,2
4641,logreg,structured,2,3
4641,logreg,tfidf,2,2
4643,logreg,structured,2,2
4643,logreg,tfidf,2,2
4644,logreg,structured,2,3
4644,logreg,tfidf,2,3
4647,logreg,structured,2,0
4647,logreg,tfidf,2,2
4651,logreg,structured,2,2
4651,logreg,tfidf,2,2
4652,logreg,structured,2,1
4652,logreg,tfidf,2,1
4662,logreg,structured,3,2
4662,logreg,tfidf,3,2
4665,logreg,structured,2,0
4665,logreg,tfidf,2,2
4671,logreg,structured,3,3
4671,logreg,tfidf,3,2
4675,logreg,structured,2,3
4675,logreg,tfidf,2,2
4679,logreg,structured,2,0
4679,logreg,tfidf,2,2
4694,logreg,structured,2,1
4694,logreg,tfidf,2,1
4709,logreg,structured,2,0
4709,logreg,tfidf,2,2
4715,logreg,structured,0,3
4715,logreg,tfidf,0,3
4735,logreg,structured,2,0
4735,logreg,tfidf,2,2
4738,logreg,structured,1,1
4738,logreg,tfidf,1,1
4741,logreg,structured,2,0
4741,logreg,tfidf,2,2
4742,logreg,structured,2,0
4742,logreg,tfidf,2,2
4745,logreg,structured,2,3
4745,logreg,tfidf,2,2
4747,logreg,structured,2,2
4747,logreg,tfidf,2,2
4754,logreg,structured,3,2
4754,logreg,tfidf,3,2
4757,logreg,structured,2,1
4757,logreg,tfidf,2,0
4765,logreg,structured,2,2
4765,logreg,tfidf,2,2
4767,logreg,structured,2,3
4767,logreg,tfidf,2,2
4770,logreg,structured,2,2
4770,logreg,tfidf,2,0
4772,logreg,structured,2,2
4772,logreg,tfidf,2,2
4783,logreg,structured,2,1
4783,logreg,tfidf,2,1
4787,logreg,structured,0,2
4787,logreg,tfidf,0,0
4793,logreg,structured,0,1
4793,logreg,tfidf,0,0
4797,logreg,structured,2,2
4797,logreg,tfidf,2,2
4805,logreg,structured,2,3
4805,logreg,tfidf,2,3
4810,logreg,structured,0,0
4810,logreg,tfidf,0,3
4829,logreg,structured,2,3
4829,logreg,tfidf,2,3
4830,logreg,structured,1,1
4830,logreg,tfidf,1,1
4832,logreg,structured,0,1
4832,logreg,tfidf,0,1
4837,logreg,structured,2,3
4837,logreg,tfidf,2,3
4855,logreg,structured,2,2
4855,logreg,tfidf,2,2
4859,logreg,structured,2,3
4859,logreg,tfidf,2,2
4865,logreg,structured,2,3
4865,logreg,tfidf,2,2
4869,logreg,structured,2,2
4869,logreg,tfidf,2,3
4871,logreg,structured,2,3
4871,logreg,tfidf,2,2
4872,logreg,structured,2,2
4872,logreg,tfidf,2,2
4875,logreg,structured,3,3
4875,logreg,tfidf,3,3
4881,logreg,structured,0,1
4881,logreg,tfidf,0,1
4887,logreg,structured,0,2
4887,logreg,tfidf,0,2
4892,logreg,structured,2,2
4892,logreg,tfidf,2,2
4895,logreg,structured,2,0
4895,logreg,tfidf,2,2
4899,logreg,structured,2,3
4899,logreg,tfidf,2,2
4912,logreg,structured,3,3
4912,logreg,tfidf,3,2
4917,logreg,structured,2,0
4917,logreg,tfidf,2,2
4919,logreg,structured,2,0
4919,logreg,tfidf,2,0
4923,logreg,structured,3,2
4923,logreg,tfidf,3,3
4926,logreg,structured,2,3
4926,logreg,tfidf,2,2
4942,logreg,structured,2,3
4942,logreg,tfidf,2,2
4946,logreg,structured,3,3
4946,logreg,tfidf,3,2
4948,logreg,structured,2,3
4948,logreg,tfidf,2,2
4951,logreg,structured,3,3
4951,logreg,tfidf,3,3
4954,logreg,structured,2,0
4954,logreg,tfidf,2,2
4956,logreg,structured,0,1
4956,logreg,tfidf,0,0
4962,logreg,structured,2,1
4962,logreg,tfidf,2,1
4977,logreg,structured,0,0
4977,logreg,tfidf,0,0
4983,logreg,structured,2,3
4983,logreg,tfidf,2,3
4990,logreg,structured,0,2
4990,logreg,tfidf,0,2
4991,logreg,structured,2,2
4991,logreg,tfidf,2,3
4998,logreg,structured,2,3
4998,logreg,tfidf,2,2
5010,logreg,structured,2,1
5010,logreg,tfidf,2,1
5016,logreg,structured,0,3
5016,logreg,tfidf,0,0
5018,logreg,structured,1,1
5018,logreg,tfidf,1,0
5024,logreg,structured,2,0
5024,logreg,tfidf,2,2
5025,logreg,structured,2,3
5025,logreg,tfidf,2,3
5035,logreg,structured,2,1
5035,logreg,tfidf,2,1
5049,logreg,structured,2,0
5049,logreg,tfidf,2,3
5056,logreg,structured,2,2
5056,logreg,tfidf,2,3
5057,logreg,structured,2,3
5057,logreg,tfidf,2,2
5058,logreg,structured,1,1
5058,logreg,tfidf,1,1
5062,logreg,structured,2,0
5062,logreg,tfidf,2,0
5069,logreg,structured,2,0
5069,logreg,tfidf,2,0
5079,logreg,structured,3,1
5079,logreg,tfidf,3,1
5081,logreg,structured,2,0
5081,logreg,tfidf,2,2
5083,logreg,structured,3,3
5083,logreg,tfidf,3,3
5087,logreg,structured,0,2
5087,logreg,tfidf,0,2
5089,logreg,structured,2,0
5089,logreg,tfidf,2,3
5090,logreg,structured,2,2
5090,logreg,tfidf,2,2
5100,logreg,structured,2,3
5100,logreg,tfidf,2,2
5101,logreg,structured,2,3
5101,logreg,tfidf,2,2
5102,logreg,structured,2,2
5102,logreg,tfidf,2,3
5111,logreg,structured,1,1
5111,logreg,tfidf,1,1
5117,logreg,structured,2,2
5117,logreg,tfidf,2,2
5121,logreg,structured,2,3
5121,logreg,tfidf,2,3
5131,logreg,structured,3,1
5131,logreg,tfidf,3,3
5133,logreg,structured,2,3
5133,logreg,tfidf,2,3
5134,logreg,structured,2,3
5134,logreg,tfidf,2,0
5135,logreg,structured,2,2
5135,logreg,tfidf,2,2
5136,logreg,structured,2,1
5136,logreg,tfidf,2,1
5139,logreg,structured,3,2
5139,logreg,tfidf,3,3
5140,logreg,structured,0,0
5140,logreg,tfidf,0,2
5141,logreg,structured,2,0
5141,logreg,tfidf,2,2
5151,logreg,structured,3,1
5151,logreg,tfidf,3,0
5153,logreg,structured,2,0
5153,logreg,tfidf,2,3
5159,logreg,structured,2,2
5159,logreg,tfidf,2,0
5164,logreg,structured,2,0
5164,logreg,tfidf,2,2
5170,logreg,structured,2,0
5170,logreg,tfidf,2,2
5179,logreg,structured,1,1
5179,logreg,tfidf,1,1
5180,logreg,structured,0,1
5180,logreg,tfidf,0,1
5185,logreg,structured,0,1
5185,logreg,tfidf,0,0
5191,logreg,structured,0,0
5191,logreg,tfidf,0,2
5198,logreg,structured,2,3
5198,logreg,tfidf,2,2
5209,logreg,structured,2,3
5209,logreg,tfidf,2,2
5220,logreg,structured,2,0
5220,logreg,tfidf,2,0
5222,logreg,structured,1,1
5222,logreg,tfidf,1,1
5229,logreg,structured,2,2
5229,logreg,tfidf,2,2
5234,logreg,structured,2,2
5234,logreg,tfidf,2,0
5239,logreg,structured,2,3
5239,logreg,tfidf,2,3
5242,logreg,structured,2,0
5242,logreg,tfidf,2,2
5245,logreg,structured,1,1
5245,logreg,tfidf,1,2
5254,logreg,structured,2,0
5254,logreg,tfidf,2,2
5257,logreg,structured,2,0
5257,logreg,tfidf,2,2
5274,logreg,structured,0,3
5274,logreg,tfidf,0,3
5284,logreg,structured,2,2
5284,logreg,tfidf,2,2
5299,logreg,structured,3,2
5299,logreg,tfidf,3,3
5304,logreg,structured,2,1
5304,logreg,tfidf,2,1
5307,logreg,structured,1,1
5307,logreg,tfidf,1,1
5322,logreg,structured,2,0
5322,logreg,tfidf,2,3
5336,logreg,structured,3,2
5336,logreg,tfidf,3,2
5341,logreg,structured,2,1
5341,logreg,tfidf,2,1
5355,logreg,structured,2,3
5355,logreg,tfidf,2,2
5373,logreg,structured,2,0
5373,logreg,tfidf,2,2
5389,logreg,structured,2,0
5389,logreg,tfidf,2,2
5395,logreg,structured,2,1
5395,logreg,tfidf,2,2
5398,logreg,structured,2,3
5398,logreg,tfidf,2,2
5399,logreg,structured,3,0
5399,logreg,tfidf,3,2
5404,logreg,structured,0,0
5404,logreg,tfidf,0,0
5407,logreg,structured,2,2
5407,logreg,tfidf,2,2
5414,logreg,structured,0,2
5414,logreg,tfidf,0,0
5417,logreg,structured,2,0
5417,logreg,tfidf,2,0
5428,logreg,structured,2,0
5428,logreg,tfidf,2,2
5431,logreg,structured,2,0
5431,logreg,tfidf,2,2
5433,logreg,structured,1,0
5433,logreg,tfidf,1,3
5448,logreg,structured,2,2
5448,logreg,tfidf,2,3
5449,logreg,structured,2,1
5449,logreg,tfidf,2,1
5454,logreg,structured,0,0
5454,logreg,tfidf,0,0
5457,logreg,structured,2,3
5457,logreg,tfidf,2,2
5459,logreg,structured,0,0
5459,logreg,tfidf,0,0
5487,logreg,structured,2,3
5487,logreg,tfidf,2,2
5491,logreg,structured,0,0
5491,logreg,tfidf,0,0
5498,logreg,structured,2,1
5498,logreg,tfidf,2,0
5507,logreg,structured,2,3
5507,logreg,tfidf,2,3
5509,logreg,structured,2,0
5509,logreg,tfidf,2,0
5516,logreg,structured,2,3
5516,logreg,tfidf,2,3
5519,logreg,structured,2,1
5519,logreg,tfidf,2,3
5531,logreg,structured,3,3
5531,logreg,tfidf,3,3
5532,logreg,structured,2,3
5532,logreg,tfidf,2,2
5538,logreg,structured,2,0
5538,logreg,tfidf,2,2
5541,logreg,structured,1,1
5541,logreg,tfidf,1,1
5547,logreg,structured,2,3
5547,logreg,tfidf,2,3
5555,logreg,structured,2,0
5555,logreg,tfidf,2,2
5562,logreg,structured,2,2
5562,logreg,tfidf,2,0
5568,logreg,structured,0,0
5568,logreg,tfidf,0,3
5572,logreg,structured,0,2
5572,logreg,tfidf,0,2
5584,logreg,structured,0,3
5584,logreg,tfidf,0,2
5603,logreg,structured,2,2
5603,logreg,tfidf,2,2
5608,logreg,structured,2,3
5608,logreg,tfidf,2,2
5609,logreg,structured,2,3
5609,logreg,tfidf,2,2
5618,logreg,structured,0,2
5618,logreg,tfidf,0,3
5619,logreg,structured,2,0
5619,logreg,tfidf,2,0
5621,logreg,structured,0,0
5621,logreg,tfidf,0,2
5634,logreg,structured,0,0
5634,logreg,tfidf,0,0
5637,logreg,structured,2,3
5637,logreg,tfidf,2,2
5652,logreg,structured,2,3
5652,logreg,tfidf,2,2
5655,logreg,structured,2,2
5655,logreg,tfidf,2,2
5664,logreg,structured,0,3
5664,logreg,tfidf,0,2
5668,logreg,structured,1,1
5668,logreg,tfidf,1,0
5672,logreg,structured,2,3
5672,logreg,tfidf,2,0
5674,logreg,structured,2,0
5674,logreg,tfidf,2,0
5682,logreg,structured,2,0
5682,logreg,tfidf,2,2
5684,logreg,structured,0,0
5684,logreg,tfidf,0,0
5688,logreg,structured,2,1
5688,logreg,tfidf,2,1
5692,logreg,structured,0,1
5692,logreg,tfidf,0,1
5697,logreg,structured,1,1
5697,logreg,tfidf,1,0
5703,logreg,structured,2,1
5703,logreg,tfidf,2,1
5704,logreg,structured,1,1
5704,logreg,tfidf,1,0
5707,logreg,structured,3,3
5707,logreg,tfidf,3,3
5709,logreg,structured,2,0
5709,logreg,tfidf,2,2
5712,logreg,structured,2,1
5712,logreg,tfidf,2,1
5715,logreg,structured,1,1
5715,logreg,tfidf,1,1
5717,logreg,structured,2,1
5717,logreg,tfidf,2,1
5746,logreg,structured,2,1
5746,logreg,tfidf,2,2
5754,logreg,structured,2,0
5754,logreg,tfidf,2,0
5756,logreg,structured,2,0
5756,logreg,tfidf,2,0
5767,logreg,structured,3,3
5767,logreg,tfidf,3,2
5770,logreg,structured,2,3
5770,logreg,tfidf,2,3
5777,logreg,structured,2,3
5777,logreg,tfidf,2,2
5785,logreg,structured,2,1
5785,logreg,tfidf,2,1
5786,logreg,structured,0,2
5786,logreg,tfidf,0,3
5788,logreg,structured,2,2
5788,logreg,tfidf,2,2
5792,logreg,structured,2,3
5792,logreg,tfidf,2,2
5803,logreg,structured,2,1
5803,logreg,tfidf,2,1
5812,logreg,structured,2,2
5812,logreg,tfidf,2,2
5834,logreg,structured,2,3
5834,logreg,tfidf,2,2
5835,logreg,structured,2,2
5835,logreg,tfidf,2,2
5846,logreg,structured,2,2
5846,logreg,tfidf,2,2
5847,logreg,structured,3,3
5847,logreg,tfidf,3,3
5848,logreg,structured,3,3
5848,logreg,tfidf,3,2
5853,logreg,structured,2,3
5853,logreg,tfidf,2,3
5857,logreg,structured,2,2
5857,logreg,tfidf,2,2
5866,logreg,structured,1,1
5866,logreg,tfidf,1,1
5868,logreg,structured,2,3
5868,logreg,tfidf,2,3
5876,logreg,structured,0,0
5876,logreg,tfidf,0,0
5877,logreg,structured,2,0
5877,logreg,tfidf,2,2
5878,logreg,structured,2,3
5878,logreg,tfidf,2,2
5879,logreg,structured,2,2
5879,logreg,tfidf,2,2
5891,logreg,structured,2,1
5891,logreg,tfidf,2,1
5898,logreg,structured,2,2
5898,logreg,tfidf,2,2
5910,logreg,structured,3,3
5910,logreg,tfidf,3,1
5911,logreg,structured,2,0
5911,logreg,tfidf,2,3
5913,logreg,structured,2,2
5913,logreg,tfidf,2,2
5918,logreg,structured,2,1
5918,logreg,tfidf,2,1
5920,logreg,structured,2,1
5920,logreg,tfidf,2,0
5929,logreg,structured,2,0
5929,logreg,tfidf,2,2
5931,logreg,structured,2,2
5931,logreg,tfidf,2,3
5934,logreg,structured,0,1
5934,logreg,tfidf,0,0
5935,logreg,structured,2,2
5935,logreg,tfidf,2,3
5936,logreg,structured,0,1
5936,logreg,tfidf,0,0
5938,logreg,structured,2,2
5938,logreg,tfidf,2,3
5947,logreg,structured,2,1
5947,logreg,tfidf,2,1
5949,logreg,structured,3,3
5949,logreg,tfidf,3,3
5956,logreg,structured,2,3
5956,logreg,tfidf,2,2
5958,logreg,structured,2,0
5958,logreg,tfidf,2,2
5964,logreg,structured,1,1
5964,logreg,tfidf,1,1
5970,logreg,structured,3,3
5970,logreg,tfidf,3,3
5973,logreg,structured,2,2
5973,logreg,tfidf,2,0
5979,logreg,structured,2,1
5979,logreg,tfidf,2,3
5980,logreg,structured,3,0
5980,logreg,tfidf,3,2
5991,logreg,structured,1,0
5991,logreg,tfidf,1,3
5993,logreg,structured,3,2
5993,logreg,tfidf,3,2
5997,logreg,structured,2,3
5997,logreg,tfidf,2,2
4573,random_forest,structured,2,2
4573,random_forest,tfidf,2,2
4575,random_forest,structured,3,2
4575,random_forest,tfidf,3,2
4607,random_forest,structured,2,1
4607,random_forest,tfidf,2,2
4777,random_forest,structured,2,2
4777,random_forest,tfidf,2,2
4818,random_forest,structured,3,2
4818,random_forest,tfidf,3,2
4845,random_forest,structured,1,1
4845,random_forest,tfidf,1,2
4987,random_forest,structured,2,2
4987,random_forest,tfidf,2,2
4996,random_forest,structured,2,2
4996,random_forest,tfidf,2,2
5019,random_forest,structured,2,2
5019,random_forest,tfidf,2,2
5249,random_forest,structured,1,1
5249,random_forest,tfidf,1,2
5451,random_forest,structured,0,2
5451,random_forest,tfidf,0,2
5500,random_forest,structured,2,2
5500,random_forest,tfidf,2,2
5567,random_forest,structured,2,0
5567,random_forest,tfidf,2,2
5612,random_forest,structured,2,2
5612,random_forest,tfidf,2,2
5685,random_forest,structured,2,2
5685,random_forest,tfidf,2,2
5695,random_forest,structured,0,2
5695,random_forest,tfidf,0,2
5793,random_forest,structured,2,2
5793,random_forest,tfidf,2,2
5804,random_forest,structured,2,2
5804,random_forest,tfidf,2,2
5192,random_forest,structured,2,2
5192,random_forest,tfidf,2,2
5577,random_forest,structured,2,2
5577,random_forest,tfidf,2,2
5690,random_forest,structured,2,2
5690,random_forest,tfidf,2,2
5494,random_forest,structured,2,2
5494,random_forest,tfidf,2,2
5369,random_forest,structured,2,0
5369,random_forest,tfidf,2,1
4960,random_forest,structured,2,2
4960,random_forest,tfidf,2,2
5132,random_forest,structured,2,3
5132,random_forest,tfidf,2,2
5319,random_forest,structured,2,0
5319,random_forest,tfidf,2,2
5626,random_forest,structured,2,0
5626,random_forest,tfidf,2,2
5794,random_forest,structured,0,0
5794,random_forest,tfidf,0,0
5557,random_forest,structured,3,2
5557,random_forest,tfidf,3,2
5305,random_forest,structured,2,2
5305,random_forest,tfidf,2,2
5795,random_forest,structured,2,2
5795,random_forest,tfidf,2,2
4521,random_forest,structured,2,0
4521,random_forest,tfidf,2,1
4524,random_forest,structured,0,0
4524,random_forest,tfidf,0,2
4530,random_forest,structured,2,1
4530,random_forest,tfidf,2,2
4532,random_forest,structured,2,2
4532,random_forest,tfidf,2,2
4533,random_forest,structured,3,2
4533,random_forest,tfidf,3,2
4543,random_forest,structured,2,2
4543,random_forest,tfidf,2,2
4550,random_forest,structured,0,2
4550,random_forest,tfidf,0,2
4553,random_forest,structured,2,3
4553,random_forest,tfidf,2,2
4554,random_forest,structured,3,2
4554,random_forest,tfidf,3,2
4556,random_forest,structured,2,2
4556,random_forest,tfidf,2,2
4557,random_forest,structured,2,2
4557,random_forest,tfidf,2,2
4564,random_forest,structured,2,2
4564,random_forest,tfidf,2,2
4566,random_forest,structured,0,2
4566,random_forest,tfidf,0,2
4570,random_forest,structured,2,2
4570,random_forest,tfidf,2,2
4572,random_forest,structured,2,0
4572,random_forest,tfidf,2,2
4574,random_forest,structured,1,2
4574,random_forest,tfidf,1,2
4578,random_forest,structured,0,2
4578,random_forest,tfidf,0,2
4587,random_forest,structured,2,2
4587,random_forest,tfidf,2,2
4589,random_forest,structured,0,3
4589,random_forest,tfidf,0,0
4592,random_forest,structured,2,2
4592,random_forest,tfidf,2,2
4595,random_forest,structured,2,2
4595,random_forest,tfidf,2,2
4610,random_forest,structured,2,2
4610,random_forest,tfidf,2,2
4612,random_forest,structured,3,2
4612,random_forest,tfidf,3,2
4619,random_forest,structured,2,2
4619,random_forest,tfidf,2,2
4620,random_forest,structured,2,2
4620,random_forest,tfidf,2,2
4621,random_forest,structured,2,2
4621,random_forest,tfidf,2,2
4622,random_forest,structured,2,2
4622,random_forest,tfidf,2,2
4623,random_forest,structured,2,1
4623,random_forest,tfidf,2,2
4628,random_forest,structured,2,2
4628,random_forest,tfidf,2,2
4633,random_forest,structured,2,1
4633,random_forest,tfidf,2,2
4636,random_forest,structured,3,2
4636,random_forest,tfidf,3,2
4637,random_forest,structured,2,3
4637,random_forest,tfidf,2,2
4638,random_forest,structured,2,3
4638,random_forest,tfidf,2,2
4641,random_forest,structured,2,2
4641,random_forest,tfidf,2,2
4643,random_forest,structured,2,2
4643,random_forest,tfidf,2,2
4644,random_forest,structured,2,2
4644,random_forest,tfidf,2,2
4647,random_forest,structured,2,2
4647,random_forest,tfidf,2,2
4651,random_forest,structured,2,2
4651,random_forest,tfidf,2,2
4652,random_forest,structured,2,1
4652,random_forest,tfidf,2,1
4662,random_forest,structured,3,2
4662,random_forest,tfidf,3,2
4665,random_forest,structured,2,2
4665,random_forest,tfidf,2,2
4671,random_forest,structured,3,2
4671,random_forest,tfidf,3,2
4675,random_forest,structured,2,2
4675,random_forest,tfidf,2,2
4679,random_forest,structured,2,2
4679,random_forest,tfidf,2,2
4694,random_forest,structured,2,1
4694,random_forest,tfidf,2,2
4709,random_forest,structured,2,2
4709,random_forest,tfidf,2,2
4715,random_forest,structured,0,2
4715,random_forest,tfidf,0,2
4735,random_forest,structured,2,2
4735,random_forest,tfidf,2,2
4738,random_forest,structured,1,1
4738,random_forest,tfidf,1,1
4741,random_forest,structured,2,0
4741,random_forest,tfidf,2,2
4742,random_forest,structured,2,2
4742,random_forest,tfidf,2,2
4745,random_forest,structured,2,2
4745,random_forest,tfidf,2,2
4747,random_forest,structured,2,2
4747,random_forest,tfidf,2,2
4754,random_forest,structured,3,2
4754,random_forest,tfidf,3,2
4757,random_forest,structured,2,0
4757,random_forest,tfidf,2,2
4765,random_forest,structured,2,2
4765,random_forest,tfidf,2,2
4767,random_forest,structured,2,2
4767,random_forest,tfidf,2,2
4770,random_forest,structured,2,2
4770,random_forest,tfidf,2,2
4772,random_forest,structured,2,2
4772,random_forest,tfidf,2,2
4783,random_forest,structured,2,1
4783,random_forest,tfidf,2,1
4787,random_forest,structured,0,2
4787,random_forest,tfidf,0,2
4793,random_forest,structured,0,0
4793,random_forest,tfidf,0,1
4797,random_forest,structured,2,2
4797,random_forest,tfidf,2,2
4805,random_forest,structured,2,2
4805,random_forest,tfidf,2,2
4810,random_forest,structured,0,2
4810,random_forest,tfidf,0,2
4829,random_forest,structured,2,2
4829,random_forest,tfidf,2,2
4830,random_forest,structured,1,1
4830,random_forest,tfidf,1,1
4832,random_forest,structured,0,1
4832,random_forest,tfidf,0,2
4837,random_forest,structured,2,2
4837,random_forest,tfidf,2,2
4855,random_forest,structured,2,2
4855,random_forest,tfidf,2,2
4859,random_forest,structured,2,2
4859,random_forest,tfidf,2,2
4865,random_forest,structured,2,2
4865,random_forest,tfidf,2,2
4869,random_forest,structured,2,2
4869,random_forest,tfidf,2,2
4871,random_forest,structured,2,2
4871,random_forest,tfidf,2,2
4872,random_forest,structured,2,2
4872,random_forest,tfidf,2,2
4875,random_forest,structured,3,2
4875,random_forest,tfidf,3,2
4881,random_forest,structured,0,1
4881,random_forest,tfidf,0,1
4887,random_forest,structured,0,2
4887,random_forest,tfidf,0,2
4892,random_forest,structured,2,2
4892,random_forest,tfidf,2,2
4895,random_forest,structured,2,2
4895,random_forest,tfidf,2,2
4899,random_forest,structured,2,2
4899,random_forest,tfidf,2,2
4912,random_forest,structured,3,2
4912,random_forest,tfidf,3,2
4917,random_forest,structured,2,2
4917,random_forest,tfidf,2,2
4919,random_forest,structured,2,0
4919,random_forest,tfidf,2,2
4923,random_forest,structured,3,2
4923,random_forest,tfidf,3,2
4926,random_forest,structured,2,2
4926,random_forest,tfidf,2,2
4942,random_forest,structured,2,2
4942,random_forest,tfidf,2,2
4946,random_forest,structured,3,2
4946,random_forest,tfidf,3,2
4948,random_forest,structured,2,3
4948,random_forest,tfidf,2,2
4951,random_forest,structured,3,2
4951,random_forest,tfidf,3,2
4954,random_forest,structured,2,2
4954,random_forest,tfidf,2,2
4956,random_forest,structured,0,0
4956,random_forest,tfidf,0,0
4962,random_forest,structured,2,1
4962,random_forest,tfidf,2,0
4977,random_forest,structured,0,2
4977,random_forest,tfidf,0,2
4983,random_forest,structured,2,2
4983,random_forest,tfidf,2,2
4990,random_forest,structured,0,2
4990,random_forest,tfidf,0,2
4991,random_forest,structured,2,2
4991,random_forest,tfidf,2,2
4998,random_forest,structured,2,2
4998,random_forest,tfidf,2,2
5010,random_forest,structured,2,1
5010,random_forest,tfidf,2,2
5016,random_forest,structured,0,2
5016,random_forest,tfidf,0,2
5018,random_forest,structured,1,1
5018,random_forest,tfidf,1,1
5024,random_forest,structured,2,0
5024,random_forest,tfidf,2,2
5025,random_forest,structured,2,2
5025,random_forest,tfidf,2,2
5035,random_forest,structured,2,1
5035,random_forest,tfidf,2,2
5049,random_forest,structured,2,2
5049,random_forest,tfidf,2,2
5056,random_forest,structured,2,2
5056,random_forest,tfidf,2,2
5057,random_forest,structured,2,2
5057,random_forest,tfidf,2,2
5058,random_forest,structured,1,1
5058,random_forest,tfidf,1,1
5062,random_forest,structured,2,2
5062,random_forest,tfidf,2,2
5069,random_forest,structured,2,0
5069,random_forest,tfidf,2,2
5079,random_forest,structured,3,1
5079,random_forest,tfidf,3,2
5081,random_forest,structured,2,2
5081,random_forest,tfidf,2,2
5083,random_forest,structured,3,2
5083,random_forest,tfidf,3,2
5087,random_forest,structured,0,2
5087,random_forest,tfidf,0,2
5089,random_forest,structured,2,2
5089,random_forest,tfidf,2,2
5090,random_forest,structured,2,2
5090,random_forest,tfidf,2,2
5100,random_forest,structured,2,2
5100,random_forest,tfidf,2,2
5101,random_forest,structured,2,3
5101,random_forest,tfidf,2,2
5102,random_forest,structured,2,2
5102,random_forest,tfidf,2,2
5111,random_forest,structured,1,1
5111,random_forest,tfidf,1,1
5117,random_forest,structured,2,2
5117,random_forest,tfidf,2,2
5121,random_forest,structured,2,2
5121,random_forest,tfidf,2,2
5131,random_forest,structured,3,1
5131,random_forest,tfidf,3,2
5133,random_forest,structured,2,2
5133,random_forest,tfidf,2,2
5134,random_forest,structured,2,0
5134,random_forest,tfidf,2,2
5135,random_forest,structured,2,2
5135,random_forest,tfidf,2,2
5136,random_forest,structured,2,1
5136,random_forest,tfidf,2,1
5139,random_forest,structured,3,2
5139,random_forest,tfidf,3,2
5140,random_forest,structured,0,2
5140,random_forest,tfidf,0,2
5141,random_forest,structured,2,2
5141,random_forest,tfidf,2,2
5151,random_forest,structured,3,2
5151,random_forest,tfidf,3,2
5153,random_forest,structured,2,2
5153,random_forest,tfidf,2,2
5159,random_forest,structured,2,2
5159,random_forest,tfidf,2,2
5164,random_forest,structured,2,2
5164,random_forest,tfidf,2,2
5170,random_forest,structured,2,2
5170,random_forest,tfidf,2,2
5179,random_forest,structured,1,1
5179,random_forest,tfidf,1,2
5180,random_forest,structured,0,1
5180,random_forest,tfidf,0,1
5185,random_forest,structured,0,0
5185,random_forest,tfidf,0,0
5191,random_forest,structured,0,2
5191,random_forest,tfidf,0,2
5198,random_forest,structured,2,2
5198,random_forest,tfidf,2,2
5209,random_forest,structured,2,2
5209,random_forest,tfidf,2,2
5220,random_forest,structured,2,2
5220,random_forest,tfidf,2,2
5222,random_forest,structured,1,2
5222,random_forest,tfidf,1,1
5229,random_forest,structured,2,2
5229,random_forest,tfidf,2,2
5234,random_forest,structured,2,2
5234,random_forest,tfidf,2,2
5239,random_forest,structured,2,2
5239,random_forest,tfidf,2,2
5242,random_forest,structured,2,2
5242,random_forest,tfidf,2,2
5245,random_forest,structured,1,0
5245,random_forest,tfidf,1,2
5254,random_forest,structured,2,2
5254,random_forest,tfidf,2,2
5257,random_forest,structured,2,2
5257,random_forest,tfidf,2,2
5274,random_forest,structured,0,2
5274,random_forest,tfidf,0,2
5284,random_forest,structured,2,2
5284,random_forest,tfidf,2,2
5299,random_forest,structured,3,2
5299,random_forest,tfidf,3,2
5304,random_forest,structured,2,1
5304,random_forest,tfidf,2,1
5307,random_forest,structured,1,2
5307,random_forest,tfidf,1,1
5322,random_forest,structured,2,2
5322,random_forest,tfidf,2,2
5336,random_forest,structured,3,2
5336,random_forest,tfidf,3,2
5341,random_forest,structured,2,1
5341,random_forest,tfidf,2,2
5355,random_forest,structured,2,2
5355,random_forest,tfidf,2,2
5373,random_forest,structured,2,2
5373,random_forest,tfidf,2,2
5389,random_forest,structured,2,2
5389,random_forest,tfidf,2,2
5395,random_forest,structured,2,1
5395,random_forest,tfidf,2,2
5398,random_forest,structured,2,2
5398,random_forest,tfidf,2,2
5399,random_forest,structured,3,2
5399,random_forest,tfidf,3,2
5404,random_forest,structured,0,0
5404,random_forest,tfidf,0,2
5407,random_forest,structured,2,2
5407,random_forest,tfidf,2,2
5414,random_forest,structured,0,2
5414,random_forest,tfidf,0,2
5417,random_forest,structured,2,2
5417,random_forest,tfidf,2,2
5428,random_forest,structured,2,2
5428,random_forest,tfidf,2,2
5431,random_forest,structured,2,2
5431,random_forest,tfidf,2,2
5433,random_forest,structured,1,2
5433,random_forest,tfidf,1,2
5448,random_forest,structured,2,2
5448,random_forest,tfidf,2,2
5449,random_forest,structured,2,2
5449,random_forest,tfidf,2,1
5454,random_forest,structured,0,2
5454,random_forest,tfidf,0,2
5457,random_forest,structured,2,2
5457,random_forest,tfidf,2,2
5459,random_forest,structured,0,2
5459,random_forest,tfidf,0,2
5487,random_forest,structured,2,2
5487,random_forest,tfidf,2,2
5491,random_forest,structured,0,2
5491,random_forest,tfidf,0,2
5498,random_forest,structured,2,1
5498,random_forest,tfidf,2,2
5507,random_forest,structured,2,2
5507,random_forest,tfidf,2,2
5509,random_forest,structured,2,2
5509,random_forest,tfidf,2,2
5516,random_forest,structured,2,2
5516,random_forest,tfidf,2,2
5519,random_forest,structured,2,1
5519,random_forest,tfidf,2,2
5531,random_forest,structured,3,2
5531,random_forest,tfidf,3,2
5532,random_forest,structured,2,2
5532,random_forest,tfidf,2,2
5538,random_forest,structured,2,2
5538,random_forest,tfidf,2,2
5541,random_forest,structured,1,1
5541,random_forest,tfidf,1,1
5547,random_forest,structured,2,3
5547,random_forest,tfidf,2,2
5555,random_forest,structured,2,2
5555,random_forest,tfidf,2,2
5562,random_forest,structured,2,2
5562,random_forest,tfidf,2,2
5568,random_forest,structured,0,2
5568,random_forest,tfidf,0,2
5572,random_forest,structured,0,0
5572,random_forest,tfidf,0,2
5584,random_forest,structured,0,0
5584,random_forest,tfidf,0,2
5603,random_forest,structured,2,3
5603,random_forest,tfidf,2,2
5608,random_forest,structured,2,2
5608,random_forest,tfidf,2,2
5609,random_forest,structured,2,2
5609,random_forest,tfidf,2,2
5618,random_forest,structured,0,2
5618,random_forest,tfidf,0,2
5619,random_forest,structured,2,2
5619,random_forest,tfidf,2,2
5621,random_forest,structured,0,2
5621,random_forest,tfidf,0,2
5634,random_forest,structured,0,2
5634,random_forest,tfidf,0,2
5637,random_forest,structured,2,2
5637,random_forest,tfidf,2,2
5652,random_forest,structured,2,3
5652,random_forest,tfidf,2,2
5655,random_forest,structured,2,2
5655,random_forest,tfidf,2,2
5664,random_forest,structured,0,2
5664,random_forest,tfidf,0,2
5668,random_forest,structured,1,0
5668,random_forest,tfidf,1,2
5672,random_forest,structured,2,2
5672,random_forest,tfidf,2,2
5674,random_forest,structured,2,2
5674,random_forest,tfidf,2,2
5682,random_forest,structured,2,2
5682,random_forest,tfidf,2,2
5684,random_forest,structured,0,2
5684,random_forest,tfidf,0,2
5688,random_forest,structured,2,1
5688,random_forest,tfidf,2,1
5692,random_forest,structured,0,1
5692,random_forest,tfidf,0,1
5697,random_forest,structured,1,1
5697,random_forest,tfidf,1,1
5703,random_forest,structured,2,1
5703,random_forest,tfidf,2,2
5704,random_forest,structured,1,0
5704,random_forest,tfidf,1,0
5707,random_forest,structured,3,2
5707,random_forest,tfidf,3,2
5709,random_forest,structured,2,2
5709,random_forest,tfidf,2,2
5712,random_forest,structured,2,1
5712,random_forest,tfidf,2,2
5715,random_forest,structured,1,1
5715,random_forest,tfidf,1,1
5717,random_forest,structured,2,2
5717,random_forest,tfidf,2,2
5746,random_forest,structured,2,0
5746,random_forest,tfidf,2,2
5754,random_forest,structured,2,2
5754,random_forest,tfidf,2,2
5756,random_forest,structured,2,2
5756,random_forest,tfidf,2,2
5767,random_forest,structured,3,2
5767,random_forest,tfidf,3,2
5770,random_forest,structured,2,2
5770,random_forest,tfidf,2,2
5777,random_forest,structured,2,2
5777,random_forest,tfidf,2,2
5785,random_forest,structured,2,2
5785,random_forest,tfidf,2,1
5786,random_forest,structured,0,2
5786,random_forest,tfidf,0,2
5788,random_forest,structured,2,2
5788,random_forest,tfidf,2,2
5792,random_forest,structured,2,2
5792,random_forest,tfidf,2,2
5803,random_forest,structured,2,0
5803,random_forest,tfidf,2,2
5812,random_forest,structured,2,2
5812,random_forest,tfidf,2,2
5834,random_forest,structured,2,2
5834,random_forest,tfidf,2,2
5835,random_forest,structured,2,2
5835,random_forest,tfidf,2,2
5846,random_forest,structured,2,2
5846,random_forest,tfidf,2,2
5847,random_forest,structured,3,3
5847,random_forest,tfidf,3,2
5848,random_forest,structured,3,2
5848,random_forest,tfidf,3,2
5853,random_forest,structured,2,2
5853,random_forest,tfidf,2,2
5857,random_forest,structured,2,2
5857,random_forest,tfidf,2,2
5866,random_forest,structured,1,1
5866,random_forest,tfidf,1,2
5868,random_forest,structured,2,0
5868,random_forest,tfidf,2,2
5876,random_forest,structured,0,0
5876,random_forest,tfidf,0,0
5877,random_forest,structured,2,2
5877,random_forest,tfidf,2,2
5878,random_forest,structured,2,2
5878,random_forest,tfidf,2,2
5879,random_forest,structured,2,2
5879,random_forest,tfidf,2,2
5891,random_forest,structured,2,1
5891,random_forest,tfidf,2,1
5898,random_forest,structured,2,2
5898,random_forest,tfidf,2,2
5910,random_forest,structured,3,2
5910,random_forest,tfidf,3,2
5911,random_forest,structured,2,2
5911,random_forest,tfidf,2,2
5913,random_forest,structured,2,2
5913,random_forest,tfidf,2,2
5918,random_forest,structured,2,1
5918,random_forest,tfidf,2,2
5920,random_forest,structured,2,1
5920,random_forest,tfidf,2,2
5929,random_forest,structured,2,2
5929,random_forest,tfidf,2,2
5931,random_forest,structured,2,2
5931,random_forest,tfidf,2,2
5934,random_forest,structured,0,0
5934,random_forest,tfidf,0,0
5935,random_forest,structured,2,2
5935,random_forest,tfidf,2,2
5936,random_forest,structured,0,0
5936,random_forest,tfidf,0,0
5938,random_forest,structured,2,3
5938,random_forest,tfidf,2,2
5947,random_forest,structured,2,1
5947,random_forest,tfidf,2,2
5949,random_forest,structured,3,3
5949,random_forest,tfidf,3,2
5956,random_forest,structured,2,2
5956,random_forest,tfidf,2,2
5958,random_forest,structured,2,2
5958,random_forest,tfidf,2,2
5964,random_forest,structured,1,1
5964,random_forest,tfidf,1,1
5970,random_forest,structured,3,3
5970,random_forest,tfidf,3,2
5973,random_forest,structured,2,0
5973,random_forest,tfidf,2,2
5979,random_forest,structured,2,2
5979,random_forest,tfidf,2,2
5980,random_forest,structured,3,2
5980,random_forest,tfidf,3,2
5991,random_forest,structured,1,2
5991,random_forest,tfidf,1,2
5993,random_forest,structured,3,2
5993,random_forest,tfidf,3,2
5997,random_forest,structured,2,2
5997,random_forest,tfidf,2,2
4573,lightgbm,structured,2,2
4573,lightgbm,tfidf,2,2
4575,lightgbm,structured,3,2
4575,lightgbm,tfidf,3,2
4607,lightgbm,structured,2,0
4607,lightgbm,tfidf,2,2
4777,lightgbm,structured,2,2
4777,lightgbm,tfidf,2,2
4818,lightgbm,structured,3,2
4818,lightgbm,tfidf,3,2
4845,lightgbm,structured,1,1
4845,lightgbm,tfidf,1,2
4987,lightgbm,structured,2,2
4987,lightgbm,tfidf,2,2
4996,lightgbm,structured,2,2
4996,lightgbm,tfidf,2,2
5019,lightgbm,structured,2,2
5019,lightgbm,tfidf,2,2
5249,lightgbm,structured,1,1
5249,lightgbm,tfidf,1,0
5451,lightgbm,structured,0,2
5451,lightgbm,tfidf,0,2
5500,lightgbm,structured,2,2
5500,lightgbm,tfidf,2,2
5567,lightgbm,structured,2,0
5567,lightgbm,tfidf,2,2
5612,lightgbm,structured,2,3
5612,lightgbm,tfidf,2,2
5685,lightgbm,structured,2,2
5685,lightgbm,tfidf,2,2
5695,lightgbm,structured,0,2
5695,lightgbm,tfidf,0,2
5793,lightgbm,structured,2,2
5793,lightgbm,tfidf,2,2
5804,lightgbm,structured,2,2
5804,lightgbm,tfidf,2,2
5192,lightgbm,structured,2,2
5192,lightgbm,tfidf,2,2
5577,lightgbm,structured,2,2
5577,lightgbm,tfidf,2,2
5690,lightgbm,structured,2,2
5690,lightgbm,tfidf,2,2
5494,lightgbm,structured,2,2
5494,lightgbm,tfidf,2,3
5369,lightgbm,structured,2,0
5369,lightgbm,tfidf,2,2
4960,lightgbm,structured,2,2
4960,lightgbm,tfidf,2,2
5132,lightgbm,structured,2,3
5132,lightgbm,tfidf,2,2
5319,lightgbm,structured,2,0
5319,lightgbm,tfidf,2,2
5626,lightgbm,structured,2,0
5626,lightgbm,tfidf,2,0
5794,lightgbm,structured,0,0
5794,lightgbm,tfidf,0,0
5557,lightgbm,structured,3,2
5557,lightgbm,tfidf,3,2
5305,lightgbm,structured,2,3
5305,lightgbm,tfidf,2,2
5795,lightgbm,structured,2,0
5795,lightgbm,tfidf,2,2
4521,lightgbm,structured,2,2
4521,lightgbm,tfidf,2,2
4524,lightgbm,structured,0,2
4524,lightgbm,tfidf,0,0
4530,lightgbm,structured,2,2
4530,lightgbm,tfidf,2,2
4532,lightgbm,structured,2,2
4532,lightgbm,tfidf,2,2
4533,lightgbm,structured,3,2
4533,lightgbm,tfidf,3,2
4543,lightgbm,structured,2,2
4543,lightgbm,tfidf,2,2
4550,lightgbm,structured,0,2
4550,lightgbm,tfidf,0,2
4553,lightgbm,structured,2,3
4553,lightgbm,tfidf,2,2
4554,lightgbm,structured,3,2
4554,lightgbm,tfidf,3,2
4556,lightgbm,structured,2,0
4556,lightgbm,tfidf,2,2
4557,lightgbm,structured,2,2
4557,lightgbm,tfidf,2,2
4564,lightgbm,structured,2,2
4564,lightgbm,tfidf,2,2
4566,lightgbm,structured,0,2
4566,lightgbm,tfidf,0,2
4570,lightgbm,structured,2,2
4570,lightgbm,tfidf,2,2
4572,lightgbm,structured,2,0
4572,lightgbm,tfidf,2,0
4574,lightgbm,structured,1,2
4574,lightgbm,tfidf,1,2
4578,lightgbm,structured,0,2
4578,lightgbm,tfidf,0,2
4587,lightgbm,structured,2,3
4587,lightgbm,tfidf,2,0
4589,lightgbm,structured,0,3
4589,lightgbm,tfidf,0,2
4592,lightgbm,structured,2,2
4592,lightgbm,tfidf,2,2
4595,lightgbm,structured,2,2
4595,lightgbm,tfidf,2,2
4610,lightgbm,structured,2,2
4610,lightgbm,tfidf,2,2
4612,lightgbm,structured,3,2
4612,lightgbm,tfidf,3,2
4619,lightgbm,structured,2,2
4619,lightgbm,tfidf,2,2
4620,lightgbm,structured,2,2
4620,lightgbm,tfidf,2,2
4621,lightgbm,structured,2,2
4621,lightgbm,tfidf,2,2
4622,lightgbm,structured,2,2
4622,lightgbm,tfidf,2,2
4623,lightgbm,structured,2,1
4623,lightgbm,tfidf,2,2
4628,lightgbm,structured,2,2
4628,lightgbm,tfidf,2,2
4633,lightgbm,structured,2,1
4633,lightgbm,tfidf,2,2
4636,lightgbm,structured,3,3
4636,lightgbm,tfidf,3,2
4637,lightgbm,structured,2,3
4637,lightgbm,tfidf,2,2
4638,lightgbm,structured,2,3
4638,lightgbm,tfidf,2,2
4641,lightgbm,structured,2,2
4641,lightgbm,tfidf,2,2
4643,lightgbm,structured,2,2
4643,lightgbm,tfidf,2,2
4644,lightgbm,structured,2,3
4644,lightgbm,tfidf,2,2
4647,lightgbm,structured,2,2
4647,lightgbm,tfidf,2,2
4651,lightgbm,structured,2,2
4651,lightgbm,tfidf,2,2
4652,lightgbm,structured,2,2
4652,lightgbm,tfidf,2,1
4662,lightgbm,structured,3,2
4662,lightgbm,tfidf,3,2
4665,lightgbm,structured,2,2
4665,lightgbm,tfidf,2,2
4671,lightgbm,structured,3,2
4671,lightgbm,tfidf,3,2
4675,lightgbm,structured,2,2
4675,lightgbm,tfidf,2,2
4679,lightgbm,structured,2,2
4679,lightgbm,tfidf,2,2
4694,lightgbm,structured,2,2
4694,lightgbm,tfidf,2,2
4709,lightgbm,structured,2,2
4709,lightgbm,tfidf,2,2
4715,lightgbm,structured,0,2
4715,lightgbm,tfidf,0,2
4735,lightgbm,structured,2,2
4735,lightgbm,tfidf,2,2
4738,lightgbm,structured,1,2
4738,lightgbm,tfidf,1,2
4741,lightgbm,structured,2,2
4741,lightgbm,tfidf,2,2
4742,lightgbm,structured,2,0
4742,lightgbm,tfidf,2,2
4745,lightgbm,structured,2,2
4745,lightgbm,tfidf,2,2
4747,lightgbm,structured,2,2
4747,lightgbm,tfidf,2,2
4754,lightgbm,structured,3,2
4754,lightgbm,tfidf,3,2
4757,lightgbm,structured,2,1
4757,lightgbm,tfidf,2,2
4765,lightgbm,structured,2,2
4765,lightgbm,tfidf,2,2
4767,lightgbm,structured,2,2
4767,lightgbm,tfidf,2,2
4770,lightgbm,structured,2,2
4770,lightgbm,tfidf,2,2
4772,lightgbm,structured,2,2
4772,lightgbm,tfidf,2,2
4783,lightgbm,structured,2,2
4783,lightgbm,tfidf,2,1
4787,lightgbm,structured,0,3
4787,lightgbm,tfidf,0,2
4793,lightgbm,structured,0,2
4793,lightgbm,tfidf,0,0
4797,lightgbm,structured,2,2
4797,lightgbm,tfidf,2,2
4805,lightgbm,structured,2,2
4805,lightgbm,tfidf,2,2
4810,lightgbm,structured,0,2
4810,lightgbm,tfidf,0,2
4829,lightgbm,structured,2,0
4829,lightgbm,tfidf,2,2
4830,lightgbm,structured,1,2
4830,lightgbm,tfidf,1,2
4832,lightgbm,structured,0,2
4832,lightgbm,tfidf,0,2
4837,lightgbm,structured,2,2
4837,lightgbm,tfidf,2,2
4855,lightgbm,structured,2,2
4855,lightgbm,tfidf,2,2
4859,lightgbm,structured,2,2
4859,lightgbm,tfidf,2,2
4865,lightgbm,structured,2,2
4865,lightgbm,tfidf,2,2
4869,lightgbm,structured,2,1
4869,lightgbm,tfidf,2,2
4871,lightgbm,structured,2,2
4871,lightgbm,tfidf,2,2
4872,lightgbm,structured,2,2
4872,lightgbm,tfidf,2,2
4875,lightgbm,structured,3,3
4875,lightgbm,tfidf,3,2
4881,lightgbm,structured,0,1
4881,lightgbm,tfidf,0,1
4887,lightgbm,structured,0,2
4887,lightgbm,tfidf,0,2
4892,lightgbm,structured,2,2
4892,lightgbm,tfidf,2,2
4895,lightgbm,structured,2,2
4895,lightgbm,tfidf,2,2
4899,lightgbm,structured,2,2
4899,lightgbm,tfidf,2,2
4912,lightgbm,structured,3,3
4912,lightgbm,tfidf,3,2
4917,lightgbm,structured,2,2
4917,lightgbm,tfidf,2,2
4919,lightgbm,structured,2,3
4919,lightgbm,tfidf,2,2
4923,lightgbm,structured,3,2
4923,lightgbm,tfidf,3,2
4926,lightgbm,structured,2,2
4926,lightgbm,tfidf,2,2
4942,lightgbm,structured,2,2
4942,lightgbm,tfidf,2,2
4946,lightgbm,structured,3,1
4946,lightgbm,tfidf,3,2
4948,lightgbm,structured,2,2
4948,lightgbm,tfidf,2,2
4951,lightgbm,structured,3,2
4951,lightgbm,tfidf,3,2
4954,lightgbm,structured,2,2
4954,lightgbm,tfidf,2,2
4956,lightgbm,structured,0,0
4956,lightgbm,tfidf,0,0
4962,lightgbm,structured,2,1
4962,lightgbm,tfidf,2,2
4977,lightgbm,structured,0,0
4977,lightgbm,tfidf,0,2
4983,lightgbm,structured,2,2
4983,lightgbm,tfidf,2,2
4990,lightgbm,structured,0,2
4990,lightgbm,tfidf,0,2
4991,lightgbm,structured,2,2
4991,lightgbm,tfidf,2,2
4998,lightgbm,structured,2,2
4998,lightgbm,tfidf,2,2
5010,lightgbm,structured,2,1
5010,lightgbm,tfidf,2,1
5016,lightgbm,structured,0,3
5016,lightgbm,tfidf,0,2
5018,lightgbm,structured,1,1
5018,lightgbm,tfidf,1,0
5024,lightgbm,structured,2,3
5024,lightgbm,tfidf,2,2
5025,lightgbm,structured,2,2
5025,lightgbm,tfidf,2,2
5035,lightgbm,structured,2,1
5035,lightgbm,tfidf,2,1
5049,lightgbm,structured,2,2
5049,lightgbm,tfidf,2,2
5056,lightgbm,structured,2,2
5056,lightgbm,tfidf,2,2
5057,lightgbm,structured,2,2
5057,lightgbm,tfidf,2,2
5058,lightgbm,structured,1,2
5058,lightgbm,tfidf,1,1
5062,lightgbm,structured,2,2
5062,lightgbm,tfidf,2,2
5069,lightgbm,structured,2,2
5069,lightgbm,tfidf,2,2
5079,lightgbm,structured,3,1
5079,lightgbm,tfidf,3,2
5081,lightgbm,structured,2,2
5081,lightgbm,tfidf,2,2
5083,lightgbm,structured,3,2
5083,lightgbm,tfidf,3,2
5087,lightgbm,structured,0,0
5087,lightgbm,tfidf,0,2
5089,lightgbm,structured,2,2
5089,lightgbm,tfidf,2,2
5090,lightgbm,structured,2,2
5090,lightgbm,tfidf,2,2
5100,lightgbm,structured,2,2
5100,lightgbm,tfidf,2,2
5101,lightgbm,structured,2,3
5101,lightgbm,tfidf,2,2
5102,lightgbm,structured,2,2
5102,lightgbm,tfidf,2,2
5111,lightgbm,structured,1,0
5111,lightgbm,tfidf,1,0
5117,lightgbm,structured,2,2
5117,lightgbm,tfidf,2,2
5121,lightgbm,structured,2,2
5121,lightgbm,tfidf,2,2
5131,lightgbm,structured,3,0
5131,lightgbm,tfidf,3,3
5133,lightgbm,structured,2,3
5133,lightgbm,tfidf,2,2
5134,lightgbm,structured,2,2
5134,lightgbm,tfidf,2,2
5135,lightgbm,structured,2,2
5135,lightgbm,tfidf,2,2
5136,lightgbm,structured,2,2
5136,lightgbm,tfidf,2,2
5139,lightgbm,structured,3,2
5139,lightgbm,tfidf,3,2
5140,lightgbm,structured,0,2
5140,lightgbm,tfidf,0,2
5141,lightgbm,structured,2,2
5141,lightgbm,tfidf,2,2
5151,lightgbm,structured,3,0
5151,lightgbm,tfidf,3,2
5153,lightgbm,structured,2,3
5153,lightgbm,tfidf,2,2
5159,lightgbm,structured,2,2
5159,lightgbm,tfidf,2,2
5164,lightgbm,structured,2,0
5164,lightgbm,tfidf,2,2
5170,lightgbm,structured,2,2
5170,lightgbm,tfidf,2,2
5179,lightgbm,structured,1,0
5179,lightgbm,tfidf,1,2
5180,lightgbm,structured,0,0
5180,lightgbm,tfidf,0,1
5185,lightgbm,structured,0,0
5185,lightgbm,tfidf,0,0
5191,lightgbm,structured,0,2
5191,lightgbm,tfidf,0,2
5198,lightgbm,structured,2,3
5198,lightgbm,tfidf,2,2
5209,lightgbm,structured,2,2
5209,lightgbm,tfidf,2,2
5220,lightgbm,structured,2,2
5220,lightgbm,tfidf,2,2
5222,lightgbm,structured,1,2
5222,lightgbm,tfidf,1,2
5229,lightgbm,structured,2,2
5229,lightgbm,tfidf,2,2
5234,lightgbm,structured,2,2
5234,lightgbm,tfidf,2,2
5239,lightgbm,structured,2,2
5239,lightgbm,tfidf,2,2
5242,lightgbm,structured,2,2
5242,lightgbm,tfidf,2,2
5245,lightgbm,structured,1,0
5245,lightgbm,tfidf,1,2
5254,lightgbm,structured,2,2
5254,lightgbm,tfidf,2,2
5257,lightgbm,structured,2,2
5257,lightgbm,tfidf,2,2
5274,lightgbm,structured,0,0
5274,lightgbm,tfidf,0,2
5284,lightgbm,structured,2,2
5284,lightgbm,tfidf,2,2
5299,lightgbm,structured,3,2
5299,lightgbm,tfidf,3,2
5304,lightgbm,structured,2,2
5304,lightgbm,tfidf,2,2
5307,lightgbm,structured,1,2
5307,lightgbm,tfidf,1,2
5322,lightgbm,structured,2,3
5322,lightgbm,tfidf,2,2
5336,lightgbm,structured,3,2
5336,lightgbm,tfidf,3,2
5341,lightgbm,structured,2,1
5341,lightgbm,tfidf,2,2
5355,lightgbm,structured,2,2
5355,lightgbm,tfidf,2,2
5373,lightgbm,structured,2,2
5373,lightgbm,tfidf,2,2
5389,lightgbm,structured,2,2
5389,lightgbm,tfidf,2,2
5395,lightgbm,structured,2,2
5395,lightgbm,tfidf,2,2
5398,lightgbm,structured,2,2
5398,lightgbm,tfidf,2,2
5399,lightgbm,structured,3,1
5399,lightgbm,tfidf,3,2
5404,lightgbm,structured,0,0
5404,lightgbm,tfidf,0,2
5407,lightgbm,structured,2,2
5407,lightgbm,tfidf,2,2
5414,lightgbm,structured,0,2
5414,lightgbm,tfidf,0,2
5417,lightgbm,structured,2,2
5417,lightgbm,tfidf,2,2
5428,lightgbm,structured,2,2
5428,lightgbm,tfidf,2,2
5431,lightgbm,structured,2,2
5431,lightgbm,tfidf,2,2
5433,lightgbm,structured,1,2
5433,lightgbm,tfidf,1,2
5448,lightgbm,structured,2,3
5448,lightgbm,tfidf,2,2
5449,lightgbm,structured,2,1
5449,lightgbm,tfidf,2,2
5454,lightgbm,structured,0,0
5454,lightgbm,tfidf,0,2
5457,lightgbm,structured,2,2
5457,lightgbm,tfidf,2,2
5459,lightgbm,structured,0,2
5459,lightgbm,tfidf,0,2
5487,lightgbm,structured,2,2
5487,lightgbm,tfidf,2,2
5491,lightgbm,structured,0,2
5491,lightgbm,tfidf,0,2
5498,lightgbm,structured,2,2
5498,lightgbm,tfidf,2,2
5507,lightgbm,structured,2,2
5507,lightgbm,tfidf,2,2
5509,lightgbm,structured,2,2
5509,lightgbm,tfidf,2,0
5516,lightgbm,structured,2,2
5516,lightgbm,tfidf,2,2
5519,lightgbm,structured,2,1
5519,lightgbm,tfidf,2,2
5531,lightgbm,structured,3,2
5531,lightgbm,tfidf,3,2
5532,lightgbm,structured,2,2
5532,lightgbm,tfidf,2,2
5538,lightgbm,structured,2,0
5538,lightgbm,tfidf,2,2
5541,lightgbm,structured,1,1
5541,lightgbm,tfidf,1,2
5547,lightgbm,structured,2,3
5547,lightgbm,tfidf,2,2
5555,lightgbm,structured,2,2
5555,lightgbm,tfidf,2,2
5562,lightgbm,structured,2,3
5562,lightgbm,tfidf,2,2
5568,lightgbm,structured,0,0
5568,lightgbm,tfidf,0,2
5572,lightgbm,structured,0,0
5572,lightgbm,tfidf,0,2
5584,lightgbm,structured,0,2
5584,lightgbm,tfidf,0,0
5603,lightgbm,structured,2,2
5603,lightgbm,tfidf,2,2
5608,lightgbm,structured,2,2
5608,lightgbm,tfidf,2,2
5609,lightgbm,structured,2,2
5609,lightgbm,tfidf,2,2
5618,lightgbm,structured,0,2
5618,lightgbm,tfidf,0,2
5619,lightgbm,structured,2,2
5619,lightgbm,tfidf,2,2
5621,lightgbm,structured,0,2
5621,lightgbm,tfidf,0,2
5634,lightgbm,structured,0,2
5634,lightgbm,tfidf,0,2
5637,lightgbm,structured,2,2
5637,lightgbm,tfidf,2,2
5652,lightgbm,structured,2,3
5652,lightgbm,tfidf,2,2
5655,lightgbm,structured,2,2
5655,lightgbm,tfidf,2,2
5664,lightgbm,structured,0,2
5664,lightgbm,tfidf,0,2
5668,lightgbm,structured,1,0
5668,lightgbm,tfidf,1,2
5672,lightgbm,structured,2,2
5672,lightgbm,tfidf,2,2
5674,lightgbm,structured,2,2
5674,lightgbm,tfidf,2,2
5682,lightgbm,structured,2,2
5682,lightgbm,tfidf,2,2
5684,lightgbm,structured,0,2
5684,lightgbm,tfidf,0,0
5688,lightgbm,structured,2,1
5688,lightgbm,tfidf,2,2
5692,lightgbm,structured,0,2
5692,lightgbm,tfidf,0,2
5697,lightgbm,structured,1,0
5697,lightgbm,tfidf,1,2
5703,lightgbm,structured,2,0
5703,lightgbm,tfidf,2,2
5704,lightgbm,structured,1,2
5704,lightgbm,tfidf,1,0
5707,lightgbm,structured,3,2
5707,lightgbm,tfidf,3,2
5709,lightgbm,structured,2,2
5709,lightgbm,tfidf,2,2
5712,lightgbm,structured,2,2
5712,lightgbm,tfidf,2,2
5715,lightgbm,structured,1,1
5715,lightgbm,tfidf,1,1
5717,lightgbm,structured,2,2
5717,lightgbm,tfidf,2,2
5746,lightgbm,structured,2,0
5746,lightgbm,tfidf,2,2
5754,lightgbm,structured,2,0
5754,lightgbm,tfidf,2,2
5756,lightgbm,structured,2,0
5756,lightgbm,tfidf,2,2
5767,lightgbm,structured,3,2
5767,lightgbm,tfidf,3,2
5770,lightgbm,structured,2,3
5770,lightgbm,tfidf,2,2
5777,lightgbm,structured,2,3
5777,lightgbm,tfidf,2,2
5785,lightgbm,structured,2,2
5785,lightgbm,tfidf,2,2
5786,lightgbm,structured,0,2
5786,lightgbm,tfidf,0,2
5788,lightgbm,structured,2,2
5788,lightgbm,tfidf,2,2
5792,lightgbm,structured,2,3
5792,lightgbm,tfidf,2,2
5803,lightgbm,structured,2,0
5803,lightgbm,tfidf,2,1
5812,lightgbm,structured,2,2
5812,lightgbm,tfidf,2,2
5834,lightgbm,structured,2,2
5834,lightgbm,tfidf,2,2
5835,lightgbm,structured,2,2
5835,lightgbm,tfidf,2,2
5846,lightgbm,structured,2,2
5846,lightgbm,tfidf,2,2
5847,lightgbm,structured,3,2
5847,lightgbm,tfidf,3,2
5848,lightgbm,structured,3,2
5848,lightgbm,tfidf,3,2
5853,lightgbm,structured,2,2
5853,lightgbm,tfidf,2,2
5857,lightgbm,structured,2,2
5857,lightgbm,tfidf,2,2
5866,lightgbm,structured,1,2
5866,lightgbm,tfidf,1,1
5868,lightgbm,structured,2,0
5868,lightgbm,tfidf,2,2
5876,lightgbm,structured,0,0
5876,lightgbm,tfidf,0,0
5877,lightgbm,structured,2,2
5877,lightgbm,tfidf,2,2
5878,lightgbm,structured,2,2
5878,lightgbm,tfidf,2,2
5879,lightgbm,structured,2,2
5879,lightgbm,tfidf,2,2
5891,lightgbm,structured,2,2
5891,lightgbm,tfidf,2,1
5898,lightgbm,structured,2,2
5898,lightgbm,tfidf,2,2
5910,lightgbm,structured,3,2
5910,lightgbm,tfidf,3,2
5911,lightgbm,structured,2,2
5911,lightgbm,tfidf,2,2
5913,lightgbm,structured,2,2
5913,lightgbm,tfidf,2,2
5918,lightgbm,structured,2,2
5918,lightgbm,tfidf,2,1
5920,lightgbm,structured,2,2
5920,lightgbm,tfidf,2,2
5929,lightgbm,structured,2,2
5929,lightgbm,tfidf,2,2
5931,lightgbm,structured,2,2
5931,lightgbm,tfidf,2,2
5934,lightgbm,structured,0,0
5934,lightgbm,tfidf,0,0
5935,lightgbm,structured,2,2
5935,lightgbm,tfidf,2,2
5936,lightgbm,structured,0,0
5936,lightgbm,tfidf,0,0
5938,lightgbm,structured,2,3
5938,lightgbm,tfidf,2,3
5947,lightgbm,structured,2,2
5947,lightgbm,tfidf,2,2
5949,lightgbm,structured,3,2
5949,lightgbm,tfidf,3,2
5956,lightgbm,structured,2,2
5956,lightgbm,tfidf,2,2
5958,lightgbm,structured,2,2
5958,lightgbm,tfidf,2,2
5964,lightgbm,structured,1,0
5964,lightgbm,tfidf,1,2
5970,lightgbm,structured,3,3
5970,lightgbm,tfidf,3,2
5973,lightgbm,structured,2,0
5973,lightgbm,tfidf,2,2
5979,lightgbm,structured,2,2
5979,lightgbm,tfidf,2,2
5980,lightgbm,structured,3,2
5980,lightgbm,tfidf,3,2
5991,lightgbm,structured,1,2
5991,lightgbm,tfidf,1,2
5993,lightgbm,structured,3,2
5993,lightgbm,tfidf,3,2
5997,lightgbm,structured,2,2
5997,lightgbm,tfidf,2,2
4674,svm,structured,2,2
4674,svm,tfidf,2,2
4712,svm,structured,2,3
4712,svm,tfidf,2,3
4844,svm,structured,2,0
4844,svm,tfidf,2,2
5084,svm,structured,0,3
5084,svm,tfidf,0,2
5105,svm,structured,0,3
5105,svm,tfidf,0,0
5362,svm,structured,3,0
5362,svm,tfidf,3,0
5372,svm,structured,2,3
5372,svm,tfidf,2,2
5442,svm,structured,2,1
5442,svm,tfidf,2,1
5713,svm,structured,2,3
5713,svm,tfidf,2,2
5749,svm,structured,3,0
5749,svm,tfidf,3,2
5753,svm,structured,2,1
5753,svm,tfidf,2,1
5783,svm,structured,1,1
5783,svm,tfidf,1,0
5787,svm,structured,2,0
5787,svm,tfidf,2,0
5994,svm,structured,3,1
5994,svm,tfidf,3,2
4686,svm,structured,2,0
4686,svm,tfidf,2,2
5116,svm,structured,2,2
5116,svm,tfidf,2,2
5208,svm,structured,3,3
5208,svm,tfidf,3,3
5539,svm,structured,0,1
5539,svm,tfidf,0,1
4723,svm,structured,2,3
4723,svm,tfidf,2,3
5091,svm,structured,2,3
5091,svm,tfidf,2,2
5115,svm,structured,0,0
5115,svm,tfidf,0,1
5267,svm,structured,2,3
5267,svm,tfidf,2,2
5378,svm,structured,3,2
5378,svm,tfidf,3,2
5579,svm,structured,2,2
5579,svm,tfidf,2,2
4511,svm,structured,2,3
4511,svm,tfidf,2,2
5382,svm,structured,3,0
5382,svm,tfidf,3,2
5505,svm,structured,2,0
5505,svm,tfidf,2,2
5842,svm,structured,0,0
5842,svm,tfidf,0,0
5248,svm,structured,0,0
5248,svm,tfidf,0,0
5443,svm,structured,3,2
5443,svm,tfidf,3,2
5727,svm,structured,2,3
5727,svm,tfidf,2,3
4513,svm,structured,1,0
4513,svm,tfidf,1,0
4517,svm,structured,2,3
4517,svm,tfidf,2,2
4529,svm,structured,2,3
4529,svm,tfidf,2,2
4538,svm,structured,3,3
4538,svm,tfidf,3,2
4539,svm,structured,2,2
4539,svm,tfidf,2,2
4546,svm,structured,2,0
4546,svm,tfidf,2,2
4559,svm,structured,3,0
4559,svm,tfidf,3,3
4560,svm,structured,0,0
4560,svm,tfidf,0,0
4561,svm,structured,2,3
4561,svm,tfidf,2,3
4565,svm,structured,2,3
4565,svm,tfidf,2,3
4596,svm,structured,1,1
4596,svm,tfidf,1,2
4597,svm,structured,2,0
4597,svm,tfidf,2,2
4598,svm,structured,2,0
4598,svm,tfidf,2,0
4604,svm,structured,2,2
4604,svm,tfidf,2,2
4613,svm,structured,0,1
4613,svm,tfidf,0,1
4614,svm,structured,2,1
4614,svm,tfidf,2,0
4630,svm,structured,2,3
4630,svm,tfidf,2,3
4639,svm,structured,2,3
4639,svm,tfidf,2,2
4640,svm,structured,3,3
4640,svm,tfidf,3,3
4645,svm,structured,2,2
4645,svm,tfidf,2,2
4646,svm,structured,0,0
4646,svm,tfidf,0,0
4649,svm,structured,2,3
4649,svm,tfidf,2,3
4653,svm,structured,2,0
4653,svm,tfidf,2,2
4655,svm,structured,2,0
4655,svm,tfidf,2,0
4657,svm,structured,3,0
4657,svm,tfidf,3,2
4667,svm,structured,1,0
4667,svm,tfidf,1,0
4684,svm,structured,2,3
4684,svm,tfidf,2,1
4689,svm,structured,2,0
4689,svm,tfidf,2,2
4696,svm,structured,0,3
4696,svm,tfidf,0,2
4697,svm,structured,2,3
4697,svm,tfidf,2,2
4702,svm,structured,2,2
4702,svm,tfidf,2,2
4706,svm,structured,3,3
4706,svm,tfidf,3,3
4708,svm,structured,2,0
4708,svm,tfidf,2,2
4710,svm,structured,0,0
4710,svm,tfidf,0,2
4711,svm,structured,2,2
4711,svm,tfidf,2,2
4714,svm,structured,2,3
4714,svm,tfidf,2,2
4722,svm,structured,0,2
4722,svm,tfidf,0,0
4727,svm,structured,2,2
4727,svm,tfidf,2,2
4730,svm,structured,3,3
4730,svm,tfidf,3,3
4731,svm,structured,3,2
4731,svm,tfidf,3,2
4732,svm,structured,2,1
4732,svm,tfidf,2,1
4748,svm,structured,3,2
4748,svm,tfidf,3,2
4755,svm,structured,2,1
4755,svm,tfidf,2,1
4761,svm,structured,1,2
4761,svm,tfidf,1,2
4782,svm,structured,2,0
4782,svm,tfidf,2,2
4784,svm,structured,0,2
4784,svm,tfidf,0,2
4788,svm,structured,2,1
4788,svm,tfidf,2,1
4798,svm,structured,2,1
4798,svm,tfidf,2,1
4800,svm,structured,2,0
4800,svm,tfidf,2,2
4809,svm,structured,2,2
4809,svm,tfidf,2,1
4819,svm,structured,2,0
4819,svm,tfidf,2,2
4821,svm,structured,2,3
4821,svm,tfidf,2,2
4823,svm,structured,1,0
4823,svm,tfidf,1,0
4826,svm,structured,2,0
4826,svm,tfidf,2,2
4828,svm,structured,2,0
4828,svm,tfidf,2,2
4835,svm,structured,2,0
4835,svm,tfidf,2,2
4839,svm,structured,2,0
4839,svm,tfidf,2,0
4847,svm,structured,2,0
4847,svm,tfidf,2,2
4850,svm,structured,2,0
4850,svm,tfidf,2,2
4853,svm,structured,2,0
4853,svm,tfidf,2,2
4862,svm,structured,0,3
4862,svm,tfidf,0,3
4870,svm,structured,2,0
4870,svm,tfidf,2,2
4874,svm,structured,1,2
4874,svm,tfidf,1,2
4876,svm,structured,2,0
4876,svm,tfidf,2,2
4877,svm,structured,2,3
4877,svm,tfidf,2,2
4884,svm,structured,3,2
4884,svm,tfidf,3,0
4890,svm,structured,0,0
4890,svm,tfidf,0,0
4893,svm,structured,2,0
4893,svm,tfidf,2,2
4900,svm,structured,1,0
4900,svm,tfidf,1,0
4903,svm,structured,2,3
4903,svm,tfidf,2,3
4905,svm,structured,0,2
4905,svm,tfidf,0,0
4906,svm,structured,2,3
4906,svm,tfidf,2,2
4931,svm,structured,0,1
4931,svm,tfidf,0,1
4933,svm,structured,1,1
4933,svm,tfidf,1,1
4950,svm,structured,2,2
4950,svm,tfidf,2,2
4965,svm,structured,2,3
4965,svm,tfidf,2,1
4967,svm,structured,0,1
4967,svm,tfidf,0,0
4975,svm,structured,2,0
4975,svm,tfidf,2,2
4981,svm,structured,0,0
4981,svm,tfidf,0,2
4982,svm,structured,2,3
4982,svm,tfidf,2,2
4992,svm,structured,2,2
4992,svm,tfidf,2,2
4993,svm,structured,0,0
4993,svm,tfidf,0,0
4997,svm,structured,3,3
4997,svm,tfidf,3,2
5000,svm,structured,2,0
5000,svm,tfidf,2,2
5003,svm,structured,2,0
5003,svm,tfidf,2,3
5017,svm,structured,2,0
5017,svm,tfidf,2,2
5023,svm,structured,0,0
5023,svm,tfidf,0,0
5027,svm,structured,2,1
5027,svm,tfidf,2,1
5030,svm,structured,2,0
5030,svm,tfidf,2,2
5038,svm,structured,2,3
5038,svm,tfidf,2,2
5041,svm,structured,2,3
5041,svm,tfidf,2,2
5042,svm,structured,2,0
5042,svm,tfidf,2,2
5044,svm,structured,2,1
5044,svm,tfidf,2,0
5046,svm,structured,0,2
5046,svm,tfidf,0,0
5053,svm,structured,2,3
5053,svm,tfidf,2,0
5055,svm,structured,2,3
5055,svm,tfidf,2,2
5077,svm,structured,2,0
5077,svm,tfidf,2,2
5078,svm,structured,2,0
5078,svm,tfidf,2,2
5082,svm,structured,2,0
5082,svm,tfidf,2,2
5088,svm,structured,2,2
5088,svm,tfidf,2,2
5092,svm,structured,2,3
5092,svm,tfidf,2,2
5098,svm,structured,2,3
5098,svm,tfidf,2,2
5099,svm,structured,2,0
5099,svm,tfidf,2,2
5114,svm,structured,0,0
5114,svm,tfidf,0,0
5123,svm,structured,2,0
5123,svm,tfidf,2,2
5124,svm,structured,3,3
5124,svm,tfidf,3,3
5144,svm,structured,1,1
5144,svm,tfidf,1,0
5150,svm,structured,2,0
5150,svm,tfidf,2,2
5154,svm,structured,2,0
5154,svm,tfidf,2,2
5166,svm,structured,2,2
5166,svm,tfidf,2,2
5167,svm,structured,0,0
5167,svm,tfidf,0,0
5168,svm,structured,0,0
5168,svm,tfidf,0,0
5173,svm,structured,2,3
5173,svm,tfidf,2,1
5174,svm,structured,2,3
5174,svm,tfidf,2,2
5184,svm,structured,3,3
5184,svm,tfidf,3,2
5187,svm,structured,0,0
5187,svm,tfidf,0,0
5189,svm,structured,2,2
5189,svm,tfidf,2,2
5202,svm,structured,2,3
5202,svm,tfidf,2,2
5212,svm,structured,0,0
5212,svm,tfidf,0,0
5224,svm,structured,2,0
5224,svm,tfidf,2,2
5231,svm,structured,1,1
5231,svm,tfidf,1,1
5233,svm,structured,2,3
5233,svm,tfidf,2,2
5243,svm,structured,3,3
5243,svm,tfidf,3,1
5258,svm,structured,2,3
5258,svm,tfidf,2,1
5263,svm,structured,1,1
5263,svm,tfidf,1,1
5264,svm,structured,1,1
5264,svm,tfidf,1,0
5270,svm,structured,3,3
5270,svm,tfidf,3,1
5271,svm,structured,3,3
5271,svm,tfidf,3,2
5278,svm,structured,2,3
5278,svm,tfidf,2,3
5279,svm,structured,2,3
5279,svm,tfidf,2,0
5280,svm,structured,3,2
5280,svm,tfidf,3,3
5285,svm,structured,2,0
5285,svm,tfidf,2,2
5289,svm,structured,2,2
5289,svm,tfidf,2,2
5297,svm,structured,2,3
5297,svm,tfidf,2,3
5308,svm,structured,2,2
5308,svm,tfidf,2,0
5316,svm,structured,2,1
5316,svm,tfidf,2,0
5320,svm,structured,0,0
5320,svm,tfidf,0,0
5323,svm,structured,0,0
5323,svm,tfidf,0,2
5330,svm,structured,2,2
5330,svm,tfidf,2,2
5331,svm,structured,2,3
5331,svm,tfidf,2,0
5342,svm,structured,2,1
5342,svm,tfidf,2,1
5347,svm,structured,2,0
5347,svm,tfidf,2,2
5351,svm,structured,2,3
5351,svm,tfidf,2,3
5353,svm,structured,0,2
5353,svm,tfidf,0,2
5354,svm,structured,3,1
5354,svm,tfidf,3,1
5361,svm,structured,2,3
5361,svm,tfidf,2,3
5363,svm,structured,2,3
5363,svm,tfidf,2,2
5371,svm,structured,2,0
5371,svm,tfidf,2,2
5376,svm,structured,3,2
5376,svm,tfidf,3,2
5381,svm,structured,2,3
5381,svm,tfidf,2,2
5396,svm,structured,2,3
5396,svm,tfidf,2,2
5401,svm,structured,2,2
5401,svm,tfidf,2,0
5402,svm,structured,2,1
5402,svm,tfidf,2,2
5406,svm,structured,2,3
5406,svm,tfidf,2,2
5420,svm,structured,1,0
5420,svm,tfidf,1,1
5422,svm,structured,2,0
5422,svm,tfidf,2,0
5427,svm,structured,3,3
5427,svm,tfidf,3,3
5435,svm,structured,2,2
5435,svm,tfidf,2,2
5436,svm,structured,1,1
5436,svm,tfidf,1,1
5438,svm,structured,2,3
5438,svm,tfidf,2,2
5440,svm,structured,2,0
5440,svm,tfidf,2,2
5456,svm,structured,3,2
5456,svm,tfidf,3,1
5460,svm,structured,2,3
5460,svm,tfidf,2,2
5462,svm,structured,2,0
5462,svm,tfidf,2,2
5471,svm,structured,0,1
5471,svm,tfidf,0,2
5474,svm,structured,1,1
5474,svm,tfidf,1,1
5475,svm,structured,1,2
5475,svm,tfidf,1,2
5477,svm,structured,1,1
5477,svm,tfidf,1,1
5478,svm,structured,2,3
5478,svm,tfidf,2,1
5490,svm,structured,2,1
5490,svm,tfidf,2,1
5497,svm,structured,2,1
5497,svm,tfidf,2,0
5501,svm,structured,2,2
5501,svm,tfidf,2,2
5502,svm,structured,2,0
5502,svm,tfidf,2,0
5504,svm,structured,2,2
5504,svm,tfidf,2,2
5512,svm,structured,2,0
5512,svm,tfidf,2,2
5514,svm,structured,2,3
5514,svm,tfidf,2,3
5520,svm,structured,2,2
5520,svm,tfidf,2,0
5525,svm,structured,0,0
5525,svm,tfidf,0,2
5528,svm,structured,2,0
5528,svm,tfidf,2,2
5529,svm,structured,2,2
5529,svm,tfidf,2,3
5563,svm,structured,2,1
5563,svm,tfidf,2,1
5564,svm,structured,2,1
5564,svm,tfidf,2,0
5569,svm,structured,2,3
5569,svm,tfidf,2,2
5574,svm,structured,0,1
5574,svm,tfidf,0,1
5575,svm,structured,2,2
5575,svm,tfidf,2,2
5578,svm,structured,2,1
5578,svm,tfidf,2,1
5581,svm,structured,2,1
5581,svm,tfidf,2,1
5583,svm,structured,2,2
5583,svm,tfidf,2,2
5585,svm,structured,3,3
5585,svm,tfidf,3,3
5590,svm,structured,2,0
5590,svm,tfidf,2,2
5592,svm,structured,2,2
5592,svm,tfidf,2,2
5595,svm,structured,2,2
5595,svm,tfidf,2,2
5597,svm,structured,2,2
5597,svm,tfidf,2,2
5600,svm,structured,1,1
5600,svm,tfidf,1,1
5615,svm,structured,2,3
5615,svm,tfidf,2,3
5620,svm,structured,2,2
5620,svm,tfidf,2,2
5624,svm,structured,1,1
5624,svm,tfidf,1,0
5631,svm,structured,2,2
5631,svm,tfidf,2,2
5632,svm,structured,2,3
5632,svm,tfidf,2,3
5636,svm,structured,2,1
5636,svm,tfidf,2,0
5640,svm,structured,2,0
5640,svm,tfidf,2,2
5643,svm,structured,2,3
5643,svm,tfidf,2,2
5644,svm,structured,2,1
5644,svm,tfidf,2,0
5645,svm,structured,2,3
5645,svm,tfidf,2,2
5657,svm,structured,2,0
5657,svm,tfidf,2,2
5660,svm,structured,2,2
5660,svm,tfidf,2,2
5665,svm,structured,2,3
5665,svm,tfidf,2,2
5670,svm,structured,2,3
5670,svm,tfidf,2,3
5675,svm,structured,0,0
5675,svm,tfidf,0,2
5676,svm,structured,2,2
5676,svm,tfidf,2,2
5679,svm,structured,2,3
5679,svm,tfidf,2,2
5693,svm,structured,2,2
5693,svm,tfidf,2,3
5694,svm,structured,0,1
5694,svm,tfidf,0,1
5701,svm,structured,2,3
5701,svm,tfidf,2,2
5706,svm,structured,2,3
5706,svm,tfidf,2,2
5710,svm,structured,2,0
5710,svm,tfidf,2,2
5714,svm,structured,0,1
5714,svm,tfidf,0,0
5722,svm,structured,2,2
5722,svm,tfidf,2,2
5726,svm,structured,2,0
5726,svm,tfidf,2,0
5733,svm,structured,2,3
5733,svm,tfidf,2,2
5734,svm,structured,0,2
5734,svm,tfidf,0,2
5737,svm,structured,2,0
5737,svm,tfidf,2,2
5742,svm,structured,2,3
5742,svm,tfidf,2,2
5743,svm,structured,2,0
5743,svm,tfidf,2,2
5747,svm,structured,2,0
5747,svm,tfidf,2,2
5748,svm,structured,2,2
5748,svm,tfidf,2,2
5751,svm,structured,2,3
5751,svm,tfidf,2,3
5752,svm,structured,2,3
5752,svm,tfidf,2,2
5757,svm,structured,3,3
5757,svm,tfidf,3,2
5761,svm,structured,2,0
5761,svm,tfidf,2,2
5771,svm,structured,2,2
5771,svm,tfidf,2,2
5773,svm,structured,1,1
5773,svm,tfidf,1,1
5779,svm,structured,2,3
5779,svm,tfidf,2,2
5781,svm,structured,0,1
5781,svm,tfidf,0,1
5796,svm,structured,2,3
5796,svm,tfidf,2,2
5800,svm,structured,0,0
5800,svm,tfidf,0,2
5808,svm,structured,2,2
5808,svm,tfidf,2,2
5815,svm,structured,2,0
5815,svm,tfidf,2,2
5817,svm,structured,2,3
5817,svm,tfidf,2,2
5820,svm,structured,1,1
5820,svm,tfidf,1,1
5823,svm,structured,2,0
5823,svm,tfidf,2,2
5824,svm,structured,2,0
5824,svm,tfidf,2,2
5826,svm,structured,2,3
5826,svm,tfidf,2,2
5829,svm,structured,0,0
5829,svm,tfidf,0,2
5830,svm,structured,2,2
5830,svm,tfidf,2,2
5833,svm,structured,2,2
5833,svm,tfidf,2,2
5838,svm,structured,3,2
5838,svm,tfidf,3,3
5849,svm,structured,2,2
5849,svm,tfidf,2,2
5852,svm,structured,2,0
5852,svm,tfidf,2,2
5855,svm,structured,2,0
5855,svm,tfidf,2,2
5875,svm,structured,2,0
5875,svm,tfidf,2,2
5893,svm,structured,2,2
5893,svm,tfidf,2,2
5907,svm,structured,2,2
5907,svm,tfidf,2,2
5923,svm,structured,2,3
5923,svm,tfidf,2,3
5926,svm,structured,2,2
5926,svm,tfidf,2,2
5928,svm,structured,2,3
5928,svm,tfidf,2,2
5930,svm,structured,2,2
5930,svm,tfidf,2,2
5939,svm,structured,3,3
5939,svm,tfidf,3,2
5941,svm,structured,2,3
5941,svm,tfidf,2,2
5943,svm,structured,3,3
5943,svm,tfidf,3,2
5952,svm,structured,0,2
5952,svm,tfidf,0,2
5955,svm,structured,2,3
5955,svm,tfidf,2,2
5960,svm,structured,2,1
5960,svm,tfidf,2,1
5962,svm,structured,2,3
5962,svm,tfidf,2,2
5965,svm,structured,2,3
5965,svm,tfidf,2,3
5982,svm,structured,2,2
5982,svm,tfidf,2,2
5983,svm,structured,0,1
5983,svm,tfidf,0,0
5985,svm,structured,2,2
5985,svm,tfidf,2,2
5992,svm,structured,0,0
5992,svm,tfidf,0,0
4674,logreg,structured,2,3
4674,logreg,tfidf,2,2
4712,logreg,structured,2,3
4712,logreg,tfidf,2,3
4844,logreg,structured,2,0
4844,logreg,tfidf,2,2
5084,logreg,structured,0,2
5084,logreg,tfidf,0,2
5105,logreg,structured,0,1
5105,logreg,tfidf,0,0
5362,logreg,structured,3,0
5362,logreg,tfidf,3,0
5372,logreg,structured,2,3
5372,logreg,tfidf,2,3
5442,logreg,structured,2,1
5442,logreg,tfidf,2,1
5713,logreg,structured,2,3
5713,logreg,tfidf,2,2
5749,logreg,structured,3,0
5749,logreg,tfidf,3,2
5753,logreg,structured,2,1
5753,logreg,tfidf,2,1
5783,logreg,structured,1,1
5783,logreg,tfidf,1,1
5787,logreg,structured,2,1
5787,logreg,tfidf,2,0
5994,logreg,structured,3,1
5994,logreg,tfidf,3,0
4686,logreg,structured,2,0
4686,logreg,tfidf,2,2
5116,logreg,structured,2,2
5116,logreg,tfidf,2,2
5208,logreg,structured,3,3
5208,logreg,tfidf,3,3
5539,logreg,structured,0,1
5539,logreg,tfidf,0,1
4723,logreg,structured,2,3
4723,logreg,tfidf,2,3
5091,logreg,structured,2,3
5091,logreg,tfidf,2,2
5115,logreg,structured,0,1
5115,logreg,tfidf,0,1
5267,logreg,structured,2,3
5267,logreg,tfidf,2,2
5378,logreg,structured,3,2
5378,logreg,tfidf,3,2
5579,logreg,structured,2,0
5579,logreg,tfidf,2,2
4511,logreg,structured,2,3
4511,logreg,tfidf,2,2
5382,logreg,structured,3,1
5382,logreg,tfidf,3,2
5505,logreg,structured,2,0
5505,logreg,tfidf,2,2
5842,logreg,structured,0,1
5842,logreg,tfidf,0,0
5248,logreg,structured,0,0
5248,logreg,tfidf,0,0
5443,logreg,structured,3,2
5443,logreg,tfidf,3,2
5727,logreg,structured,2,3
5727,logreg,tfidf,2,3
4513,logreg,structured,1,1
4513,logreg,tfidf,1,1
4517,logreg,structured,2,3
4517,logreg,tfidf,2,2
4529,logreg,structured,2,3
4529,logreg,tfidf,2,2
4538,logreg,structured,3,2
4538,logreg,tfidf,3,2
4539,logreg,structured,2,2
4539,logreg,tfidf,2,2
4546,logreg,structured,2,0
4546,logreg,tfidf,2,0
4559,logreg,structured,3,0
4559,logreg,tfidf,3,3
4560,logreg,structured,0,0
4560,logreg,tfidf,0,0
4561,logreg,structured,2,2
4561,logreg,tfidf,2,3
4565,logreg,structured,2,3
4565,logreg,tfidf,2,3
4596,logreg,structured,1,0
4596,logreg,tfidf,1,3
4597,logreg,structured,2,0
4597,logreg,tfidf,2,3
4598,logreg,structured,2,1
4598,logreg,tfidf,2,0
4604,logreg,structured,2,2
4604,logreg,tfidf,2,2
4613,logreg,structured,0,1
4613,logreg,tfidf,0,1
4614,logreg,structured,2,1
4614,logreg,tfidf,2,1
4630,logreg,structured,2,3
4630,logreg,tfidf,2,3
4639,logreg,structured,2,2
4639,logreg,tfidf,2,2
4640,logreg,structured,3,3
4640,logreg,tfidf,3,3
4645,logreg,structured,2,2
4645,logreg,tfidf,2,2
4646,logreg,structured,0,1
4646,logreg,tfidf,0,0
4649,logreg,structured,2,2
4649,logreg,tfidf,2,3
4653,logreg,structured,2,0
4653,logreg,tfidf,2,2
4655,logreg,structured,2,1
4655,logreg,tfidf,2,0
4657,logreg,structured,3,3
4657,logreg,tfidf,3,2
4667,logreg,structured,1,1
4667,logreg,tfidf,1,1
4684,logreg,structured,2,3
4684,logreg,tfidf,2,1
4689,logreg,structured,2,0
4689,logreg,tfidf,2,2
4696,logreg,structured,0,3
4696,logreg,tfidf,0,2
4697,logreg,structured,2,3
4697,logreg,tfidf,2,3
4702,logreg,structured,2,2
4702,logreg,tfidf,2,2
4706,logreg,structured,3,3
4706,logreg,tfidf,3,3
4708,logreg,structured,2,3
4708,logreg,tfidf,2,0
4710,logreg,structured,0,0
4710,logreg,tfidf,0,2
4711,logreg,structured,2,2
4711,logreg,tfidf,2,2
4714,logreg,structured,2,3
4714,logreg,tfidf,2,2
4722,logreg,structured,0,2
4722,logreg,tfidf,0,0
4727,logreg,structured,2,2
4727,logreg,tfidf,2,2
4730,logreg,structured,3,3
4730,logreg,tfidf,3,3
4731,logreg,structured,3,2
4731,logreg,tfidf,3,2
4732,logreg,structured,2,1
4732,logreg,tfidf,2,1
4748,logreg,structured,3,2
4748,logreg,tfidf,3,2
4755,logreg,structured,2,1
4755,logreg,tfidf,2,1
4761,logreg,structured,1,2
4761,logreg,tfidf,1,3
4782,logreg,structured,2,0
4782,logreg,tfidf,2,2
4784,logreg,structured,0,3
4784,logreg,tfidf,0,2
4788,logreg,structured,2,1
4788,logreg,tfidf,2,1
4798,logreg,structured,2,1
4798,logreg,tfidf,2,1
4800,logreg,structured,2,2
4800,logreg,tfidf,2,2
4809,logreg,structured,2,1
4809,logreg,tfidf,2,1
4819,logreg,structured,2,0
4819,logreg,tfidf,2,2
4821,logreg,structured,2,2
4821,logreg,tfidf,2,2
4823,logreg,structured,1,0
4823,logreg,tfidf,1,0
4826,logreg,structured,2,2
4826,logreg,tfidf,2,0
4828,logreg,structured,2,0
4828,logreg,tfidf,2,2
4835,logreg,structured,2,0
4835,logreg,tfidf,2,2
4839,logreg,structured,2,2
4839,logreg,tfidf,2,0
4847,logreg,structured,2,0
4847,logreg,tfidf,2,2
4850,logreg,structured,2,0
4850,logreg,tfidf,2,2
4853,logreg,structured,2,0
4853,logreg,tfidf,2,2
4862,logreg,structured,0,3
4862,logreg,tfidf,0,3
4870,logreg,structured,2,0
4870,logreg,tfidf,2,3
4874,logreg,structured,1,3
4874,logreg,tfidf,1,2
4876,logreg,structured,2,0
4876,logreg,tfidf,2,0
4877,logreg,structured,2,3
4877,logreg,tfidf,2,3
4884,logreg,structured,3,2
4884,logreg,tfidf,3,0
4890,logreg,structured,0,0
4890,logreg,tfidf,0,0
4893,logreg,structured,2,0
4893,logreg,tfidf,2,2
4900,logreg,structured,1,1
4900,logreg,tfidf,1,0
4903,logreg,structured,2,3
4903,logreg,tfidf,2,3
4905,logreg,structured,0,1
4905,logreg,tfidf,0,0
4906,logreg,structured,2,3
4906,logreg,tfidf,2,2
4931,logreg,structured,0,1
4931,logreg,tfidf,0,1
4933,logreg,structured,1,1
4933,logreg,tfidf,1,1
4950,logreg,structured,2,0
4950,logreg,tfidf,2,2
4965,logreg,structured,2,3
4965,logreg,tfidf,2,1
4967,logreg,structured,0,0
4967,logreg,tfidf,0,1
4975,logreg,structured,2,0
4975,logreg,tfidf,2,2
4981,logreg,structured,0,3
4981,logreg,tfidf,0,0
4982,logreg,structured,2,3
4982,logreg,tfidf,2,2
4992,logreg,structured,2,2
4992,logreg,tfidf,2,3
4993,logreg,structured,0,0
4993,logreg,tfidf,0,0
4997,logreg,structured,3,3
4997,logreg,tfidf,3,3
5000,logreg,structured,2,2
5000,logreg,tfidf,2,2
5003,logreg,structured,2,0
5003,logreg,tfidf,2,3
5017,logreg,structured,2,0
5017,logreg,tfidf,2,2
5023,logreg,structured,0,0
5023,logreg,tfidf,0,0
5027,logreg,structured,2,1
5027,logreg,tfidf,2,1
5030,logreg,structured,2,0
5030,logreg,tfidf,2,2
5038,logreg,structured,2,3
5038,logreg,tfidf,2,2
5041,logreg,structured,2,3
5041,logreg,tfidf,2,2
5042,logreg,structured,2,0
5042,logreg,tfidf,2,2
5044,logreg,structured,2,1
5044,logreg,tfidf,2,1
5046,logreg,structured,0,2
5046,logreg,tfidf,0,0
5053,logreg,structured,2,3
5053,logreg,tfidf,2,1
5055,logreg,structured,2,3
5055,logreg,tfidf,2,2
5077,logreg,structured,2,2
5077,logreg,tfidf,2,2
5078,logreg,structured,2,2
5078,logreg,tfidf,2,0
5082,logreg,structured,2,2
5082,logreg,tfidf,2,2
5088,logreg,structured,2,3
5088,logreg,tfidf,2,3
5092,logreg,structured,2,3
5092,logreg,tfidf,2,3
5098,logreg,structured,2,3
5098,logreg,tfidf,2,2
5099,logreg,structured,2,0
5099,logreg,tfidf,2,0
5114,logreg,structured,0,1
5114,logreg,tfidf,0,0
5123,logreg,structured,2,0
5123,logreg,tfidf,2,3
5124,logreg,structured,3,3
5124,logreg,tfidf,3,3
5144,logreg,structured,1,1
5144,logreg,tfidf,1,0
5150,logreg,structured,2,3
5150,logreg,tfidf,2,2
5154,logreg,structured,2,0
5154,logreg,tfidf,2,2
5166,logreg,structured,2,0
5166,logreg,tfidf,2,2
5167,logreg,structured,0,1
5167,logreg,tfidf,0,0
5168,logreg,structured,0,0
5168,logreg,tfidf,0,0
5173,logreg,structured,2,1
5173,logreg,tfidf,2,1
5174,logreg,structured,2,3
5174,logreg,tfidf,2,2
5184,logreg,structured,3,2
5184,logreg,tfidf,3,2
5187,logreg,structured,0,1
5187,logreg,tfidf,0,0
5189,logreg,structured,2,2
5189,logreg,tfidf,2,2
5202,logreg,structured,2,3
5202,logreg,tfidf,2,2
5212,logreg,structured,0,1
5212,logreg,tfidf,0,0
5224,logreg,structured,2,0
5224,logreg,tfidf,2,2
5231,logreg,structured,1,1
5231,logreg,tfidf,1,1
5233,logreg,structured,2,3
5233,logreg,tfidf,2,2
5243,logreg,structured,3,1
5243,logreg,tfidf,3,1
5258,logreg,structured,2,1
5258,logreg,tfidf,2,1
5263,logreg,structured,1,1
5263,logreg,tfidf,1,1
5264,logreg,structured,1,1
5264,logreg,tfidf,1,1
5270,logreg,structured,3,1
5270,logreg,tfidf,3,1
5271,logreg,structured,3,2
5271,logreg,tfidf,3,2
5278,logreg,structured,2,3
5278,logreg,tfidf,2,3
5279,logreg,structured,2,3
5279,logreg,tfidf,2,3
5280,logreg,structured,3,3
5280,logreg,tfidf,3,3
5285,logreg,structured,2,2
5285,logreg,tfidf,2,2
5289,logreg,structured,2,0
5289,logreg,tfidf,2,2
5297,logreg,structured,2,3
5297,logreg,tfidf,2,3
5308,logreg,structured,2,2
5308,logreg,tfidf,2,0
5316,logreg,structured,2,1
5316,logreg,tfidf,2,0
5320,logreg,structured,0,0
5320,logreg,tfidf,0,0
5323,logreg,structured,0,0
5323,logreg,tfidf,0,0
5330,logreg,structured,2,0
5330,logreg,tfidf,2,2
5331,logreg,structured,2,3
5331,logreg,tfidf,2,0
5342,logreg,structured,2,1
5342,logreg,tfidf,2,1
5347,logreg,structured,2,2
5347,logreg,tfidf,2,2
5351,logreg,structured,2,3
5351,logreg,tfidf,2,3
5353,logreg,structured,0,2
5353,logreg,tfidf,0,2
5354,logreg,structured,3,1
5354,logreg,tfidf,3,1
5361,logreg,structured,2,3
5361,logreg,tfidf,2,3
5363,logreg,structured,2,3
5363,logreg,tfidf,2,2
5371,logreg,structured,2,0
5371,logreg,tfidf,2,2
5376,logreg,structured,3,2
5376,logreg,tfidf,3,2
5381,logreg,structured,2,3
5381,logreg,tfidf,2,2
5396,logreg,structured,2,3
5396,logreg,tfidf,2,2
5401,logreg,structured,2,0
5401,logreg,tfidf,2,3
5402,logreg,structured,2,1
5402,logreg,tfidf,2,2
5406,logreg,structured,2,3
5406,logreg,tfidf,2,2
5420,logreg,structured,1,1
5420,logreg,tfidf,1,1
5422,logreg,structured,2,0
5422,logreg,tfidf,2,0
5427,logreg,structured,3,3
5427,logreg,tfidf,3,3
5435,logreg,structured,2,2
5435,logreg,tfidf,2,2
5436,logreg,structured,1,1
5436,logreg,tfidf,1,1
5438,logreg,structured,2,3
5438,logreg,tfidf,2,2
5440,logreg,structured,2,0
5440,logreg,tfidf,2,0
5456,logreg,structured,3,1
5456,logreg,tfidf,3,1
5460,logreg,structured,2,3
5460,logreg,tfidf,2,2
5462,logreg,structured,2,0
5462,logreg,tfidf,2,2
5471,logreg,structured,0,1
5471,logreg,tfidf,0,2
5474,logreg,structured,1,1
5474,logreg,tfidf,1,1
5475,logreg,structured,1,2
5475,logreg,tfidf,1,2
5477,logreg,structured,1,1
5477,logreg,tfidf,1,1
5478,logreg,structured,2,1
5478,logreg,tfidf,2,1
5490,logreg,structured,2,1
5490,logreg,tfidf,2,1
5497,logreg,structured,2,1
5497,logreg,tfidf,2,2
5501,logreg,structured,2,2
5501,logreg,tfidf,2,2
5502,logreg,structured,2,0
5502,logreg,tfidf,2,0
5504,logreg,structured,2,2
5504,logreg,tfidf,2,3
5512,logreg,structured,2,0
5512,logreg,tfidf,2,0
5514,logreg,structured,2,2
5514,logreg,tfidf,2,3
5520,logreg,structured,2,1
5520,logreg,tfidf,2,0
5525,logreg,structured,0,0
5525,logreg,tfidf,0,2
5528,logreg,structured,2,0
5528,logreg,tfidf,2,2
5529,logreg,structured,2,3
5529,logreg,tfidf,2,3
5563,logreg,structured,2,1
5563,logreg,tfidf,2,1
5564,logreg,structured,2,1
5564,logreg,tfidf,2,0
5569,logreg,structured,2,3
5569,logreg,tfidf,2,2
5574,logreg,structured,0,1
5574,logreg,tfidf,0,1
5575,logreg,structured,2,2
5575,logreg,tfidf,2,2
5578,logreg,structured,2,1
5578,logreg,tfidf,2,1
5581,logreg,structured,2,1
5581,logreg,tfidf,2,1
5583,logreg,structured,2,2
5583,logreg,tfidf,2,2
5585,logreg,structured,3,2
5585,logreg,tfidf,3,3
5590,logreg,structured,2,0
5590,logreg,tfidf,2,2
5592,logreg,structured,2,3
5592,logreg,tfidf,2,2
5595,logreg,structured,2,0
5595,logreg,tfidf,2,2
5597,logreg,structured,2,2
5597,logreg,tfidf,2,2
5600,logreg,structured,1,1
5600,logreg,tfidf,1,1
5615,logreg,structured,2,3
5615,logreg,tfidf,2,3
5620,logreg,structured,2,2
5620,logreg,tfidf,2,2
5624,logreg,structured,1,1
5624,logreg,tfidf,1,0
5631,logreg,structured,2,0
5631,logreg,tfidf,2,2
5632,logreg,structured,2,3
5632,logreg,tfidf,2,3
5636,logreg,structured,2,1
5636,logreg,tfidf,2,0
5640,logreg,structured,2,3
5640,logreg,tfidf,2,0
5643,logreg,structured,2,2
5643,logreg,tfidf,2,2
5644,logreg,structured,2,1
5644,logreg,tfidf,2,0
5645,logreg,structured,2,3
5645,logreg,tfidf,2,2
5657,logreg,structured,2,0
5657,logreg,tfidf,2,2
5660,logreg,structured,2,2
5660,logreg,tfidf,2,3
5665,logreg,structured,2,3
5665,logreg,tfidf,2,2
5670,logreg,structured,2,1
5670,logreg,tfidf,2,3
5675,logreg,structured,0,0
5675,logreg,tfidf,0,2
5676,logreg,structured,2,2
5676,logreg,tfidf,2,2
5679,logreg,structured,2,2
5679,logreg,tfidf,2,2
5693,logreg,structured,2,3
5693,logreg,tfidf,2,3
5694,logreg,structured,0,1
5694,logreg,tfidf,0,1
5701,logreg,structured,2,2
5701,logreg,tfidf,2,2
5706,logreg,structured,2,2
5706,logreg,tfidf,2,2
5710,logreg,structured,2,3
5710,logreg,tfidf,2,3
5714,logreg,structured,0,1
5714,logreg,tfidf,0,0
5722,logreg,structured,2,0
5722,logreg,tfidf,2,0
5726,logreg,structured,2,1
5726,logreg,tfidf,2,0
5733,logreg,structured,2,3
5733,logreg,tfidf,2,3
5734,logreg,structured,0,2
5734,logreg,tfidf,0,3
5737,logreg,structured,2,2
5737,logreg,tfidf,2,2
5742,logreg,structured,2,3
5742,logreg,tfidf,2,3
5743,logreg,structured,2,0
5743,logreg,tfidf,2,2
5747,logreg,structured,2,0
5747,logreg,tfidf,2,2
5748,logreg,structured,2,2
5748,logreg,tfidf,2,2
5751,logreg,structured,2,3
5751,logreg,tfidf,2,3
5752,logreg,structured,2,3
5752,logreg,tfidf,2,3
5757,logreg,structured,3,3
5757,logreg,tfidf,3,2
5761,logreg,structured,2,2
5761,logreg,tfidf,2,2
5771,logreg,structured,2,3
5771,logreg,tfidf,2,2
5773,logreg,structured,1,1
5773,logreg,tfidf,1,1
5779,logreg,structured,2,3
5779,logreg,tfidf,2,2
5781,logreg,structured,0,1
5781,logreg,tfidf,0,1
5796,logreg,structured,2,3
5796,logreg,tfidf,2,2
5800,logreg,structured,0,0
5800,logreg,tfidf,0,0
5808,logreg,structured,2,2
5808,logreg,tfidf,2,2
5815,logreg,structured,2,0
5815,logreg,tfidf,2,0
5817,logreg,structured,2,3
5817,logreg,tfidf,2,2
5820,logreg,structured,1,1
5820,logreg,tfidf,1,1
5823,logreg,structured,2,0
5823,logreg,tfidf,2,2
5824,logreg,structured,2,0
5824,logreg,tfidf,2,2
5826,logreg,structured,2,3
5826,logreg,tfidf,2,2
5829,logreg,structured,0,0
5829,logreg,tfidf,0,2
5830,logreg,structured,2,2
5830,logreg,tfidf,2,2
5833,logreg,structured,2,0
5833,logreg,tfidf,2,2
5838,logreg,structured,3,3
5838,logreg,tfidf,3,3
5849,logreg,structured,2,2
5849,logreg,tfidf,2,2
5852,logreg,structured,2,0
5852,logreg,tfidf,2,2
5855,logreg,structured,2,0
5855,logreg,tfidf,2,2
5875,logreg,structured,2,1
5875,logreg,tfidf,2,2
5893,logreg,structured,2,2
5893,logreg,tfidf,2,2
5907,logreg,structured,2,2
5907,logreg,tfidf,2,2
5923,logreg,structured,2,3
5923,logreg,tfidf,2,3
5926,logreg,structured,2,2
5926,logreg,tfidf,2,2
5928,logreg,structured,2,2
5928,logreg,tfidf,2,3
5930,logreg,structured,2,2
5930,logreg,tfidf,2,2
5939,logreg,structured,3,3
5939,logreg,tfidf,3,2
5941,logreg,structured,2,3
5941,logreg,tfidf,2,2
5943,logreg,structured,3,2
5943,logreg,tfidf,3,2
5952,logreg,structured,0,2
5952,logreg,tfidf,0,2
5955,logreg,structured,2,3
5955,logreg,tfidf,2,2
5960,logreg,structured,2,1
5960,logreg,tfidf,2,1
5962,logreg,structured,2,2
5962,logreg,tfidf,2,2
5965,logreg,structured,2,3
5965,logreg,tfidf,2,3
5982,logreg,structured,2,3
5982,logreg,tfidf,2,3
5983,logreg,structured,0,1
5983,logreg,tfidf,0,0
5985,logreg,structured,2,2
5985,logreg,tfidf,2,2
5992,logreg,structured,0,0
5992,logreg,tfidf,0,0
4674,random_forest,structured,2,2
4674,random_forest,tfidf,2,2
4712,random_forest,structured,2,2
4712,random_forest,tfidf,2,2
4844,random_forest,structured,2,2
4844,random_forest,tfidf,2,2
5084,random_forest,structured,0,2
5084,random_forest,tfidf,0,2
5105,random_forest,structured,0,3
5105,random_forest,tfidf,0,0
5362,random_forest,structured,3,2
5362,random_forest,tfidf,3,2
5372,random_forest,structured,2,3
5372,random_forest,tfidf,2,2
5442,random_forest,structured,2,1
5442,random_forest,tfidf,2,1
5713,random_forest,structured,2,3
5713,random_forest,tfidf,2,2
5749,random_forest,structured,3,2
5749,random_forest,tfidf,3,2
5753,random_forest,structured,2,2
5753,random_forest,tfidf,2,1
5783,random_forest,structured,1,2
5783,random_forest,tfidf,1,1
5787,random_forest,structured,2,2
5787,random_forest,tfidf,2,2
5994,random_forest,structured,3,1
5994,random_forest,tfidf,3,2
4686,random_forest,structured,2,2
4686,random_forest,tfidf,2,2
5116,random_forest,structured,2,2
5116,random_forest,tfidf,2,2
5208,random_forest,structured,3,2
5208,random_forest,tfidf,3,2
5539,random_forest,structured,0,1
5539,random_forest,tfidf,0,0
4723,random_forest,structured,2,2
4723,random_forest,tfidf,2,2
5091,random_forest,structured,2,2
5091,random_forest,tfidf,2,2
5115,random_forest,structured,0,1
5115,random_forest,tfidf,0,0
5267,random_forest,structured,2,2
5267,random_forest,tfidf,2,2
5378,random_forest,structured,3,2
5378,random_forest,tfidf,3,2
5579,random_forest,structured,2,2
5579,random_forest,tfidf,2,2
4511,random_forest,structured,2,3
4511,random_forest,tfidf,2,2
5382,random_forest,structured,3,2
5382,random_forest,tfidf,3,0
5505,random_forest,structured,2,2
5505,random_forest,tfidf,2,2
5842,random_forest,structured,0,0
5842,random_forest,tfidf,0,0
5248,random_forest,structured,0,0
5248,random_forest,tfidf,0,0
5443,random_forest,structured,3,2
5443,random_forest,tfidf,3,2
5727,random_forest,structured,2,2
5727,random_forest,tfidf,2,2
4513,random_forest,structured,1,0
4513,random_forest,tfidf,1,0
4517,random_forest,structured,2,3
4517,random_forest,tfidf,2,2
4529,random_forest,structured,2,2
4529,random_forest,tfidf,2,2
4538,random_forest,structured,3,2
4538,random_forest,tfidf,3,2
4539,random_forest,structured,2,2
4539,random_forest,tfidf,2,2
4546,random_forest,structured,2,2
4546,random_forest,tfidf,2,2
4559,random_forest,structured,3,2
4559,random_forest,tfidf,3,2
4560,random_forest,structured,0,0
4560,random_forest,tfidf,0,0
4561,random_forest,structured,2,2
4561,random_forest,tfidf,2,2
4565,random_forest,structured,2,2
4565,random_forest,tfidf,2,2
4596,random_forest,structured,1,1
4596,random_forest,tfidf,1,2
4597,random_forest,structured,2,0
4597,random_forest,tfidf,2,2
4598,random_forest,structured,2,0
4598,random_forest,tfidf,2,0
4604,random_forest,structured,2,2
4604,random_forest,tfidf,2,2
4613,random_forest,structured,0,2
4613,random_forest,tfidf,0,1
4614,random_forest,structured,2,2
4614,random_forest,tfidf,2,0
4630,random_forest,structured,2,3
4630,random_forest,tfidf,2,2
4639,random_forest,structured,2,2
4639,random_forest,tfidf,2,2
4640,random_forest,structured,3,3
4640,random_forest,tfidf,3,2
4645,random_forest,structured,2,0
4645,random_forest,tfidf,2,2
4646,random_forest,structured,0,0
4646,random_forest,tfidf,0,2
4649,random_forest,structured,2,2
4649,random_forest,tfidf,2,2
4653,random_forest,structured,2,2
4653,random_forest,tfidf,2,2
4655,random_forest,structured,2,2
4655,random_forest,tfidf,2,0
4657,random_forest,structured,3,2
4657,random_forest,tfidf,3,2
4667,random_forest,structured,1,0
4667,random_forest,tfidf,1,0
4684,random_forest,structured,2,2
4684,random_forest,tfidf,2,2
4689,random_forest,structured,2,2
4689,random_forest,tfidf,2,2
4696,random_forest,structured,0,2
4696,random_forest,tfidf,0,2
4697,random_forest,structured,2,2
4697,random_forest,tfidf,2,2
4702,random_forest,structured,2,2
4702,random_forest,tfidf,2,2
4706,random_forest,structured,3,3
4706,random_forest,tfidf,3,2
4708,random_forest,structured,2,0
4708,random_forest,tfidf,2,2
4710,random_forest,structured,0,2
4710,random_forest,tfidf,0,2
4711,random_forest,structured,2,2
4711,random_forest,tfidf,2,2
4714,random_forest,structured,2,2
4714,random_forest,tfidf,2,2
4722,random_forest,structured,0,2
4722,random_forest,tfidf,0,2
4727,random_forest,structured,2,2
4727,random_forest,tfidf,2,2
4730,random_forest,structured,3,2
4730,random_forest,tfidf,3,2
4731,random_forest,structured,3,2
4731,random_forest,tfidf,3,2
4732,random_forest,structured,2,1
4732,random_forest,tfidf,2,1
4748,random_forest,structured,3,2
4748,random_forest,tfidf,3,2
4755,random_forest,structured,2,2
4755,random_forest,tfidf,2,1
4761,random_forest,structured,1,2
4761,random_forest,tfidf,1,2
4782,random_forest,structured,2,2
4782,random_forest,tfidf,2,2
4784,random_forest,structured,0,2
4784,random_forest,tfidf,0,2
4788,random_forest,structured,2,2
4788,random_forest,tfidf,2,1
4798,random_forest,structured,2,1
4798,random_forest,tfidf,2,1
4800,random_forest,structured,2,2
4800,random_forest,tfidf,2,2
4809,random_forest,structured,2,2
4809,random_forest,tfidf,2,2
4819,random_forest,structured,2,2
4819,random_forest,tfidf,2,2
4821,random_forest,structured,2,2
4821,random_forest,tfidf,2,2
4823,random_forest,structured,1,2
4823,random_forest,tfidf,1,2
4826,random_forest,structured,2,2
4826,random_forest,tfidf,2,2
4828,random_forest,structured,2,0
4828,random_forest,tfidf,2,2
4835,random_forest,structured,2,0
4835,random_forest,tfidf,2,2
4839,random_forest,structured,2,0
4839,random_forest,tfidf,2,2
4847,random_forest,structured,2,2
4847,random_forest,tfidf,2,2
4850,random_forest,structured,2,2
4850,random_forest,tfidf,2,2
4853,random_forest,structured,2,2
4853,random_forest,tfidf,2,2
4862,random_forest,structured,0,2
4862,random_forest,tfidf,0,2
4870,random_forest,structured,2,2
4870,random_forest,tfidf,2,2
4874,random_forest,structured,1,2
4874,random_forest,tfidf,1,2
4876,random_forest,structured,2,0
4876,random_forest,tfidf,2,2
4877,random_forest,structured,2,2
4877,random_forest,tfidf,2,2
4884,random_forest,structured,3,0
4884,random_forest,tfidf,3,2
4890,random_forest,structured,0,2
4890,random_forest,tfidf,0,2
4893,random_forest,structured,2,2
4893,random_forest,tfidf,2,2
4900,random_forest,structured,1,0
4900,random_forest,tfidf,1,2
4903,random_forest,structured,2,3
4903,random_forest,tfidf,2,2
4905,random_forest,structured,0,2
4905,random_forest,tfidf,0,0
4906,random_forest,structured,2,2
4906,random_forest,tfidf,2,2
4931,random_forest,structured,0,0
4931,random_forest,tfidf,0,1
4933,random_forest,structured,1,1
4933,random_forest,tfidf,1,2
4950,random_forest,structured,2,2
4950,random_forest,tfidf,2,2
4965,random_forest,structured,2,2
4965,random_forest,tfidf,2,2
4967,random_forest,structured,0,1
4967,random_forest,tfidf,0,0
4975,random_forest,structured,2,2
4975,random_forest,tfidf,2,2
4981,random_forest,structured,0,2
4981,random_forest,tfidf,0,2
4982,random_forest,structured,2,2
4982,random_forest,tfidf,2,2
4992,random_forest,structured,2,2
4992,random_forest,tfidf,2,2
4993,random_forest,structured,0,2
4993,random_forest,tfidf,0,2
4997,random_forest,structured,3,2
4997,random_forest,tfidf,3,2
5000,random_forest,structured,2,0
5000,random_forest,tfidf,2,2
5003,random_forest,structured,2,2
5003,random_forest,tfidf,2,2
5017,random_forest,structured,2,2
5017,random_forest,tfidf,2,2
5023,random_forest,structured,0,2
5023,random_forest,tfidf,0,0
5027,random_forest,structured,2,1
5027,random_forest,tfidf,2,2
5030,random_forest,structured,2,2
5030,random_forest,tfidf,2,2
5038,random_forest,structured,2,2
5038,random_forest,tfidf,2,2
5041,random_forest,structured,2,2
5041,random_forest,tfidf,2,2
5042,random_forest,structured,2,0
5042,random_forest,tfidf,2,2
5044,random_forest,structured,2,2
5044,random_forest,tfidf,2,2
5046,random_forest,structured,0,2
5046,random_forest,tfidf,0,2
5053,random_forest,structured,2,3
5053,random_forest,tfidf,2,2
5055,random_forest,structured,2,2
5055,random_forest,tfidf,2,2
5077,random_forest,structured,2,0
5077,random_forest,tfidf,2,2
5078,random_forest,structured,2,2
5078,random_forest,tfidf,2,2
5082,random_forest,structured,2,2
5082,random_forest,tfidf,2,2
5088,random_forest,structured,2,2
5088,random_forest,tfidf,2,2
5092,random_forest,structured,2,3
5092,random_forest,tfidf,2,2
5098,random_forest,structured,2,2
5098,random_forest,tfidf,2,2
5099,random_forest,structured,2,2
5099,random_forest,tfidf,2,2
5114,random_forest,structured,0,0
5114,random_forest,tfidf,0,0
5123,random_forest,structured,2,0
5123,random_forest,tfidf,2,2
5124,random_forest,structured,3,2
5124,random_forest,tfidf,3,2
5144,random_forest,structured,1,1
5144,random_forest,tfidf,1,1
5150,random_forest,structured,2,2
5150,random_forest,tfidf,2,2
5154,random_forest,structured,2,2
5154,random_forest,tfidf,2,2
5166,random_forest,structured,2,2
5166,random_forest,tfidf,2,2
5167,random_forest,structured,0,2
5167,random_forest,tfidf,0,2
5168,random_forest,structured,0,0
5168,random_forest,tfidf,0,2
5173,random_forest,structured,2,1
5173,random_forest,tfidf,2,1
5174,random_forest,structured,2,2
5174,random_forest,tfidf,2,2
5184,random_forest,structured,3,2
5184,random_forest,tfidf,3,2
5187,random_forest,structured,0,0
5187,random_forest,tfidf,0,0
5189,random_forest,structured,2,2
5189,random_forest,tfidf,2,2
5202,random_forest,structured,2,2
5202,random_forest,tfidf,2,2
5212,random_forest,structured,0,0
5212,random_forest,tfidf,0,2
5224,random_forest,structured,2,2
5224,random_forest,tfidf,2,2
5231,random_forest,structured,1,1
5231,random_forest,tfidf,1,2
5233,random_forest,structured,2,3
5233,random_forest,tfidf,2,2
5243,random_forest,structured,3,3
5243,random_forest,tfidf,3,2
5258,random_forest,structured,2,2
5258,random_forest,tfidf,2,2
5263,random_forest,structured,1,1
5263,random_forest,tfidf,1,1
5264,random_forest,structured,1,2
5264,random_forest,tfidf,1,2
5270,random_forest,structured,3,2
5270,random_forest,tfidf,3,2
5271,random_forest,structured,3,2
5271,random_forest,tfidf,3,2
5278,random_forest,structured,2,2
5278,random_forest,tfidf,2,2
5279,random_forest,structured,2,3
5279,random_forest,tfidf,2,2
5280,random_forest,structured,3,2
5280,random_forest,tfidf,3,2
5285,random_forest,structured,2,2
5285,random_forest,tfidf,2,2
5289,random_forest,structured,2,2
5289,random_forest,tfidf,2,2
5297,random_forest,structured,2,3
5297,random_forest,tfidf,2,2
5308,random_forest,structured,2,2
5308,random_forest,tfidf,2,2
5316,random_forest,structured,2,2
5316,random_forest,tfidf,2,2
5320,random_forest,structured,0,3
5320,random_forest,tfidf,0,2
5323,random_forest,structured,0,2
5323,random_forest,tfidf,0,2
5330,random_forest,structured,2,2
5330,random_forest,tfidf,2,2
5331,random_forest,structured,2,2
5331,random_forest,tfidf,2,2
5342,random_forest,structured,2,1
5342,random_forest,tfidf,2,2
5347,random_forest,structured,2,0
5347,random_forest,tfidf,2,2
5351,random_forest,structured,2,3
5351,random_forest,tfidf,2,2
5353,random_forest,structured,0,2
5353,random_forest,tfidf,0,2
5354,random_forest,structured,3,2
5354,random_forest,tfidf,3,0
5361,random_forest,structured,2,2
5361,random_forest,tfidf,2,2
5363,random_forest,structured,2,2
5363,random_forest,tfidf,2,2
5371,random_forest,structured,2,2
5371,random_forest,tfidf,2,2
5376,random_forest,structured,3,2
5376,random_forest,tfidf,3,2
5381,random_forest,structured,2,2
5381,random_forest,tfidf,2,2
5396,random_forest,structured,2,2
5396,random_forest,tfidf,2,2
5401,random_forest,structured,2,2
5401,random_forest,tfidf,2,2
5402,random_forest,structured,2,1
5402,random_forest,tfidf,2,2
5406,random_forest,structured,2,2
5406,random_forest,tfidf,2,2
5420,random_forest,structured,1,0
5420,random_forest,tfidf,1,1
5422,random_forest,structured,2,0
5422,random_forest,tfidf,2,2
5427,random_forest,structured,3,2
5427,random_forest,tfidf,3,2
5435,random_forest,structured,2,2
5435,random_forest,tfidf,2,2
5436,random_forest,structured,1,1
5436,random_forest,tfidf,1,1
5438,random_forest,structured,2,2
5438,random_forest,tfidf,2,2
5440,random_forest,structured,2,0
5440,random_forest,tfidf,2,2
5456,random_forest,structured,3,2
5456,random_forest,tfidf,3,1
5460,random_forest,structured,2,2
5460,random_forest,tfidf,2,2
5462,random_forest,structured,2,2
5462,random_forest,tfidf,2,2
5471,random_forest,structured,0,1
5471,random_forest,tfidf,0,2
5474,random_forest,structured,1,0
5474,random_forest,tfidf,1,1
5475,random_forest,structured,1,2
5475,random_forest,tfidf,1,2
5477,random_forest,structured,1,1
5477,random_forest,tfidf,1,1
5478,random_forest,structured,2,2
5478,random_forest,tfidf,2,2
5490,random_forest,structured,2,1
5490,random_forest,tfidf,2,1
5497,random_forest,structured,2,1
5497,random_forest,tfidf,2,1
5501,random_forest,structured,2,2
5501,random_forest,tfidf,2,2
5502,random_forest,structured,2,2
5502,random_forest,tfidf,2,2
5504,random_forest,structured,2,2
5504,random_forest,tfidf,2,2
5512,random_forest,structured,2,2
5512,random_forest,tfidf,2,2
5514,random_forest,structured,2,2
5514,random_forest,tfidf,2,2
5520,random_forest,structured,2,2
5520,random_forest,tfidf,2,0
5525,random_forest,structured,0,2
5525,random_forest,tfidf,0,2
5528,random_forest,structured,2,2
5528,random_forest,tfidf,2,2
5529,random_forest,structured,2,2
5529,random_forest,tfidf,2,2
5563,random_forest,structured,2,2
5563,random_forest,tfidf,2,2
5564,random_forest,structured,2,1
5564,random_forest,tfidf,2,2
5569,random_forest,structured,2,2
5569,random_forest,tfidf,2,2
5574,random_forest,structured,0,0
5574,random_forest,tfidf,0,1
5575,random_forest,structured,2,2
5575,random_forest,tfidf,2,2
5578,random_forest,structured,2,2
5578,random_forest,tfidf,2,1
5581,random_forest,structured,2,2
5581,random_forest,tfidf,2,2
5583,random_forest,structured,2,2
5583,random_forest,tfidf,2,2
5585,random_forest,structured,3,2
5585,random_forest,tfidf,3,2
5590,random_forest,structured,2,2
5590,random_forest,tfidf,2,2
5592,random_forest,structured,2,2
5592,random_forest,tfidf,2,2
5595,random_forest,structured,2,2
5595,random_forest,tfidf,2,2
5597,random_forest,structured,2,2
5597,random_forest,tfidf,2,2
5600,random_forest,structured,1,1
5600,random_forest,tfidf,1,1
5615,random_forest,structured,2,2
5615,random_forest,tfidf,2,2
5620,random_forest,structured,2,3
5620,random_forest,tfidf,2,2
5624,random_forest,structured,1,1
5624,random_forest,tfidf,1,0
5631,random_forest,structured,2,2
5631,random_forest,tfidf,2,2
5632,random_forest,structured,2,2
5632,random_forest,tfidf,2,2
5636,random_forest,structured,2,0
5636,random_forest,tfidf,2,0
5640,random_forest,structured,2,2
5640,random_forest,tfidf,2,2
5643,random_forest,structured,2,2
5643,random_forest,tfidf,2,2
5644,random_forest,structured,2,2
5644,random_forest,tfidf,2,2
5645,random_forest,structured,2,2
5645,random_forest,tfidf,2,2
5657,random_forest,structured,2,2
5657,random_forest,tfidf,2,2
5660,random_forest,structured,2,2
5660,random_forest,tfidf,2,2
5665,random_forest,structured,2,2
5665,random_forest,tfidf,2,2
5670,random_forest,structured,2,2
5670,random_forest,tfidf,2,2
5675,random_forest,structured,0,2
5675,random_forest,tfidf,0,2
5676,random_forest,structured,2,2
5676,random_forest,tfidf,2,2
5679,random_forest,structured,2,3
5679,random_forest,tfidf,2,2
5693,random_forest,structured,2,2
5693,random_forest,tfidf,2,2
5694,random_forest,structured,0,1
5694,random_forest,tfidf,0,0
5701,random_forest,structured,2,2
5701,random_forest,tfidf,2,2
5706,random_forest,structured,2,2
5706,random_forest,tfidf,2,2
5710,random_forest,structured,2,0
5710,random_forest,tfidf,2,2
5714,random_forest,structured,0,1
5714,random_forest,tfidf,0,2
5722,random_forest,structured,2,2
5722,random_forest,tfidf,2,2
5726,random_forest,structured,2,2
5726,random_forest,tfidf,2,0
5733,random_forest,structured,2,3
5733,random_forest,tfidf,2,2
5734,random_forest,structured,0,2
5734,random_forest,tfidf,0,2
5737,random_forest,structured,2,2
5737,random_forest,tfidf,2,2
5742,random_forest,structured,2,3
5742,random_forest,tfidf,2,2
5743,random_forest,structured,2,2
5743,random_forest,tfidf,2,2
5747,random_forest,structured,2,2
5747,random_forest,tfidf,2,2
5748,random_forest,structured,2,2
5748,random_forest,tfidf,2,2
5751,random_forest,structured,2,2
5751,random_forest,tfidf,2,2
5752,random_forest,structured,2,2
5752,random_forest,tfidf,2,2
5757,random_forest,structured,3,3
5757,random_forest,tfidf,3,2
5761,random_forest,structured,2,2
5761,random_forest,tfidf,2,2
5771,random_forest,structured,2,2
5771,random_forest,tfidf,2,2
5773,random_forest,structured,1,1
5773,random_forest,tfidf,1,2
5779,random_forest,structured,2,2
5779,random_forest,tfidf,2,2
5781,random_forest,structured,0,2
5781,random_forest,tfidf,0,1
5796,random_forest,structured,2,2
5796,random_forest,tfidf,2,2
5800,random_forest,structured,0,0
5800,random_forest,tfidf,0,2
5808,random_forest,structured,2,2
5808,random_forest,tfidf,2,2
5815,random_forest,structured,2,2
5815,random_forest,tfidf,2,2
5817,random_forest,structured,2,2
5817,random_forest,tfidf,2,2
5820,random_forest,structured,1,1
5820,random_forest,tfidf,1,2
5823,random_forest,structured,2,2
5823,random_forest,tfidf,2,2
5824,random_forest,structured,2,2
5824,random_forest,tfidf,2,2
5826,random_forest,structured,2,2
5826,random_forest,tfidf,2,2
5829,random_forest,structured,0,2
5829,random_forest,tfidf,0,2
5830,random_forest,structured,2,2
5830,random_forest,tfidf,2,2
5833,random_forest,structured,2,2
5833,random_forest,tfidf,2,2
5838,random_forest,structured,3,2
5838,random_forest,tfidf,3,2
5849,random_forest,structured,2,0
5849,random_forest,tfidf,2,2
5852,random_forest,structured,2,2
5852,random_forest,tfidf,2,2
5855,random_forest,structured,2,2
5855,random_forest,tfidf,2,2
5875,random_forest,structured,2,2
5875,random_forest,tfidf,2,0
5893,random_forest,structured,2,0
5893,random_forest,tfidf,2,2
5907,random_forest,structured,2,2
5907,random_forest,tfidf,2,2
5923,random_forest,structured,2,2
5923,random_forest,tfidf,2,2
5926,random_forest,structured,2,2
5926,random_forest,tfidf,2,2
5928,random_forest,structured,2,2
5928,random_forest,tfidf,2,2
5930,random_forest,structured,2,2
5930,random_forest,tfidf,2,2
5939,random_forest,structured,3,2
5939,random_forest,tfidf,3,2
5941,random_forest,structured,2,2
5941,random_forest,tfidf,2,2
5943,random_forest,structured,3,2
5943,random_forest,tfidf,3,2
5952,random_forest,structured,0,0
5952,random_forest,tfidf,0,2
5955,random_forest,structured,2,2
5955,random_forest,tfidf,2,2
5960,random_forest,structured,2,1
5960,random_forest,tfidf,2,1
5962,random_forest,structured,2,2
5962,random_forest,tfidf,2,2
5965,random_forest,structured,2,2
5965,random_forest,tfidf,2,2
5982,random_forest,structured,2,2
5982,random_forest,tfidf,2,2
5983,random_forest,structured,0,1
5983,random_forest,tfidf,0,1
5985,random_forest,structured,2,2
5985,random_forest,tfidf,2,2
5992,random_forest,structured,0,2
5992,random_forest,tfidf,0,2
4674,lightgbm,structured,2,2
4674,lightgbm,tfidf,2,2
4712,lightgbm,structured,2,2
4712,lightgbm,tfidf,2,2
4844,lightgbm,structured,2,2
4844,lightgbm,tfidf,2,2
5084,lightgbm,structured,0,3
5084,lightgbm,tfidf,0,2
5105,lightgbm,structured,0,3
5105,lightgbm,tfidf,0,0
5362,lightgbm,structured,3,2
5362,lightgbm,tfidf,3,2
5372,lightgbm,structured,2,2
5372,lightgbm,tfidf,2,2
5442,lightgbm,structured,2,0
5442,lightgbm,tfidf,2,1
5713,lightgbm,structured,2,2
5713,lightgbm,tfidf,2,2
5749,lightgbm,structured,3,2
5749,lightgbm,tfidf,3,2
5753,lightgbm,structured,2,2
5753,lightgbm,tfidf,2,2
5783,lightgbm,structured,1,1
5783,lightgbm,tfidf,1,1
5787,lightgbm,structured,2,2
5787,lightgbm,tfidf,2,2
5994,lightgbm,structured,3,2
5994,lightgbm,tfidf,3,2
4686,lightgbm,structured,2,2
4686,lightgbm,tfidf,2,2
5116,lightgbm,structured,2,2
5116,lightgbm,tfidf,2,2
5208,lightgbm,structured,3,3
5208,lightgbm,tfidf,3,3
5539,lightgbm,structured,0,0
5539,lightgbm,tfidf,0,1
4723,lightgbm,structured,2,2
4723,lightgbm,tfidf,2,2
5091,lightgbm,structured,2,2
5091,lightgbm,tfidf,2,2
5115,lightgbm,structured,0,1
5115,lightgbm,tfidf,0,2
5267,lightgbm,structured,2,2
5267,lightgbm,tfidf,2,2
5378,lightgbm,structured,3,2
5378,lightgbm,tfidf,3,2
5579,lightgbm,structured,2,2
5579,lightgbm,tfidf,2,2
4511,lightgbm,structured,2,3
4511,lightgbm,tfidf,2,2
5382,lightgbm,structured,3,2
5382,lightgbm,tfidf,3,2
5505,lightgbm,structured,2,2
5505,lightgbm,tfidf,2,2
5842,lightgbm,structured,0,0
5842,lightgbm,tfidf,0,1
5248,lightgbm,structured,0,0
5248,lightgbm,tfidf,0,2
5443,lightgbm,structured,3,2
5443,lightgbm,tfidf,3,2
5727,lightgbm,structured,2,2
5727,lightgbm,tfidf,2,2
4513,lightgbm,structured,1,0
4513,lightgbm,tfidf,1,0
4517,lightgbm,structured,2,2
4517,lightgbm,tfidf,2,2
4529,lightgbm,structured,2,3
4529,lightgbm,tfidf,2,2
4538,lightgbm,structured,3,2
4538,lightgbm,tfidf,3,2
4539,lightgbm,structured,2,2
4539,lightgbm,tfidf,2,2
4546,lightgbm,structured,2,2
4546,lightgbm,tfidf,2,2
4559,lightgbm,structured,3,0
4559,lightgbm,tfidf,3,2
4560,lightgbm,structured,0,0
4560,lightgbm,tfidf,0,0
4561,lightgbm,structured,2,2
4561,lightgbm,tfidf,2,2
4565,lightgbm,structured,2,2
4565,lightgbm,tfidf,2,2
4596,lightgbm,structured,1,2
4596,lightgbm,tfidf,1,2
4597,lightgbm,structured,2,0
4597,lightgbm,tfidf,2,2
4598,lightgbm,structured,2,0
4598,lightgbm,tfidf,2,0
4604,lightgbm,structured,2,2
4604,lightgbm,tfidf,2,2
4613,lightgbm,structured,0,2
4613,lightgbm,tfidf,0,2
4614,lightgbm,structured,2,2
4614,lightgbm,tfidf,2,0
4630,lightgbm,structured,2,3
4630,lightgbm,tfidf,2,2
4639,lightgbm,structured,2,2
4639,lightgbm,tfidf,2,2
4640,lightgbm,structured,3,2
4640,lightgbm,tfidf,3,2
4645,lightgbm,structured,2,0
4645,lightgbm,tfidf,2,2
4646,lightgbm,structured,0,0
4646,lightgbm,tfidf,0,0
4649,lightgbm,structured,2,2
4649,lightgbm,tfidf,2,2
4653,lightgbm,structured,2,2
4653,lightgbm,tfidf,2,2
4655,lightgbm,structured,2,2
4655,lightgbm,tfidf,2,2
4657,lightgbm,structured,3,2
4657,lightgbm,tfidf,3,2
4667,lightgbm,structured,1,0
4667,lightgbm,tfidf,1,1
4684,lightgbm,structured,2,2
4684,lightgbm,tfidf,2,2
4689,lightgbm,structured,2,2
4689,lightgbm,tfidf,2,2
4696,lightgbm,structured,0,2
4696,lightgbm,tfidf,0,2
4697,lightgbm,structured,2,3
4697,lightgbm,tfidf,2,2
4702,lightgbm,structured,2,2
4702,lightgbm,tfidf,2,2
4706,lightgbm,structured,3,3
4706,lightgbm,tfidf,3,2
4708,lightgbm,structured,2,0
4708,lightgbm,tfidf,2,2
4710,lightgbm,structured,0,2
4710,lightgbm,tfidf,0,2
4711,lightgbm,structured,2,2
4711,lightgbm,tfidf,2,2
4714,lightgbm,structured,2,2
4714,lightgbm,tfidf,2,2
4722,lightgbm,structured,0,2
4722,lightgbm,tfidf,0,2
4727,lightgbm,structured,2,1
4727,lightgbm,tfidf,2,2
4730,lightgbm,structured,3,3
4730,lightgbm,tfidf,3,2
4731,lightgbm,structured,3,2
4731,lightgbm,tfidf,3,2
4732,lightgbm,structured,2,2
4732,lightgbm,tfidf,2,1
4748,lightgbm,structured,3,2
4748,lightgbm,tfidf,3,2
4755,lightgbm,structured,2,2
4755,lightgbm,tfidf,2,2
4761,lightgbm,structured,1,2
4761,lightgbm,tfidf,1,2
4782,lightgbm,structured,2,2
4782,lightgbm,tfidf,2,2
4784,lightgbm,structured,0,2
4784,lightgbm,tfidf,0,2
4788,lightgbm,structured,2,2
4788,lightgbm,tfidf,2,2
4798,lightgbm,structured,2,1
4798,lightgbm,tfidf,2,1
4800,lightgbm,structured,2,2
4800,lightgbm,tfidf,2,2
4809,lightgbm,structured,2,2
4809,lightgbm,tfidf,2,2
4819,lightgbm,structured,2,2
4819,lightgbm,tfidf,2,2
4821,lightgbm,structured,2,2
4821,lightgbm,tfidf,2,2
4823,lightgbm,structured,1,2
4823,lightgbm,tfidf,1,2
4826,lightgbm,structured,2,2
4826,lightgbm,tfidf,2,2
4828,lightgbm,structured,2,0
4828,lightgbm,tfidf,2,2
4835,lightgbm,structured,2,0
4835,lightgbm,tfidf,2,2
4839,lightgbm,structured,2,0
4839,lightgbm,tfidf,2,2
4847,lightgbm,structured,2,2
4847,lightgbm,tfidf,2,2
4850,lightgbm,structured,2,2
4850,lightgbm,tfidf,2,2
4853,lightgbm,structured,2,2
4853,lightgbm,tfidf,2,2
4862,lightgbm,structured,0,2
4862,lightgbm,tfidf,0,2
4870,lightgbm,structured,2,2
4870,lightgbm,tfidf,2,2
4874,lightgbm,structured,1,2
4874,lightgbm,tfidf,1,2
4876,lightgbm,structured,2,2
4876,lightgbm,tfidf,2,2
4877,lightgbm,structured,2,2
4877,lightgbm,tfidf,2,2
4884,lightgbm,structured,3,0
4884,lightgbm,tfidf,3,2
4890,lightgbm,structured,0,2
4890,lightgbm,tfidf,0,0
4893,lightgbm,structured,2,2
4893,lightgbm,tfidf,2,2
4900,lightgbm,structured,1,0
4900,lightgbm,tfidf,1,0
4903,lightgbm,structured,2,3
4903,lightgbm,tfidf,2,3
4905,lightgbm,structured,0,2
4905,lightgbm,tfidf,0,2
4906,lightgbm,structured,2,3
4906,lightgbm,tfidf,2,2
4931,lightgbm,structured,0,1
4931,lightgbm,tfidf,0,1
4933,lightgbm,structured,1,2
4933,lightgbm,tfidf,1,2
4950,lightgbm,structured,2,2
4950,lightgbm,tfidf,2,2
4965,lightgbm,structured,2,2
4965,lightgbm,tfidf,2,2
4967,lightgbm,structured,0,0
4967,lightgbm,tfidf,0,0
4975,lightgbm,structured,2,2
4975,lightgbm,tfidf,2,2
4981,lightgbm,structured,0,2
4981,lightgbm,tfidf,0,2
4982,lightgbm,structured,2,2
4982,lightgbm,tfidf,2,2
4992,lightgbm,structured,2,2
4992,lightgbm,tfidf,2,2
4993,lightgbm,structured,0,2
4993,lightgbm,tfidf,0,2
4997,lightgbm,structured,3,2
4997,lightgbm,tfidf,3,2
5000,lightgbm,structured,2,0
5000,lightgbm,tfidf,2,2
5003,lightgbm,structured,2,2
5003,lightgbm,tfidf,2,2
5017,lightgbm,structured,2,2
5017,lightgbm,tfidf,2,2
5023,lightgbm,structured,0,3
5023,lightgbm,tfidf,0,2
5027,lightgbm,structured,2,2
5027,lightgbm,tfidf,2,2
5030,lightgbm,structured,2,2
5030,lightgbm,tfidf,2,2
5038,lightgbm,structured,2,2
5038,lightgbm,tfidf,2,2
5041,lightgbm,structured,2,2
5041,lightgbm,tfidf,2,2
5042,lightgbm,structured,2,2
5042,lightgbm,tfidf,2,2
5044,lightgbm,structured,2,2
5044,lightgbm,tfidf,2,2
5046,lightgbm,structured,0,2
5046,lightgbm,tfidf,0,2
5053,lightgbm,structured,2,3
5053,lightgbm,tfidf,2,2
5055,lightgbm,structured,2,2
5055,lightgbm,tfidf,2,2
5077,lightgbm,structured,2,2
5077,lightgbm,tfidf,2,2
5078,lightgbm,structured,2,2
5078,lightgbm,tfidf,2,2
5082,lightgbm,structured,2,0
5082,lightgbm,tfidf,2,2
5088,lightgbm,structured,2,2
5088,lightgbm,tfidf,2,2
5092,lightgbm,structured,2,3
5092,lightgbm,tfidf,2,2
5098,lightgbm,structured,2,3
5098,lightgbm,tfidf,2,2
5099,lightgbm,structured,2,2
5099,lightgbm,tfidf,2,2
5114,lightgbm,structured,0,0
5114,lightgbm,tfidf,0,0
5123,lightgbm,structured,2,0
5123,lightgbm,tfidf,2,2
5124,lightgbm,structured,3,2
5124,lightgbm,tfidf,3,2
5144,lightgbm,structured,1,1
5144,lightgbm,tfidf,1,1
5150,lightgbm,structured,2,0
5150,lightgbm,tfidf,2,2
5154,lightgbm,structured,2,2
5154,lightgbm,tfidf,2,2
5166,lightgbm,structured,2,2
5166,lightgbm,tfidf,2,2
5167,lightgbm,structured,0,2
5167,lightgbm,tfidf,0,2
5168,lightgbm,structured,0,0
5168,lightgbm,tfidf,0,2
5173,lightgbm,structured,2,1
5173,lightgbm,tfidf,2,2
5174,lightgbm,structured,2,2
5174,lightgbm,tfidf,2,2
5184,lightgbm,structured,3,2
5184,lightgbm,tfidf,3,2
5187,lightgbm,structured,0,0
5187,lightgbm,tfidf,0,2
5189,lightgbm,structured,2,2
5189,lightgbm,tfidf,2,2
5202,lightgbm,structured,2,2
5202,lightgbm,tfidf,2,2
5212,lightgbm,structured,0,0
5212,lightgbm,tfidf,0,0
5224,lightgbm,structured,2,2
5224,lightgbm,tfidf,2,2
5231,lightgbm,structured,1,1
5231,lightgbm,tfidf,1,0
5233,lightgbm,structured,2,3
5233,lightgbm,tfidf,2,2
5243,lightgbm,structured,3,3
5243,lightgbm,tfidf,3,2
5258,lightgbm,structured,2,2
5258,lightgbm,tfidf,2,2
5263,lightgbm,structured,1,0
5263,lightgbm,tfidf,1,1
5264,lightgbm,structured,1,2
5264,lightgbm,tfidf,1,2
5270,lightgbm,structured,3,2
5270,lightgbm,tfidf,3,2
5271,lightgbm,structured,3,2
5271,lightgbm,tfidf,3,2
5278,lightgbm,structured,2,2
5278,lightgbm,tfidf,2,2
5279,lightgbm,structured,2,2
5279,lightgbm,tfidf,2,2
5280,lightgbm,structured,3,2
5280,lightgbm,tfidf,3,2
5285,lightgbm,structured,2,2
5285,lightgbm,tfidf,2,2
5289,lightgbm,structured,2,3
5289,lightgbm,tfidf,2,2
5297,lightgbm,structured,2,2
5297,lightgbm,tfidf,2,2
5308,lightgbm,structured,2,2
5308,lightgbm,tfidf,2,2
5316,lightgbm,structured,2,2
5316,lightgbm,tfidf,2,0
5320,lightgbm,structured,0,3
5320,lightgbm,tfidf,0,2
5323,lightgbm,structured,0,2
5323,lightgbm,tfidf,0,2
5330,lightgbm,structured,2,2
5330,lightgbm,tfidf,2,2
5331,lightgbm,structured,2,2
5331,lightgbm,tfidf,2,2
5342,lightgbm,structured,2,1
5342,lightgbm,tfidf,2,2
5347,lightgbm,structured,2,0
5347,lightgbm,tfidf,2,2
5351,lightgbm,structured,2,2
5351,lightgbm,tfidf,2,2
5353,lightgbm,structured,0,2
5353,lightgbm,tfidf,0,2
5354,lightgbm,structured,3,3
5354,lightgbm,tfidf,3,2
5361,lightgbm,structured,2,3
5361,lightgbm,tfidf,2,2
5363,lightgbm,structured,2,2
5363,lightgbm,tfidf,2,2
5371,lightgbm,structured,2,2
5371,lightgbm,tfidf,2,2
5376,lightgbm,structured,3,2
5376,lightgbm,tfidf,3,2
5381,lightgbm,structured,2,2
5381,lightgbm,tfidf,2,2
5396,lightgbm,structured,2,2
5396,lightgbm,tfidf,2,2
5401,lightgbm,structured,2,2
5401,lightgbm,tfidf,2,2
5402,lightgbm,structured,2,1
5402,lightgbm,tfidf,2,2
5406,lightgbm,structured,2,2
5406,lightgbm,tfidf,2,2
5420,lightgbm,structured,1,1
5420,lightgbm,tfidf,1,0
5422,lightgbm,structured,2,3
5422,lightgbm,tfidf,2,2
5427,lightgbm,structured,3,2
5427,lightgbm,tfidf,3,2
5435,lightgbm,structured,2,2
5435,lightgbm,tfidf,2,2
5436,lightgbm,structured,1,3
5436,lightgbm,tfidf,1,2
5438,lightgbm,structured,2,3
5438,lightgbm,tfidf,2,2
5440,lightgbm,structured,2,0
5440,lightgbm,tfidf,2,2
5456,lightgbm,structured,3,2
5456,lightgbm,tfidf,3,2
5460,lightgbm,structured,2,2
5460,lightgbm,tfidf,2,2
5462,lightgbm,structured,2,2
5462,lightgbm,tfidf,2,2
5471,lightgbm,structured,0,0
5471,lightgbm,tfidf,0,2
5474,lightgbm,structured,1,1
5474,lightgbm,tfidf,1,2
5475,lightgbm,structured,1,2
5475,lightgbm,tfidf,1,2
5477,lightgbm,structured,1,2
5477,lightgbm,tfidf,1,1
5478,lightgbm,structured,2,2
5478,lightgbm,tfidf,2,2
5490,lightgbm,structured,2,2
5490,lightgbm,tfidf,2,2
5497,lightgbm,structured,2,1
5497,lightgbm,tfidf,2,2
5501,lightgbm,structured,2,2
5501,lightgbm,tfidf,2,2
5502,lightgbm,structured,2,2
5502,lightgbm,tfidf,2,0
5504,lightgbm,structured,2,2
5504,lightgbm,tfidf,2,2
5512,lightgbm,structured,2,0
5512,lightgbm,tfidf,2,2
5514,lightgbm,structured,2,3
5514,lightgbm,tfidf,2,2
5520,lightgbm,structured,2,2
5520,lightgbm,tfidf,2,2
5525,lightgbm,structured,0,2
5525,lightgbm,tfidf,0,2
5528,lightgbm,structured,2,2
5528,lightgbm,tfidf,2,2
5529,lightgbm,structured,2,2
5529,lightgbm,tfidf,2,3
5563,lightgbm,structured,2,2
5563,lightgbm,tfidf,2,2
5564,lightgbm,structured,2,0
5564,lightgbm,tfidf,2,2
5569,lightgbm,structured,2,2
5569,lightgbm,tfidf,2,2
5574,lightgbm,structured,0,0
5574,lightgbm,tfidf,0,2
5575,lightgbm,structured,2,2
5575,lightgbm,tfidf,2,2
5578,lightgbm,structured,2,2
5578,lightgbm,tfidf,2,1
5581,lightgbm,structured,2,2
5581,lightgbm,tfidf,2,2
5583,lightgbm,structured,2,2
5583,lightgbm,tfidf,2,2
5585,lightgbm,structured,3,2
5585,lightgbm,tfidf,3,2
5590,lightgbm,structured,2,2
5590,lightgbm,tfidf,2,2
5592,lightgbm,structured,2,2
5592,lightgbm,tfidf,2,2
5595,lightgbm,structured,2,2
5595,lightgbm,tfidf,2,2
5597,lightgbm,structured,2,2
5597,lightgbm,tfidf,2,2
5600,lightgbm,structured,1,1
5600,lightgbm,tfidf,1,1
5615,lightgbm,structured,2,2
5615,lightgbm,tfidf,2,2
5620,lightgbm,structured,2,3
5620,lightgbm,tfidf,2,2
5624,lightgbm,structured,1,1
5624,lightgbm,tfidf,1,0
5631,lightgbm,structured,2,2
5631,lightgbm,tfidf,2,2
5632,lightgbm,structured,2,2
5632,lightgbm,tfidf,2,2
5636,lightgbm,structured,2,0
5636,lightgbm,tfidf,2,1
5640,lightgbm,structured,2,2
5640,lightgbm,tfidf,2,2
5643,lightgbm,structured,2,2
5643,lightgbm,tfidf,2,2
5644,lightgbm,structured,2,2
5644,lightgbm,tfidf,2,2
5645,lightgbm,structured,2,2
5645,lightgbm,tfidf,2,2
5657,lightgbm,structured,2,2
5657,lightgbm,tfidf,2,2
5660,lightgbm,structured,2,2
5660,lightgbm,tfidf,2,2
5665,lightgbm,structured,2,2
5665,lightgbm,tfidf,2,2
5670,lightgbm,structured,2,2
5670,lightgbm,tfidf,2,2
5675,lightgbm,structured,0,3
5675,lightgbm,tfidf,0,2
5676,lightgbm,structured,2,2
5676,lightgbm,tfidf,2,2
5679,lightgbm,structured,2,2
5679,lightgbm,tfidf,2,2
5693,lightgbm,structured,2,2
5693,lightgbm,tfidf,2,2
5694,lightgbm,structured,0,1
5694,lightgbm,tfidf,0,0
5701,lightgbm,structured,2,2
5701,lightgbm,tfidf,2,2
5706,lightgbm,structured,2,2
5706,lightgbm,tfidf,2,2
5710,lightgbm,structured,2,2
5710,lightgbm,tfidf,2,2
5714,lightgbm,structured,0,1
5714,lightgbm,tfidf,0,0
5722,lightgbm,structured,2,2
5722,lightgbm,tfidf,2,2
5726,lightgbm,structured,2,2
5726,lightgbm,tfidf,2,2
5733,lightgbm,structured,2,3
5733,lightgbm,tfidf,2,2
5734,lightgbm,structured,0,0
5734,lightgbm,tfidf,0,2
5737,lightgbm,structured,2,2
5737,lightgbm,tfidf,2,2
5742,lightgbm,structured,2,2
5742,lightgbm,tfidf,2,2
5743,lightgbm,structured,2,2
5743,lightgbm,tfidf,2,2
5747,lightgbm,structured,2,0
5747,lightgbm,tfidf,2,2
5748,lightgbm,structured,2,2
5748,lightgbm,tfidf,2,2
5751,lightgbm,structured,2,2
5751,lightgbm,tfidf,2,2
5752,lightgbm,structured,2,2
5752,lightgbm,tfidf,2,2
5757,lightgbm,structured,3,3
5757,lightgbm,tfidf,3,2
5761,lightgbm,structured,2,2
5761,lightgbm,tfidf,2,2
5771,lightgbm,structured,2,2
5771,lightgbm,tfidf,2,2
5773,lightgbm,structured,1,3
5773,lightgbm,tfidf,1,2
5779,lightgbm,structured,2,2
5779,lightgbm,tfidf,2,2
5781,lightgbm,structured,0,2
5781,lightgbm,tfidf,0,1
5796,lightgbm,structured,2,2
5796,lightgbm,tfidf,2,2
5800,lightgbm,structured,0,2
5800,lightgbm,tfidf,0,2
5808,lightgbm,structured,2,2
5808,lightgbm,tfidf,2,2
5815,lightgbm,structured,2,2
5815,lightgbm,tfidf,2,2
5817,lightgbm,structured,2,2
5817,lightgbm,tfidf,2,2
5820,lightgbm,structured,1,1
5820,lightgbm,tfidf,1,2
5823,lightgbm,structured,2,3
5823,lightgbm,tfidf,2,2
5824,lightgbm,structured,2,2
5824,lightgbm,tfidf,2,2
5826,lightgbm,structured,2,2
5826,lightgbm,tfidf,2,2
5829,lightgbm,structured,0,2
5829,lightgbm,tfidf,0,2
5830,lightgbm,structured,2,2
5830,lightgbm,tfidf,2,2
5833,lightgbm,structured,2,2
5833,lightgbm,tfidf,2,2
5838,lightgbm,structured,3,2
5838,lightgbm,tfidf,3,3
5849,lightgbm,structured,2,0
5849,lightgbm,tfidf,2,2
5852,lightgbm,structured,2,2
5852,lightgbm,tfidf,2,2
5855,lightgbm,structured,2,2
5855,lightgbm,tfidf,2,2
5875,lightgbm,structured,2,2
5875,lightgbm,tfidf,2,2
5893,lightgbm,structured,2,2
5893,lightgbm,tfidf,2,2
5907,lightgbm,structured,2,2
5907,lightgbm,tfidf,2,2
5923,lightgbm,structured,2,2
5923,lightgbm,tfidf,2,3
5926,lightgbm,structured,2,2
5926,lightgbm,tfidf,2,2
5928,lightgbm,structured,2,2
5928,lightgbm,tfidf,2,2
5930,lightgbm,structured,2,2
5930,lightgbm,tfidf,2,2
5939,lightgbm,structured,3,3
5939,lightgbm,tfidf,3,2
5941,lightgbm,structured,2,3
5941,lightgbm,tfidf,2,2
5943,lightgbm,structured,3,2
5943,lightgbm,tfidf,3,2
5952,lightgbm,structured,0,2
5952,lightgbm,tfidf,0,2
5955,lightgbm,structured,2,2
5955,lightgbm,tfidf,2,2
5960,lightgbm,structured,2,1
5960,lightgbm,tfidf,2,1
5962,lightgbm,structured,2,2
5962,lightgbm,tfidf,2,2
5965,lightgbm,structured,2,2
5965,lightgbm,tfidf,2,2
5982,lightgbm,structured,2,2
5982,lightgbm,tfidf,2,2
5983,lightgbm,structured,0,1
5983,lightgbm,tfidf,0,1
5985,lightgbm,structured,2,2
5985,lightgbm,tfidf,2,2
5992,lightgbm,structured,0,2
5992,lightgbm,tfidf,0,2
4525,svm,structured,2,3
4525,svm,tfidf,2,2
4654,svm,structured,2,0
4654,svm,tfidf,2,2
4678,svm,structured,2,3
4678,svm,tfidf,2,2
4744,svm,structured,2,0
4744,svm,tfidf,2,2
4752,svm,structured,2,0
4752,svm,tfidf,2,2
4848,svm,structured,2,3
4848,svm,tfidf,2,2
5006,svm,structured,2,3
5006,svm,tfidf,2,2
5008,svm,structured,2,3
5008,svm,tfidf,2,3
5063,svm,structured,2,3
5063,svm,tfidf,2,2
5137,svm,structured,2,0
5137,svm,tfidf,2,2
5175,svm,structured,2,0
5175,svm,tfidf,2,3
5219,svm,structured,1,1
5219,svm,tfidf,1,1
5237,svm,structured,2,3
5237,svm,tfidf,2,2
5293,svm,structured,1,1
5293,svm,tfidf,1,0
5310,svm,structured,0,3
5310,svm,tfidf,0,3
5524,svm,structured,0,1
5524,svm,tfidf,0,1
5558,svm,structured,2,3
5558,svm,tfidf,2,2
5611,svm,structured,0,1
5611,svm,tfidf,0,1
5863,svm,structured,2,3
5863,svm,tfidf,2,2
5905,svm,structured,1,1
5905,svm,tfidf,1,1
5942,svm,structured,3,0
5942,svm,tfidf,3,2
5977,svm,structured,2,3
5977,svm,tfidf,2,1
5988,svm,structured,0,2
5988,svm,tfidf,0,0
5989,svm,structured,2,0
5989,svm,tfidf,2,0
4856,svm,structured,2,0
4856,svm,tfidf,2,2
4969,svm,structured,2,3
4969,svm,tfidf,2,2
5178,svm,structured,2,3
5178,svm,tfidf,2,2
4878,svm,structured,3,3
4878,svm,tfidf,3,3
5128,svm,structured,0,3
5128,svm,tfidf,0,2
5517,svm,structured,3,3
5517,svm,tfidf,3,3
5623,svm,structured,3,1
5623,svm,tfidf,3,3
5458,svm,structured,2,3
5458,svm,tfidf,2,2
4549,svm,structured,0,0
4549,svm,tfidf,0,0
4896,svm,structured,2,3
4896,svm,tfidf,2,0
4922,svm,structured,0,2
4922,svm,tfidf,0,2
5085,svm,structured,1,0
5085,svm,tfidf,1,0
4579,svm,structured,2,3
4579,svm,tfidf,2,2
5086,svm,structured,3,2
5086,svm,tfidf,3,3
4504,svm,structured,2,2
4504,svm,tfidf,2,2
4512,svm,structured,2,3
4512,svm,tfidf,2,3
4520,svm,structured,2,0
4520,svm,tfidf,2,2
4522,svm,structured,1,0
4522,svm,tfidf,1,2
4526,svm,structured,0,0
4526,svm,tfidf,0,0
4528,svm,structured,2,3
4528,svm,tfidf,2,2
4535,svm,structured,0,0
4535,svm,tfidf,0,0
4537,svm,structured,0,0
4537,svm,tfidf,0,2
4540,svm,structured,2,3
4540,svm,tfidf,2,2
4541,svm,structured,0,1
4541,svm,tfidf,0,1
4544,svm,structured,1,1
4544,svm,tfidf,1,1
4545,svm,structured,0,3
4545,svm,tfidf,0,2
4547,svm,structured,2,1
4547,svm,tfidf,2,0
4558,svm,structured,2,0
4558,svm,tfidf,2,0
4562,svm,structured,2,0
4562,svm,tfidf,2,0
4569,svm,structured,2,2
4569,svm,tfidf,2,2
4571,svm,structured,2,3
4571,svm,tfidf,2,3
4581,svm,structured,2,3
4581,svm,tfidf,2,2
4584,svm,structured,2,0
4584,svm,tfidf,2,2
4591,svm,structured,2,2
4591,svm,tfidf,2,2
4602,svm,structured,2,3
4602,svm,tfidf,2,3
4611,svm,structured,2,3
4611,svm,tfidf,2,2
4617,svm,structured,2,2
4617,svm,tfidf,2,1
4629,svm,structured,0,2
4629,svm,tfidf,0,2
4631,svm,structured,2,2
4631,svm,tfidf,2,2
4648,svm,structured,2,0
4648,svm,tfidf,2,1
4660,svm,structured,2,2
4660,svm,tfidf,2,2
4668,svm,structured,2,2
4668,svm,tfidf,2,2
4670,svm,structured,2,0
4670,svm,tfidf,2,2
4672,svm,structured,1,1
4672,svm,tfidf,1,1
4676,svm,structured,2,1
4676,svm,tfidf,2,0
4688,svm,structured,2,2
4688,svm,tfidf,2,2
4693,svm,structured,0,2
4693,svm,tfidf,0,2
4704,svm,structured,3,2
4704,svm,tfidf,3,2
4705,svm,structured,2,0
4705,svm,tfidf,2,2
4707,svm,structured,0,2
4707,svm,tfidf,0,2
4713,svm,structured,2,3
4713,svm,tfidf,2,2
4718,svm,structured,2,3
4718,svm,tfidf,2,2
4725,svm,structured,2,1
4725,svm,tfidf,2,1
4734,svm,structured,2,1
4734,svm,tfidf,2,0
4736,svm,structured,2,2
4736,svm,tfidf,2,1
4743,svm,structured,2,2
4743,svm,tfidf,2,2
4756,svm,structured,3,3
4756,svm,tfidf,3,3
4789,svm,structured,2,3
4789,svm,tfidf,2,2
4791,svm,structured,1,0
4791,svm,tfidf,1,1
4792,svm,structured,3,3
4792,svm,tfidf,3,2
4794,svm,structured,2,3
4794,svm,tfidf,2,2
4802,svm,structured,0,0
4802,svm,tfidf,0,0
4804,svm,structured,2,1
4804,svm,tfidf,2,0
4812,svm,structured,0,0
4812,svm,tfidf,0,0
4813,svm,structured,1,1
4813,svm,tfidf,1,1
4816,svm,structured,0,1
4816,svm,tfidf,0,0
4820,svm,structured,3,0
4820,svm,tfidf,3,2
4827,svm,structured,0,2
4827,svm,tfidf,0,2
4833,svm,structured,2,0
4833,svm,tfidf,2,0
4840,svm,structured,2,3
4840,svm,tfidf,2,2
4841,svm,structured,2,2
4841,svm,tfidf,2,2
4851,svm,structured,2,2
4851,svm,tfidf,2,2
4852,svm,structured,3,3
4852,svm,tfidf,3,2
4854,svm,structured,2,2
4854,svm,tfidf,2,2
4860,svm,structured,2,3
4860,svm,tfidf,2,2
4863,svm,structured,2,2
4863,svm,tfidf,2,2
4864,svm,structured,2,0
4864,svm,tfidf,2,0
4879,svm,structured,3,0
4879,svm,tfidf,3,3
4894,svm,structured,0,2
4894,svm,tfidf,0,2
4897,svm,structured,2,1
4897,svm,tfidf,2,1
4904,svm,structured,2,0
4904,svm,tfidf,2,0
4907,svm,structured,3,3
4907,svm,tfidf,3,3
4911,svm,structured,2,1
4911,svm,tfidf,2,1
4915,svm,structured,2,3
4915,svm,tfidf,2,2
4920,svm,structured,2,3
4920,svm,tfidf,2,2
4925,svm,structured,2,2
4925,svm,tfidf,2,2
4927,svm,structured,2,2
4927,svm,tfidf,2,3
4928,svm,structured,2,2
4928,svm,tfidf,2,2
4930,svm,structured,2,3
4930,svm,tfidf,2,2
4937,svm,structured,2,1
4937,svm,tfidf,2,0
4949,svm,structured,2,3
4949,svm,tfidf,2,2
4957,svm,structured,0,0
4957,svm,tfidf,0,2
4964,svm,structured,2,2
4964,svm,tfidf,2,2
4968,svm,structured,2,0
4968,svm,tfidf,2,2
4976,svm,structured,2,3
4976,svm,tfidf,2,2
4986,svm,structured,2,0
4986,svm,tfidf,2,0
4995,svm,structured,2,2
4995,svm,tfidf,2,2
4999,svm,structured,1,0
4999,svm,tfidf,1,0
5005,svm,structured,2,2
5005,svm,tfidf,2,0
5011,svm,structured,2,2
5011,svm,tfidf,2,0
5012,svm,structured,3,3
5012,svm,tfidf,3,3
5020,svm,structured,2,2
5020,svm,tfidf,2,2
5026,svm,structured,2,3
5026,svm,tfidf,2,2
5031,svm,structured,2,0
5031,svm,tfidf,2,2
5037,svm,structured,2,3
5037,svm,tfidf,2,2
5050,svm,structured,1,1
5050,svm,tfidf,1,1
5051,svm,structured,2,0
5051,svm,tfidf,2,2
5054,svm,structured,0,0
5054,svm,tfidf,0,0
5065,svm,structured,0,0
5065,svm,tfidf,0,0
5073,svm,structured,1,1
5073,svm,tfidf,1,1
5075,svm,structured,0,0
5075,svm,tfidf,0,2
5096,svm,structured,1,1
5096,svm,tfidf,1,0
5107,svm,structured,2,3
5107,svm,tfidf,2,2
5109,svm,structured,3,2
5109,svm,tfidf,3,3
5110,svm,structured,2,3
5110,svm,tfidf,2,2
5112,svm,structured,2,3
5112,svm,tfidf,2,2
5125,svm,structured,0,0
5125,svm,tfidf,0,0
5147,svm,structured,2,0
5147,svm,tfidf,2,2
5148,svm,structured,2,0
5148,svm,tfidf,2,2
5149,svm,structured,2,1
5149,svm,tfidf,2,0
5165,svm,structured,2,3
5165,svm,tfidf,2,1
5169,svm,structured,2,0
5169,svm,tfidf,2,2
5171,svm,structured,2,0
5171,svm,tfidf,2,2
5172,svm,structured,2,2
5172,svm,tfidf,2,3
5177,svm,structured,0,0
5177,svm,tfidf,0,0
5183,svm,structured,0,0
5183,svm,tfidf,0,0
5193,svm,structured,2,3
5193,svm,tfidf,2,2
5194,svm,structured,0,0
5194,svm,tfidf,0,2
5197,svm,structured,2,1
5197,svm,tfidf,2,0
5199,svm,structured,0,2
5199,svm,tfidf,0,0
5204,svm,structured,3,3
5204,svm,tfidf,3,3
5205,svm,structured,2,0
5205,svm,tfidf,2,0
5210,svm,structured,2,3
5210,svm,tfidf,2,2
5211,svm,structured,2,3
5211,svm,tfidf,2,0
5214,svm,structured,2,1
5214,svm,tfidf,2,0
5227,svm,structured,2,1
5227,svm,tfidf,2,1
5241,svm,structured,2,3
5241,svm,tfidf,2,2
5246,svm,structured,0,1
5246,svm,tfidf,0,1
5247,svm,structured,0,2
5247,svm,tfidf,0,2
5250,svm,structured,3,3
5250,svm,tfidf,3,2
5252,svm,structured,2,1
5252,svm,tfidf,2,1
5260,svm,structured,2,3
5260,svm,tfidf,2,3
5261,svm,structured,2,3
5261,svm,tfidf,2,2
5276,svm,structured,2,3
5276,svm,tfidf,2,2
5277,svm,structured,2,3
5277,svm,tfidf,2,3
5288,svm,structured,0,0
5288,svm,tfidf,0,2
5290,svm,structured,2,2
5290,svm,tfidf,2,2
5298,svm,structured,2,3
5298,svm,tfidf,2,2
5302,svm,structured,2,2
5302,svm,tfidf,2,3
5315,svm,structured,2,3
5315,svm,tfidf,2,3
5317,svm,structured,2,3
5317,svm,tfidf,2,0
5324,svm,structured,2,3
5324,svm,tfidf,2,3
5329,svm,structured,2,0
5329,svm,tfidf,2,1
5332,svm,structured,2,0
5332,svm,tfidf,2,3
5335,svm,structured,0,3
5335,svm,tfidf,0,2
5339,svm,structured,2,1
5339,svm,tfidf,2,1
5340,svm,structured,3,0
5340,svm,tfidf,3,2
5348,svm,structured,2,0
5348,svm,tfidf,2,2
5352,svm,structured,0,0
5352,svm,tfidf,0,2
5358,svm,structured,2,1
5358,svm,tfidf,2,1
5359,svm,structured,2,0
5359,svm,tfidf,2,2
5364,svm,structured,1,0
5364,svm,tfidf,1,0
5367,svm,structured,3,3
5367,svm,tfidf,3,2
5368,svm,structured,1,1
5368,svm,tfidf,1,1
5374,svm,structured,2,3
5374,svm,tfidf,2,2
5377,svm,structured,2,1
5377,svm,tfidf,2,1
5384,svm,structured,0,0
5384,svm,tfidf,0,0
5385,svm,structured,3,1
5385,svm,tfidf,3,1
5391,svm,structured,2,0
5391,svm,tfidf,2,0
5392,svm,structured,2,0
5392,svm,tfidf,2,2
5393,svm,structured,3,3
5393,svm,tfidf,3,3
5408,svm,structured,2,0
5408,svm,tfidf,2,0
5413,svm,structured,2,2
5413,svm,tfidf,2,2
5418,svm,structured,2,3
5418,svm,tfidf,2,3
5421,svm,structured,2,3
5421,svm,tfidf,2,2
5423,svm,structured,2,3
5423,svm,tfidf,2,1
5425,svm,structured,2,0
5425,svm,tfidf,2,2
5426,svm,structured,2,3
5426,svm,tfidf,2,2
5429,svm,structured,2,0
5429,svm,tfidf,2,2
5430,svm,structured,2,0
5430,svm,tfidf,2,2
5432,svm,structured,2,3
5432,svm,tfidf,2,2
5441,svm,structured,2,2
5441,svm,tfidf,2,2
5446,svm,structured,2,3
5446,svm,tfidf,2,0
5453,svm,structured,2,3
5453,svm,tfidf,2,2
5470,svm,structured,2,3
5470,svm,tfidf,2,2
5480,svm,structured,1,0
5480,svm,tfidf,1,0
5482,svm,structured,2,3
5482,svm,tfidf,2,2
5483,svm,structured,2,3
5483,svm,tfidf,2,1
5485,svm,structured,2,2
5485,svm,tfidf,2,2
5499,svm,structured,0,2
5499,svm,tfidf,0,2
5503,svm,structured,1,1
5503,svm,tfidf,1,1
5511,svm,structured,0,3
5511,svm,tfidf,0,2
5515,svm,structured,2,0
5515,svm,tfidf,2,2
5518,svm,structured,2,1
5518,svm,tfidf,2,1
5526,svm,structured,2,3
5526,svm,tfidf,2,2
5527,svm,structured,2,1
5527,svm,tfidf,2,1
5537,svm,structured,2,0
5537,svm,tfidf,2,2
5540,svm,structured,3,2
5540,svm,tfidf,3,2
5544,svm,structured,2,3
5544,svm,tfidf,2,3
5559,svm,structured,3,0
5559,svm,tfidf,3,0
5565,svm,structured,0,0
5565,svm,tfidf,0,3
5566,svm,structured,2,0
5566,svm,tfidf,2,2
5570,svm,structured,2,3
5570,svm,tfidf,2,2
5573,svm,structured,0,1
5573,svm,tfidf,0,1
5587,svm,structured,2,2
5587,svm,tfidf,2,2
5591,svm,structured,2,2
5591,svm,tfidf,2,0
5593,svm,structured,2,3
5593,svm,tfidf,2,3
5594,svm,structured,2,2
5594,svm,tfidf,2,2
5596,svm,structured,2,3
5596,svm,tfidf,2,2
5599,svm,structured,2,3
5599,svm,tfidf,2,2
5602,svm,structured,1,1
5602,svm,tfidf,1,1
5607,svm,structured,2,0
5607,svm,tfidf,2,2
5613,svm,structured,3,2
5613,svm,tfidf,3,2
5617,svm,structured,2,2
5617,svm,tfidf,2,2
5625,svm,structured,2,3
5625,svm,tfidf,2,2
5627,svm,structured,2,0
5627,svm,tfidf,2,2
5628,svm,structured,3,2
5628,svm,tfidf,3,3
5633,svm,structured,3,1
5633,svm,tfidf,3,1
5638,svm,structured,2,3
5638,svm,tfidf,2,3
5650,svm,structured,2,3
5650,svm,tfidf,2,3
5651,svm,structured,2,2
5651,svm,tfidf,2,2
5654,svm,structured,1,2
5654,svm,tfidf,1,2
5659,svm,structured,2,2
5659,svm,tfidf,2,2
5661,svm,structured,2,2
5661,svm,tfidf,2,2
5662,svm,structured,2,3
5662,svm,tfidf,2,2
5666,svm,structured,2,1
5666,svm,tfidf,2,1
5669,svm,structured,2,0
5669,svm,tfidf,2,0
5671,svm,structured,2,2
5671,svm,tfidf,2,2
5673,svm,structured,2,0
5673,svm,tfidf,2,2
5696,svm,structured,2,0
5696,svm,tfidf,2,0
5698,svm,structured,2,0
5698,svm,tfidf,2,2
5699,svm,structured,2,3
5699,svm,tfidf,2,2
5700,svm,structured,2,3
5700,svm,tfidf,2,2
5718,svm,structured,2,1
5718,svm,tfidf,2,1
5723,svm,structured,3,3
5723,svm,tfidf,3,2
5725,svm,structured,1,1
5725,svm,tfidf,1,0
5728,svm,structured,2,1
5728,svm,tfidf,2,1
5736,svm,structured,3,0
5736,svm,tfidf,3,0
5740,svm,structured,2,0
5740,svm,tfidf,2,2
5762,svm,structured,1,1
5762,svm,tfidf,1,1
5763,svm,structured,2,3
5763,svm,tfidf,2,2
5768,svm,structured,2,3
5768,svm,tfidf,2,2
5789,svm,structured,0,0
5789,svm,tfidf,0,2
5797,svm,structured,3,3
5797,svm,tfidf,3,1
5801,svm,structured,2,0
5801,svm,tfidf,2,2
5805,svm,structured,2,3
5805,svm,tfidf,2,3
5806,svm,structured,2,0
5806,svm,tfidf,2,2
5821,svm,structured,2,3
5821,svm,tfidf,2,0
5828,svm,structured,3,3
5828,svm,tfidf,3,2
5836,svm,structured,1,1
5836,svm,tfidf,1,1
5837,svm,structured,2,0
5837,svm,tfidf,2,2
5839,svm,structured,2,2
5839,svm,tfidf,2,2
5840,svm,structured,2,3
5840,svm,tfidf,2,2
5850,svm,structured,0,2
5850,svm,tfidf,0,2
5854,svm,structured,2,3
5854,svm,tfidf,2,2
5864,svm,structured,2,3
5864,svm,tfidf,2,2
5865,svm,structured,2,0
5865,svm,tfidf,2,2
5869,svm,structured,2,3
5869,svm,tfidf,2,2
5872,svm,structured,3,3
5872,svm,tfidf,3,3
5887,svm,structured,0,1
5887,svm,tfidf,0,1
5890,svm,structured,2,1
5890,svm,tfidf,2,1
5903,svm,structured,2,2
5903,svm,tfidf,2,2
5906,svm,structured,2,1
5906,svm,tfidf,2,1
5909,svm,structured,2,3
5909,svm,tfidf,2,2
5912,svm,structured,2,3
5912,svm,tfidf,2,2
5915,svm,structured,2,3
5915,svm,tfidf,2,2
5919,svm,structured,2,2
5919,svm,tfidf,2,2
5921,svm,structured,2,3
5921,svm,tfidf,2,2
5924,svm,structured,2,2
5924,svm,tfidf,2,2
5932,svm,structured,0,1
5932,svm,tfidf,0,1
5937,svm,structured,3,3
5937,svm,tfidf,3,2
5940,svm,structured,2,0
5940,svm,tfidf,2,2
5951,svm,structured,2,2
5951,svm,tfidf,2,2
5966,svm,structured,2,2
5966,svm,tfidf,2,2
5995,svm,structured,2,2
5995,svm,tfidf,2,2
5999,svm,structured,3,1
5999,svm,tfidf,3,1
4525,logreg,structured,2,3
4525,logreg,tfidf,2,2
4654,logreg,structured,2,0
4654,logreg,tfidf,2,3
4678,logreg,structured,2,3
4678,logreg,tfidf,2,2
4744,logreg,structured,2,0
4744,logreg,tfidf,2,3
4752,logreg,structured,2,0
4752,logreg,tfidf,2,2
4848,logreg,structured,2,3
4848,logreg,tfidf,2,2
5006,logreg,structured,2,3
5006,logreg,tfidf,2,3
5008,logreg,structured,2,3
5008,logreg,tfidf,2,3
5063,logreg,structured,2,2
5063,logreg,tfidf,2,3
5137,logreg,structured,2,0
5137,logreg,tfidf,2,2
5175,logreg,structured,2,0
5175,logreg,tfidf,2,3
5219,logreg,structured,1,1
5219,logreg,tfidf,1,1
5237,logreg,structured,2,2
5237,logreg,tfidf,2,3
5293,logreg,structured,1,1
5293,logreg,tfidf,1,1
5310,logreg,structured,0,2
5310,logreg,tfidf,0,3
5524,logreg,structured,0,1
5524,logreg,tfidf,0,1
5558,logreg,structured,2,2
5558,logreg,tfidf,2,2
5611,logreg,structured,0,1
5611,logreg,tfidf,0,1
5863,logreg,structured,2,3
5863,logreg,tfidf,2,2
5905,logreg,structured,1,1
5905,logreg,tfidf,1,1
5942,logreg,structured,3,0
5942,logreg,tfidf,3,2
5977,logreg,structured,2,0
5977,logreg,tfidf,2,1
5988,logreg,structured,0,2
5988,logreg,tfidf,0,0
5989,logreg,structured,2,0
5989,logreg,tfidf,2,0
4856,logreg,structured,2,0
4856,logreg,tfidf,2,2
4969,logreg,structured,2,3
4969,logreg,tfidf,2,2
5178,logreg,structured,2,3
5178,logreg,tfidf,2,2
4878,logreg,structured,3,3
4878,logreg,tfidf,3,3
5128,logreg,structured,0,3
5128,logreg,tfidf,0,2
5517,logreg,structured,3,3
5517,logreg,tfidf,3,2
5623,logreg,structured,3,3
5623,logreg,tfidf,3,3
5458,logreg,structured,2,3
5458,logreg,tfidf,2,2
4549,logreg,structured,0,0
4549,logreg,tfidf,0,0
4896,logreg,structured,2,1
4896,logreg,tfidf,2,0
4922,logreg,structured,0,2
4922,logreg,tfidf,0,0
5085,logreg,structured,1,1
5085,logreg,tfidf,1,1
4579,logreg,structured,2,0
4579,logreg,tfidf,2,2
5086,logreg,structured,3,0
5086,logreg,tfidf,3,3
4504,logreg,structured,2,2
4504,logreg,tfidf,2,2
4512,logreg,structured,2,3
4512,logreg,tfidf,2,3
4520,logreg,structured,2,0
4520,logreg,tfidf,2,0
4522,logreg,structured,1,1
4522,logreg,tfidf,1,2
4526,logreg,structured,0,0
4526,logreg,tfidf,0,0
4528,logreg,structured,2,3
4528,logreg,tfidf,2,2
4535,logreg,structured,0,2
4535,logreg,tfidf,0,0
4537,logreg,structured,0,2
4537,logreg,tfidf,0,0
4540,logreg,structured,2,2
4540,logreg,tfidf,2,2
4541,logreg,structured,0,1
4541,logreg,tfidf,0,1
4544,logreg,structured,1,1
4544,logreg,tfidf,1,1
4545,logreg,structured,0,3
4545,logreg,tfidf,0,2
4547,logreg,structured,2,0
4547,logreg,tfidf,2,1
4558,logreg,structured,2,0
4558,logreg,tfidf,2,0
4562,logreg,structured,2,0
4562,logreg,tfidf,2,0
4569,logreg,structured,2,2
4569,logreg,tfidf,2,2
4571,logreg,structured,2,3
4571,logreg,tfidf,2,3
4581,logreg,structured,2,2
4581,logreg,tfidf,2,3
4584,logreg,structured,2,0
4584,logreg,tfidf,2,2
4591,logreg,structured,2,2
4591,logreg,tfidf,2,2
4602,logreg,structured,2,3
4602,logreg,tfidf,2,3
4611,logreg,structured,2,3
4611,logreg,tfidf,2,2
4617,logreg,structured,2,1
4617,logreg,tfidf,2,1
4629,logreg,structured,0,2
4629,logreg,tfidf,0,0
4631,logreg,structured,2,0
4631,logreg,tfidf,2,2
4648,logreg,structured,2,0
4648,logreg,tfidf,2,1
4660,logreg,structured,2,2
4660,logreg,tfidf,2,2
4668,logreg,structured,2,0
4668,logreg,tfidf,2,2
4670,logreg,structured,2,2
4670,logreg,tfidf,2,0
4672,logreg,structured,1,1
4672,logreg,tfidf,1,1
4676,logreg,structured,2,1
4676,logreg,tfidf,2,1
4688,logreg,structured,2,2
4688,logreg,tfidf,2,2
4693,logreg,structured,0,2
4693,logreg,tfidf,0,0
4704,logreg,structured,3,0
4704,logreg,tfidf,3,0
4705,logreg,structured,2,0
4705,logreg,tfidf,2,2
4707,logreg,structured,0,0
4707,logreg,tfidf,0,0
4713,logreg,structured,2,3
4713,logreg,tfidf,2,2
4718,logreg,structured,2,3
4718,logreg,tfidf,2,2
4725,logreg,structured,2,1
4725,logreg,tfidf,2,1
4734,logreg,structured,2,1
4734,logreg,tfidf,2,1
4736,logreg,structured,2,1
4736,logreg,tfidf,2,1
4743,logreg,structured,2,2
4743,logreg,tfidf,2,2
4756,logreg,structured,3,3
4756,logreg,tfidf,3,3
4789,logreg,structured,2,3
4789,logreg,tfidf,2,3
4791,logreg,structured,1,0
4791,logreg,tfidf,1,1
4792,logreg,structured,3,3
4792,logreg,tfidf,3,0
4794,logreg,structured,2,3
4794,logreg,tfidf,2,0
4802,logreg,structured,0,0
4802,logreg,tfidf,0,0
4804,logreg,structured,2,1
4804,logreg,tfidf,2,1
4812,logreg,structured,0,1
4812,logreg,tfidf,0,0
4813,logreg,structured,1,0
4813,logreg,tfidf,1,1
4816,logreg,structured,0,0
4816,logreg,tfidf,0,0
4820,logreg,structured,3,2
4820,logreg,tfidf,3,2
4827,logreg,structured,0,2
4827,logreg,tfidf,0,3
4833,logreg,structured,2,2
4833,logreg,tfidf,2,0
4840,logreg,structured,2,3
4840,logreg,tfidf,2,0
4841,logreg,structured,2,2
4841,logreg,tfidf,2,2
4851,logreg,structured,2,3
4851,logreg,tfidf,2,3
4852,logreg,structured,3,2
4852,logreg,tfidf,3,2
4854,logreg,structured,2,2
4854,logreg,tfidf,2,2
4860,logreg,structured,2,3
4860,logreg,tfidf,2,2
4863,logreg,structured,2,2
4863,logreg,tfidf,2,2
4864,logreg,structured,2,1
4864,logreg,tfidf,2,0
4879,logreg,structured,3,1
4879,logreg,tfidf,3,3
4894,logreg,structured,0,1
4894,logreg,tfidf,0,0
4897,logreg,structured,2,1
4897,logreg,tfidf,2,1
4904,logreg,structured,2,0
4904,logreg,tfidf,2,0
4907,logreg,structured,3,3
4907,logreg,tfidf,3,3
4911,logreg,structured,2,1
4911,logreg,tfidf,2,1
4915,logreg,structured,2,3
4915,logreg,tfidf,2,3
4920,logreg,structured,2,3
4920,logreg,tfidf,2,2
4925,logreg,structured,2,2
4925,logreg,tfidf,2,2
4927,logreg,structured,2,0
4927,logreg,tfidf,2,3
4928,logreg,structured,2,2
4928,logreg,tfidf,2,3
4930,logreg,structured,2,3
4930,logreg,tfidf,2,3
4937,logreg,structured,2,1
4937,logreg,tfidf,2,0
4949,logreg,structured,2,2
4949,logreg,tfidf,2,2
4957,logreg,structured,0,2
4957,logreg,tfidf,0,2
4964,logreg,structured,2,0
4964,logreg,tfidf,2,2
4968,logreg,structured,2,2
4968,logreg,tfidf,2,2
4976,logreg,structured,2,2
4976,logreg,tfidf,2,2
4986,logreg,structured,2,1
4986,logreg,tfidf,2,0
4995,logreg,structured,2,0
4995,logreg,tfidf,2,0
4999,logreg,structured,1,1
4999,logreg,tfidf,1,1
5005,logreg,structured,2,2
5005,logreg,tfidf,2,0
5011,logreg,structured,2,0
5011,logreg,tfidf,2,0
5012,logreg,structured,3,3
5012,logreg,tfidf,3,3
5020,logreg,structured,2,2
5020,logreg,tfidf,2,3
5026,logreg,structured,2,3
5026,logreg,tfidf,2,3
5031,logreg,structured,2,0
5031,logreg,tfidf,2,2
5037,logreg,structured,2,3
5037,logreg,tfidf,2,3
5050,logreg,structured,1,1
5050,logreg,tfidf,1,1
5051,logreg,structured,2,0
5051,logreg,tfidf,2,2
5054,logreg,structured,0,1
5054,logreg,tfidf,0,0
5065,logreg,structured,0,1
5065,logreg,tfidf,0,0
5073,logreg,structured,1,1
5073,logreg,tfidf,1,1
5075,logreg,structured,0,3
5075,logreg,tfidf,0,2
5096,logreg,structured,1,1
5096,logreg,tfidf,1,0
5107,logreg,structured,2,3
5107,logreg,tfidf,2,2
5109,logreg,structured,3,3
5109,logreg,tfidf,3,3
5110,logreg,structured,2,3
5110,logreg,tfidf,2,2
5112,logreg,structured,2,3
5112,logreg,tfidf,2,2
5125,logreg,structured,0,0
5125,logreg,tfidf,0,0
5147,logreg,structured,2,0
5147,logreg,tfidf,2,2
5148,logreg,structured,2,0
5148,logreg,tfidf,2,0
5149,logreg,structured,2,1
5149,logreg,tfidf,2,0
5165,logreg,structured,2,1
5165,logreg,tfidf,2,1
5169,logreg,structured,2,0
5169,logreg,tfidf,2,3
5171,logreg,structured,2,0
5171,logreg,tfidf,2,3
5172,logreg,structured,2,2
5172,logreg,tfidf,2,3
5177,logreg,structured,0,1
5177,logreg,tfidf,0,0
5183,logreg,structured,0,0
5183,logreg,tfidf,0,0
5193,logreg,structured,2,3
5193,logreg,tfidf,2,2
5194,logreg,structured,0,2
5194,logreg,tfidf,0,2
5197,logreg,structured,2,1
5197,logreg,tfidf,2,0
5199,logreg,structured,0,0
5199,logreg,tfidf,0,0
5204,logreg,structured,3,3
5204,logreg,tfidf,3,3
5205,logreg,structured,2,3
5205,logreg,tfidf,2,0
5210,logreg,structured,2,3
5210,logreg,tfidf,2,3
5211,logreg,structured,2,2
5211,logreg,tfidf,2,0
5214,logreg,structured,2,1
5214,logreg,tfidf,2,0
5227,logreg,structured,2,1
5227,logreg,tfidf,2,1
5241,logreg,structured,2,0
5241,logreg,tfidf,2,2
5246,logreg,structured,0,1
5246,logreg,tfidf,0,1
5247,logreg,structured,0,2
5247,logreg,tfidf,0,2
5250,logreg,structured,3,3
5250,logreg,tfidf,3,3
5252,logreg,structured,2,1
5252,logreg,tfidf,2,1
5260,logreg,structured,2,3
5260,logreg,tfidf,2,3
5261,logreg,structured,2,3
5261,logreg,tfidf,2,2
5276,logreg,structured,2,3
5276,logreg,tfidf,2,3
5277,logreg,structured,2,2
5277,logreg,tfidf,2,3
5288,logreg,structured,0,3
5288,logreg,tfidf,0,2
5290,logreg,structured,2,2
5290,logreg,tfidf,2,2
5298,logreg,structured,2,3
5298,logreg,tfidf,2,3
5302,logreg,structured,2,2
5302,logreg,tfidf,2,3
5315,logreg,structured,2,3
5315,logreg,tfidf,2,3
5317,logreg,structured,2,3
5317,logreg,tfidf,2,1
5324,logreg,structured,2,3
5324,logreg,tfidf,2,3
5329,logreg,structured,2,1
5329,logreg,tfidf,2,1
5332,logreg,structured,2,0
5332,logreg,tfidf,2,3
5335,logreg,structured,0,2
5335,logreg,tfidf,0,2
5339,logreg,structured,2,1
5339,logreg,tfidf,2,1
5340,logreg,structured,3,2
5340,logreg,tfidf,3,3
5348,logreg,structured,2,0
5348,logreg,tfidf,2,2
5352,logreg,structured,0,0
5352,logreg,tfidf,0,0
5358,logreg,structured,2,1
5358,logreg,tfidf,2,1
5359,logreg,structured,2,2
5359,logreg,tfidf,2,0
5364,logreg,structured,1,1
5364,logreg,tfidf,1,0
5367,logreg,structured,3,3
5367,logreg,tfidf,3,3
5368,logreg,structured,1,1
5368,logreg,tfidf,1,1
5374,logreg,structured,2,3
5374,logreg,tfidf,2,2
5377,logreg,structured,2,1
5377,logreg,tfidf,2,1
5384,logreg,structured,0,1
5384,logreg,tfidf,0,0
5385,logreg,structured,3,1
5385,logreg,tfidf,3,1
5391,logreg,structured,2,0
5391,logreg,tfidf,2,0
5392,logreg,structured,2,2
5392,logreg,tfidf,2,2
5393,logreg,structured,3,3
5393,logreg,tfidf,3,3
5408,logreg,structured,2,0
5408,logreg,tfidf,2,0
5413,logreg,structured,2,2
5413,logreg,tfidf,2,2
5418,logreg,structured,2,3
5418,logreg,tfidf,2,3
5421,logreg,structured,2,3
5421,logreg,tfidf,2,2
5423,logreg,structured,2,3
5423,logreg,tfidf,2,1
5425,logreg,structured,2,0
5425,logreg,tfidf,2,2
5426,logreg,structured,2,3
5426,logreg,tfidf,2,2
5429,logreg,structured,2,0
5429,logreg,tfidf,2,1
5430,logreg,structured,2,2
5430,logreg,tfidf,2,2
5432,logreg,structured,2,2
5432,logreg,tfidf,2,3
5441,logreg,structured,2,0
5441,logreg,tfidf,2,2
5446,logreg,structured,2,3
5446,logreg,tfidf,2,0
5453,logreg,structured,2,2
5453,logreg,tfidf,2,2
5470,logreg,structured,2,3
5470,logreg,tfidf,2,3
5480,logreg,structured,1,0
5480,logreg,tfidf,1,3
5482,logreg,structured,2,3
5482,logreg,tfidf,2,2
5483,logreg,structured,2,3
5483,logreg,tfidf,2,1
5485,logreg,structured,2,2
5485,logreg,tfidf,2,2
5499,logreg,structured,0,0
5499,logreg,tfidf,0,2
5503,logreg,structured,1,1
5503,logreg,tfidf,1,1
5511,logreg,structured,0,3
5511,logreg,tfidf,0,0
5515,logreg,structured,2,0
5515,logreg,tfidf,2,2
5518,logreg,structured,2,1
5518,logreg,tfidf,2,1
5526,logreg,structured,2,3
5526,logreg,tfidf,2,2
5527,logreg,structured,2,1
5527,logreg,tfidf,2,1
5537,logreg,structured,2,2
5537,logreg,tfidf,2,0
5540,logreg,structured,3,3
5540,logreg,tfidf,3,2
5544,logreg,structured,2,3
5544,logreg,tfidf,2,3
5559,logreg,structured,3,1
5559,logreg,tfidf,3,0
5565,logreg,structured,0,3
5565,logreg,tfidf,0,3
5566,logreg,structured,2,0
5566,logreg,tfidf,2,2
5570,logreg,structured,2,2
5570,logreg,tfidf,2,2
5573,logreg,structured,0,1
5573,logreg,tfidf,0,1
5587,logreg,structured,2,2
5587,logreg,tfidf,2,2
5591,logreg,structured,2,1
5591,logreg,tfidf,2,2
5593,logreg,structured,2,3
5593,logreg,tfidf,2,3
5594,logreg,structured,2,2
5594,logreg,tfidf,2,3
5596,logreg,structured,2,3
5596,logreg,tfidf,2,2
5599,logreg,structured,2,2
5599,logreg,tfidf,2,2
5602,logreg,structured,1,1
5602,logreg,tfidf,1,1
5607,logreg,structured,2,1
5607,logreg,tfidf,2,0
5613,logreg,structured,3,2
5613,logreg,tfidf,3,2
5617,logreg,structured,2,2
5617,logreg,tfidf,2,2
5625,logreg,structured,2,3
5625,logreg,tfidf,2,2
5627,logreg,structured,2,2
5627,logreg,tfidf,2,1
5628,logreg,structured,3,2
5628,logreg,tfidf,3,3
5633,logreg,structured,3,1
5633,logreg,tfidf,3,1
5638,logreg,structured,2,2
5638,logreg,tfidf,2,3
5650,logreg,structured,2,3
5650,logreg,tfidf,2,3
5651,logreg,structured,2,2
5651,logreg,tfidf,2,2
5654,logreg,structured,1,2
5654,logreg,tfidf,1,2
5659,logreg,structured,2,2
5659,logreg,tfidf,2,2
5661,logreg,structured,2,2
5661,logreg,tfidf,2,2
5662,logreg,structured,2,3
5662,logreg,tfidf,2,2
5666,logreg,structured,2,1
5666,logreg,tfidf,2,1
5669,logreg,structured,2,1
5669,logreg,tfidf,2,0
5671,logreg,structured,2,2
5671,logreg,tfidf,2,2
5673,logreg,structured,2,0
5673,logreg,tfidf,2,0
5696,logreg,structured,2,0
5696,logreg,tfidf,2,0
5698,logreg,structured,2,2
5698,logreg,tfidf,2,2
5699,logreg,structured,2,3
5699,logreg,tfidf,2,3
5700,logreg,structured,2,3
5700,logreg,tfidf,2,3
5718,logreg,structured,2,1
5718,logreg,tfidf,2,1
5723,logreg,structured,3,3
5723,logreg,tfidf,3,3
5725,logreg,structured,1,1
5725,logreg,tfidf,1,0
5728,logreg,structured,2,1
5728,logreg,tfidf,2,1
5736,logreg,structured,3,0
5736,logreg,tfidf,3,3
5740,logreg,structured,2,2
5740,logreg,tfidf,2,3
5762,logreg,structured,1,1
5762,logreg,tfidf,1,1
5763,logreg,structured,2,3
5763,logreg,tfidf,2,2
5768,logreg,structured,2,2
5768,logreg,tfidf,2,2
5789,logreg,structured,0,2
5789,logreg,tfidf,0,2
5797,logreg,structured,3,3
5797,logreg,tfidf,3,1
5801,logreg,structured,2,0
5801,logreg,tfidf,2,0
5805,logreg,structured,2,3
5805,logreg,tfidf,2,3
5806,logreg,structured,2,0
5806,logreg,tfidf,2,2
5821,logreg,structured,2,1
5821,logreg,tfidf,2,1
5828,logreg,structured,3,3
5828,logreg,tfidf,3,2
5836,logreg,structured,1,1
5836,logreg,tfidf,1,1
5837,logreg,structured,2,0
5837,logreg,tfidf,2,2
5839,logreg,structured,2,3
5839,logreg,tfidf,2,3
5840,logreg,structured,2,3
5840,logreg,tfidf,2,2
5850,logreg,structured,0,2
5850,logreg,tfidf,0,0
5854,logreg,structured,2,3
5854,logreg,tfidf,2,2
5864,logreg,structured,2,2
5864,logreg,tfidf,2,2
5865,logreg,structured,2,0
5865,logreg,tfidf,2,2
5869,logreg,structured,2,2
5869,logreg,tfidf,2,3
5872,logreg,structured,3,3
5872,logreg,tfidf,3,3
5887,logreg,structured,0,1
5887,logreg,tfidf,0,1
5890,logreg,structured,2,1
5890,logreg,tfidf,2,1
5903,logreg,structured,2,0
5903,logreg,tfidf,2,2
5906,logreg,structured,2,1
5906,logreg,tfidf,2,1
5909,logreg,structured,2,3
5909,logreg,tfidf,2,3
5912,logreg,structured,2,3
5912,logreg,tfidf,2,2
5915,logreg,structured,2,3
5915,logreg,tfidf,2,2
5919,logreg,structured,2,2
5919,logreg,tfidf,2,0
5921,logreg,structured,2,2
5921,logreg,tfidf,2,2
5924,logreg,structured,2,3
5924,logreg,tfidf,2,2
5932,logreg,structured,0,1
5932,logreg,tfidf,0,1
5937,logreg,structured,3,3
5937,logreg,tfidf,3,3
5940,logreg,structured,2,0
5940,logreg,tfidf,2,2
5951,logreg,structured,2,2
5951,logreg,tfidf,2,2
5966,logreg,structured,2,0
5966,logreg,tfidf,2,2
5995,logreg,structured,2,2
5995,logreg,tfidf,2,2
5999,logreg,structured,3,1
5999,logreg,tfidf,3,1
4525,random_forest,structured,2,2
4525,random_forest,tfidf,2,2
4654,random_forest,structured,2,0
4654,random_forest,tfidf,2,2
4678,random_forest,structured,2,3
4678,random_forest,tfidf,2,2
4744,random_forest,structured,2,0
4744,random_forest,tfidf,2,2
4752,random_forest,structured,2,2
4752,random_forest,tfidf,2,2
4848,random_forest,structured,2,2
4848,random_forest,tfidf,2,2
5006,random_forest,structured,2,3
5006,random_forest,tfidf,2,2
5008,random_forest,structured,2,2
5008,random_forest,tfidf,2,2
5063,random_forest,structured,2,3
5063,random_forest,tfidf,2,2
5137,random_forest,structured,2,2
5137,random_forest,tfidf,2,2
5175,random_forest,structured,2,2
5175,random_forest,tfidf,2,2
5219,random_forest,structured,1,1
5219,random_forest,tfidf,1,1
5237,random_forest,structured,2,2
5237,random_forest,tfidf,2,2
5293,random_forest,structured,1,1
5293,random_forest,tfidf,1,0
5310,random_forest,structured,0,3
5310,random_forest,tfidf,0,2
5524,random_forest,structured,0,1
5524,random_forest,tfidf,0,2
5558,random_forest,structured,2,2
5558,random_forest,tfidf,2,2
5611,random_forest,structured,0,1
5611,random_forest,tfidf,0,2
5863,random_forest,structured,2,2
5863,random_forest,tfidf,2,2
5905,random_forest,structured,1,2
5905,random_forest,tfidf,1,1
5942,random_forest,structured,3,2
5942,random_forest,tfidf,3,2
5977,random_forest,structured,2,0
5977,random_forest,tfidf,2,2
5988,random_forest,structured,0,2
5988,random_forest,tfidf,0,2
5989,random_forest,structured,2,0
5989,random_forest,tfidf,2,2
4856,random_forest,structured,2,2
4856,random_forest,tfidf,2,2
4969,random_forest,structured,2,0
4969,random_forest,tfidf,2,2
5178,random_forest,structured,2,2
5178,random_forest,tfidf,2,2
4878,random_forest,structured,3,2
4878,random_forest,tfidf,3,2
5128,random_forest,structured,0,3
5128,random_forest,tfidf,0,2
5517,random_forest,structured,3,3
5517,random_forest,tfidf,3,2
5623,random_forest,structured,3,2
5623,random_forest,tfidf,3,2
5458,random_forest,structured,2,2
5458,random_forest,tfidf,2,2
4549,random_forest,structured,0,2
4549,random_forest,tfidf,0,2
4896,random_forest,structured,2,2
4896,random_forest,tfidf,2,0
4922,random_forest,structured,0,2
4922,random_forest,tfidf,0,2
5085,random_forest,structured,1,1
5085,random_forest,tfidf,1,1
4579,random_forest,structured,2,0
4579,random_forest,tfidf,2,2
5086,random_forest,structured,3,2
5086,random_forest,tfidf,3,2
4504,random_forest,structured,2,2
4504,random_forest,tfidf,2,2
4512,random_forest,structured,2,2
4512,random_forest,tfidf,2,2
4520,random_forest,structured,2,2
4520,random_forest,tfidf,2,2
4522,random_forest,structured,1,1
4522,random_forest,tfidf,1,0
4526,random_forest,structured,0,2
4526,random_forest,tfidf,0,2
4528,random_forest,structured,2,2
4528,random_forest,tfidf,2,2
4535,random_forest,structured,0,2
4535,random_forest,tfidf,0,2
4537,random_forest,structured,0,2
4537,random_forest,tfidf,0,2
4540,random_forest,structured,2,2
4540,random_forest,tfidf,2,2
4541,random_forest,structured,0,1
4541,random_forest,tfidf,0,1
4544,random_forest,structured,1,1
4544,random_forest,tfidf,1,2
4545,random_forest,structured,0,2
4545,random_forest,tfidf,0,2
4547,random_forest,structured,2,0
4547,random_forest,tfidf,2,0
4558,random_forest,structured,2,2
4558,random_forest,tfidf,2,2
4562,random_forest,structured,2,2
4562,random_forest,tfidf,2,2
4569,random_forest,structured,2,2
4569,random_forest,tfidf,2,2
4571,random_forest,structured,2,2
4571,random_forest,tfidf,2,2
4581,random_forest,structured,2,2
4581,random_forest,tfidf,2,2
4584,random_forest,structured,2,2
4584,random_forest,tfidf,2,2
4591,random_forest,structured,2,2
4591,random_forest,tfidf,2,2
4602,random_forest,structured,2,2
4602,random_forest,tfidf,2,2
4611,random_forest,structured,2,1
4611,random_forest,tfidf,2,2
4617,random_forest,structured,2,2
4617,random_forest,tfidf,2,0
4629,random_forest,structured,0,2
4629,random_forest,tfidf,0,2
4631,random_forest,structured,2,2
4631,random_forest,tfidf,2,2
4648,random_forest,structured,2,0
4648,random_forest,tfidf,2,2
4660,random_forest,structured,2,2
4660,random_forest,tfidf,2,2
4668,random_forest,structured,2,2
4668,random_forest,tfidf,2,2
4670,random_forest,structured,2,2
4670,random_forest,tfidf,2,2
4672,random_forest,structured,1,1
4672,random_forest,tfidf,1,1
4676,random_forest,structured,2,2
4676,random_forest,tfidf,2,2
4688,random_forest,structured,2,2
4688,random_forest,tfidf,2,2
4693,random_forest,structured,0,2
4693,random_forest,tfidf,0,2
4704,random_forest,structured,3,2
4704,random_forest,tfidf,3,2
4705,random_forest,structured,2,0
4705,random_forest,tfidf,2,2
4707,random_forest,structured,0,2
4707,random_forest,tfidf,0,2
4713,random_forest,structured,2,2
4713,random_forest,tfidf,2,2
4718,random_forest,structured,2,2
4718,random_forest,tfidf,2,2
4725,random_forest,structured,2,1
4725,random_forest,tfidf,2,2
4734,random_forest,structured,2,1
4734,random_forest,tfidf,2,2
4736,random_forest,structured,2,2
4736,random_forest,tfidf,2,2
4743,random_forest,structured,2,2
4743,random_forest,tfidf,2,2
4756,random_forest,structured,3,2
4756,random_forest,tfidf,3,2
4789,random_forest,structured,2,2
4789,random_forest,tfidf,2,2
4791,random_forest,structured,1,0
4791,random_forest,tfidf,1,1
4792,random_forest,structured,3,2
4792,random_forest,tfidf,3,2
4794,random_forest,structured,2,2
4794,random_forest,tfidf,2,2
4802,random_forest,structured,0,0
4802,random_forest,tfidf,0,0
4804,random_forest,structured,2,1
4804,random_forest,tfidf,2,1
4812,random_forest,structured,0,1
4812,random_forest,tfidf,0,0
4813,random_forest,structured,1,0
4813,random_forest,tfidf,1,2
4816,random_forest,structured,0,0
4816,random_forest,tfidf,0,0
4820,random_forest,structured,3,2
4820,random_forest,tfidf,3,2
4827,random_forest,structured,0,2
4827,random_forest,tfidf,0,2
4833,random_forest,structured,2,0
4833,random_forest,tfidf,2,2
4840,random_forest,structured,2,2
4840,random_forest,tfidf,2,2
4841,random_forest,structured,2,2
4841,random_forest,tfidf,2,2
4851,random_forest,structured,2,2
4851,random_forest,tfidf,2,2
4852,random_forest,structured,3,2
4852,random_forest,tfidf,3,2
4854,random_forest,structured,2,2
4854,random_forest,tfidf,2,2
4860,random_forest,structured,2,2
4860,random_forest,tfidf,2,2
4863,random_forest,structured,2,2
4863,random_forest,tfidf,2,2
4864,random_forest,structured,2,2
4864,random_forest,tfidf,2,0
4879,random_forest,structured,3,0
4879,random_forest,tfidf,3,2
4894,random_forest,structured,0,2
4894,random_forest,tfidf,0,2
4897,random_forest,structured,2,2
4897,random_forest,tfidf,2,2
4904,random_forest,structured,2,2
4904,random_forest,tfidf,2,2
4907,random_forest,structured,3,2
4907,random_forest,tfidf,3,2
4911,random_forest,structured,2,1
4911,random_forest,tfidf,2,1
4915,random_forest,structured,2,2
4915,random_forest,tfidf,2,2
4920,random_forest,structured,2,2
4920,random_forest,tfidf,2,2
4925,random_forest,structured,2,2
4925,random_forest,tfidf,2,2
4927,random_forest,structured,2,2
4927,random_forest,tfidf,2,2
4928,random_forest,structured,2,2
4928,random_forest,tfidf,2,2
4930,random_forest,structured,2,3
4930,random_forest,tfidf,2,2
4937,random_forest,structured,2,1
4937,random_forest,tfidf,2,1
4949,random_forest,structured,2,2
4949,random_forest,tfidf,2,2
4957,random_forest,structured,0,2
4957,random_forest,tfidf,0,2
4964,random_forest,structured,2,2
4964,random_forest,tfidf,2,2
4968,random_forest,structured,2,2
4968,random_forest,tfidf,2,2
4976,random_forest,structured,2,2
4976,random_forest,tfidf,2,2
4986,random_forest,structured,2,0
4986,random_forest,tfidf,2,0
4995,random_forest,structured,2,2
4995,random_forest,tfidf,2,2
4999,random_forest,structured,1,1
4999,random_forest,tfidf,1,1
5005,random_forest,structured,2,3
5005,random_forest,tfidf,2,2
5011,random_forest,structured,2,0
5011,random_forest,tfidf,2,2
5012,random_forest,structured,3,2
5012,random_forest,tfidf,3,2
5020,random_forest,structured,2,2
5020,random_forest,tfidf,2,2
5026,random_forest,structured,2,2
5026,random_forest,tfidf,2,2
5031,random_forest,structured,2,2
5031,random_forest,tfidf,2,2
5037,random_forest,structured,2,3
5037,random_forest,tfidf,2,2
5050,random_forest,structured,1,1
5050,random_forest,tfidf,1,2
5051,random_forest,structured,2,2
5051,random_forest,tfidf,2,2
5054,random_forest,structured,0,0
5054,random_forest,tfidf,0,0
5065,random_forest,structured,0,0
5065,random_forest,tfidf,0,0
5073,random_forest,structured,1,2
5073,random_forest,tfidf,1,2
5075,random_forest,structured,0,2
5075,random_forest,tfidf,0,2
5096,random_forest,structured,1,1
5096,random_forest,tfidf,1,1
5107,random_forest,structured,2,2
5107,random_forest,tfidf,2,2
5109,random_forest,structured,3,2
5109,random_forest,tfidf,3,2
5110,random_forest,structured,2,2
5110,random_forest,tfidf,2,2
5112,random_forest,structured,2,2
5112,random_forest,tfidf,2,2
5125,random_forest,structured,0,0
5125,random_forest,tfidf,0,2
5147,random_forest,structured,2,2
5147,random_forest,tfidf,2,2
5148,random_forest,structured,2,2
5148,random_forest,tfidf,2,2
5149,random_forest,structured,2,1
5149,random_forest,tfidf,2,0
5165,random_forest,structured,2,2
5165,random_forest,tfidf,2,2
5169,random_forest,structured,2,2
5169,random_forest,tfidf,2,2
5171,random_forest,structured,2,2
5171,random_forest,tfidf,2,2
5172,random_forest,structured,2,2
5172,random_forest,tfidf,2,2
5177,random_forest,structured,0,0
5177,random_forest,tfidf,0,0
5183,random_forest,structured,0,0
5183,random_forest,tfidf,0,0
5193,random_forest,structured,2,2
5193,random_forest,tfidf,2,2
5194,random_forest,structured,0,0
5194,random_forest,tfidf,0,2
5197,random_forest,structured,2,2
5197,random_forest,tfidf,2,2
5199,random_forest,structured,0,2
5199,random_forest,tfidf,0,2
5204,random_forest,structured,3,2
5204,random_forest,tfidf,3,2
5205,random_forest,structured,2,2
5205,random_forest,tfidf,2,2
5210,random_forest,structured,2,2
5210,random_forest,tfidf,2,2
5211,random_forest,structured,2,2
5211,random_forest,tfidf,2,2
5214,random_forest,structured,2,2
5214,random_forest,tfidf,2,0
5227,random_forest,structured,2,2
5227,random_forest,tfidf,2,2
5241,random_forest,structured,2,2
5241,random_forest,tfidf,2,2
5246,random_forest,structured,0,2
5246,random_forest,tfidf,0,1
5247,random_forest,structured,0,2
5247,random_forest,tfidf,0,2
5250,random_forest,structured,3,2
5250,random_forest,tfidf,3,2
5252,random_forest,structured,2,1
5252,random_forest,tfidf,2,2
5260,random_forest,structured,2,3
5260,random_forest,tfidf,2,2
5261,random_forest,structured,2,2
5261,random_forest,tfidf,2,2
5276,random_forest,structured,2,2
5276,random_forest,tfidf,2,2
5277,random_forest,structured,2,2
5277,random_forest,tfidf,2,2
5288,random_forest,structured,0,0
5288,random_forest,tfidf,0,2
5290,random_forest,structured,2,3
5290,random_forest,tfidf,2,2
5298,random_forest,structured,2,3
5298,random_forest,tfidf,2,2
5302,random_forest,structured,2,2
5302,random_forest,tfidf,2,2
5315,random_forest,structured,2,2
5315,random_forest,tfidf,2,2
5317,random_forest,structured,2,2
5317,random_forest,tfidf,2,0
5324,random_forest,structured,2,2
5324,random_forest,tfidf,2,2
5329,random_forest,structured,2,2
5329,random_forest,tfidf,2,2
5332,random_forest,structured,2,2
5332,random_forest,tfidf,2,2
5335,random_forest,structured,0,2
5335,random_forest,tfidf,0,2
5339,random_forest,structured,2,1
5339,random_forest,tfidf,2,1
5340,random_forest,structured,3,0
5340,random_forest,tfidf,3,2
5348,random_forest,structured,2,0
5348,random_forest,tfidf,2,2
5352,random_forest,structured,0,0
5352,random_forest,tfidf,0,2
5358,random_forest,structured,2,1
5358,random_forest,tfidf,2,1
5359,random_forest,structured,2,2
5359,random_forest,tfidf,2,2
5364,random_forest,structured,1,0
5364,random_forest,tfidf,1,0
5367,random_forest,structured,3,3
5367,random_forest,tfidf,3,2
5368,random_forest,structured,1,2
5368,random_forest,tfidf,1,1
5374,random_forest,structured,2,2
5374,random_forest,tfidf,2,2
5377,random_forest,structured,2,0
5377,random_forest,tfidf,2,1
5384,random_forest,structured,0,0
5384,random_forest,tfidf,0,0
5385,random_forest,structured,3,2
5385,random_forest,tfidf,3,2
5391,random_forest,structured,2,2
5391,random_forest,tfidf,2,2
5392,random_forest,structured,2,2
5392,random_forest,tfidf,2,2
5393,random_forest,structured,3,3
5393,random_forest,tfidf,3,2
5408,random_forest,structured,2,2
5408,random_forest,tfidf,2,2
5413,random_forest,structured,2,2
5413,random_forest,tfidf,2,2
5418,random_forest,structured,2,2
5418,random_forest,tfidf,2,2
5421,random_forest,structured,2,2
5421,random_forest,tfidf,2,2
5423,random_forest,structured,2,2
5423,random_forest,tfidf,2,2
5425,random_forest,structured,2,2
5425,random_forest,tfidf,2,2
5426,random_forest,structured,2,3
5426,random_forest,tfidf,2,2
5429,random_forest,structured,2,2
5429,random_forest,tfidf,2,2
5430,random_forest,structured,2,0
5430,random_forest,tfidf,2,2
5432,random_forest,structured,2,2
5432,random_forest,tfidf,2,2
5441,random_forest,structured,2,2
5441,random_forest,tfidf,2,2
5446,random_forest,structured,2,1
5446,random_forest,tfidf,2,0
5453,random_forest,structured,2,2
5453,random_forest,tfidf,2,2
5470,random_forest,structured,2,2
5470,random_forest,tfidf,2,2
5480,random_forest,structured,1,0
5480,random_forest,tfidf,1,2
5482,random_forest,structured,2,2
5482,random_forest,tfidf,2,2
5483,random_forest,structured,2,2
5483,random_forest,tfidf,2,2
5485,random_forest,structured,2,2
5485,random_forest,tfidf,2,2
5499,random_forest,structured,0,2
5499,random_forest,tfidf,0,2
5503,random_forest,structured,1,1
5503,random_forest,tfidf,1,1
5511,random_forest,structured,0,2
5511,random_forest,tfidf,0,2
5515,random_forest,structured,2,2
5515,random_forest,tfidf,2,2
5518,random_forest,structured,2,0
5518,random_forest,tfidf,2,0
5526,random_forest,structured,2,3
5526,random_forest,tfidf,2,2
5527,random_forest,structured,2,1
5527,random_forest,tfidf,2,2
5537,random_forest,structured,2,0
5537,random_forest,tfidf,2,2
5540,random_forest,structured,3,2
5540,random_forest,tfidf,3,2
5544,random_forest,structured,2,2
5544,random_forest,tfidf,2,2
5559,random_forest,structured,3,0
5559,random_forest,tfidf,3,0
5565,random_forest,structured,0,2
5565,random_forest,tfidf,0,3
5566,random_forest,structured,2,0
5566,random_forest,tfidf,2,2
5570,random_forest,structured,2,2
5570,random_forest,tfidf,2,2
5573,random_forest,structured,0,1
5573,random_forest,tfidf,0,1
5587,random_forest,structured,2,2
5587,random_forest,tfidf,2,2
5591,random_forest,structured,2,2
5591,random_forest,tfidf,2,2
5593,random_forest,structured,2,2
5593,random_forest,tfidf,2,2
5594,random_forest,structured,2,2
5594,random_forest,tfidf,2,2
5596,random_forest,structured,2,2
5596,random_forest,tfidf,2,2
5599,random_forest,structured,2,2
5599,random_forest,tfidf,2,2
5602,random_forest,structured,1,0
5602,random_forest,tfidf,1,1
5607,random_forest,structured,2,2
5607,random_forest,tfidf,2,2
5613,random_forest,structured,3,2
5613,random_forest,tfidf,3,2
5617,random_forest,structured,2,2
5617,random_forest,tfidf,2,2
5625,random_forest,structured,2,3
5625,random_forest,tfidf,2,2
5627,random_forest,structured,2,2
5627,random_forest,tfidf,2,2
5628,random_forest,structured,3,2
5628,random_forest,tfidf,3,2
5633,random_forest,structured,3,2
5633,random_forest,tfidf,3,1
5638,random_forest,structured,2,2
5638,random_forest,tfidf,2,2
5650,random_forest,structured,2,2
5650,random_forest,tfidf,2,2
5651,random_forest,structured,2,3
5651,random_forest,tfidf,2,2
5654,random_forest,structured,1,2
5654,random_forest,tfidf,1,2
5659,random_forest,structured,2,2
5659,random_forest,tfidf,2,2
5661,random_forest,structured,2,2
5661,random_forest,tfidf,2,2
5662,random_forest,structured,2,1
5662,random_forest,tfidf,2,2
5666,random_forest,structured,2,0
5666,random_forest,tfidf,2,1
5669,random_forest,structured,2,2
5669,random_forest,tfidf,2,0
5671,random_forest,structured,2,2
5671,random_forest,tfidf,2,2
5673,random_forest,structured,2,2
5673,random_forest,tfidf,2,2
5696,random_forest,structured,2,0
5696,random_forest,tfidf,2,2
5698,random_forest,structured,2,2
5698,random_forest,tfidf,2,2
5699,random_forest,structured,2,2
5699,random_forest,tfidf,2,2
5700,random_forest,structured,2,2
5700,random_forest,tfidf,2,2
5718,random_forest,structured,2,1
5718,random_forest,tfidf,2,2
5723,random_forest,structured,3,2
5723,random_forest,tfidf,3,2
5725,random_forest,structured,1,1
5725,random_forest,tfidf,1,2
5728,random_forest,structured,2,2
5728,random_forest,tfidf,2,2
5736,random_forest,structured,3,2
5736,random_forest,tfidf,3,2
5740,random_forest,structured,2,2
5740,random_forest,tfidf,2,2
5762,random_forest,structured,1,1
5762,random_forest,tfidf,1,1
5763,random_forest,structured,2,2
5763,random_forest,tfidf,2,2
5768,random_forest,structured,2,2
5768,random_forest,tfidf,2,2
5789,random_forest,structured,0,0
5789,random_forest,tfidf,0,2
5797,random_forest,structured,3,2
5797,random_forest,tfidf,3,2
5801,random_forest,structured,2,2
5801,random_forest,tfidf,2,2
5805,random_forest,structured,2,2
5805,random_forest,tfidf,2,2
5806,random_forest,structured,2,2
5806,random_forest,tfidf,2,2
5821,random_forest,structured,2,1
5821,random_forest,tfidf,2,0
5828,random_forest,structured,3,2
5828,random_forest,tfidf,3,2
5836,random_forest,structured,1,1
5836,random_forest,tfidf,1,1
5837,random_forest,structured,2,0
5837,random_forest,tfidf,2,2
5839,random_forest,structured,2,2
5839,random_forest,tfidf,2,2
5840,random_forest,structured,2,2
5840,random_forest,tfidf,2,2
5850,random_forest,structured,0,2
5850,random_forest,tfidf,0,2
5854,random_forest,structured,2,0
5854,random_forest,tfidf,2,2
5864,random_forest,structured,2,2
5864,random_forest,tfidf,2,2
5865,random_forest,structured,2,0
5865,random_forest,tfidf,2,2
5869,random_forest,structured,2,2
5869,random_forest,tfidf,2,2
5872,random_forest,structured,3,2
5872,random_forest,tfidf,3,2
5887,random_forest,structured,0,1
5887,random_forest,tfidf,0,2
5890,random_forest,structured,2,1
5890,random_forest,tfidf,2,2
5903,random_forest,structured,2,2
5903,random_forest,tfidf,2,2
5906,random_forest,structured,2,0
5906,random_forest,tfidf,2,1
5909,random_forest,structured,2,2
5909,random_forest,tfidf,2,2
5912,random_forest,structured,2,0
5912,random_forest,tfidf,2,2
5915,random_forest,structured,2,2
5915,random_forest,tfidf,2,2
5919,random_forest,structured,2,2
5919,random_forest,tfidf,2,2
5921,random_forest,structured,2,2
5921,random_forest,tfidf,2,2
5924,random_forest,structured,2,2
5924,random_forest,tfidf,2,2
5932,random_forest,structured,0,1
5932,random_forest,tfidf,0,0
5937,random_forest,structured,3,3
5937,random_forest,tfidf,3,2
5940,random_forest,structured,2,2
5940,random_forest,tfidf,2,2
5951,random_forest,structured,2,2
5951,random_forest,tfidf,2,2
5966,random_forest,structured,2,2
5966,random_forest,tfidf,2,2
5995,random_forest,structured,2,2
5995,random_forest,tfidf,2,2
5999,random_forest,structured,3,1
5999,random_forest,tfidf,3,2
4525,lightgbm,structured,2,2
4525,lightgbm,tfidf,2,2
4654,lightgbm,structured,2,0
4654,lightgbm,tfidf,2,2
4678,lightgbm,structured,2,3
4678,lightgbm,tfidf,2,2
4744,lightgbm,structured,2,0
4744,lightgbm,tfidf,2,2
4752,lightgbm,structured,2,2
4752,lightgbm,tfidf,2,2
4848,lightgbm,structured,2,2
4848,lightgbm,tfidf,2,2
5006,lightgbm,structured,2,3
5006,lightgbm,tfidf,2,2
5008,lightgbm,structured,2,2
5008,lightgbm,tfidf,2,2
5063,lightgbm,structured,2,3
5063,lightgbm,tfidf,2,3
5137,lightgbm,structured,2,2
5137,lightgbm,tfidf,2,2
5175,lightgbm,structured,2,2
5175,lightgbm,tfidf,2,2
5219,lightgbm,structured,1,1
5219,lightgbm,tfidf,1,1
5237,lightgbm,structured,2,2
5237,lightgbm,tfidf,2,2
5293,lightgbm,structured,1,1
5293,lightgbm,tfidf,1,1
5310,lightgbm,structured,0,3
5310,lightgbm,tfidf,0,2
5524,lightgbm,structured,0,2
5524,lightgbm,tfidf,0,0
5558,lightgbm,structured,2,2
5558,lightgbm,tfidf,2,2
5611,lightgbm,structured,0,1
5611,lightgbm,tfidf,0,2
5863,lightgbm,structured,2,2
5863,lightgbm,tfidf,2,2
5905,lightgbm,structured,1,2
5905,lightgbm,tfidf,1,2
5942,lightgbm,structured,3,2
5942,lightgbm,tfidf,3,2
5977,lightgbm,structured,2,3
5977,lightgbm,tfidf,2,2
5988,lightgbm,structured,0,2
5988,lightgbm,tfidf,0,0
5989,lightgbm,structured,2,2
5989,lightgbm,tfidf,2,2
4856,lightgbm,structured,2,2
4856,lightgbm,tfidf,2,2
4969,lightgbm,structured,2,0
4969,lightgbm,tfidf,2,2
5178,lightgbm,structured,2,2
5178,lightgbm,tfidf,2,2
4878,lightgbm,structured,3,2
4878,lightgbm,tfidf,3,2
5128,lightgbm,structured,0,2
5128,lightgbm,tfidf,0,2
5517,lightgbm,structured,3,2
5517,lightgbm,tfidf,3,2
5623,lightgbm,structured,3,3
5623,lightgbm,tfidf,3,2
5458,lightgbm,structured,2,1
5458,lightgbm,tfidf,2,2
4549,lightgbm,structured,0,2
4549,lightgbm,tfidf,0,2
4896,lightgbm,structured,2,2
4896,lightgbm,tfidf,2,0
4922,lightgbm,structured,0,2
4922,lightgbm,tfidf,0,2
5085,lightgbm,structured,1,0
5085,lightgbm,tfidf,1,0
4579,lightgbm,structured,2,0
4579,lightgbm,tfidf,2,2
5086,lightgbm,structured,3,2
5086,lightgbm,tfidf,3,2
4504,lightgbm,structured,2,2
4504,lightgbm,tfidf,2,2
4512,lightgbm,structured,2,2
4512,lightgbm,tfidf,2,2
4520,lightgbm,structured,2,2
4520,lightgbm,tfidf,2,2
4522,lightgbm,structured,1,2
4522,lightgbm,tfidf,1,2
4526,lightgbm,structured,0,0
4526,lightgbm,tfidf,0,0
4528,lightgbm,structured,2,2
4528,lightgbm,tfidf,2,2
4535,lightgbm,structured,0,2
4535,lightgbm,tfidf,0,2
4537,lightgbm,structured,0,2
4537,lightgbm,tfidf,0,0
4540,lightgbm,structured,2,2
4540,lightgbm,tfidf,2,2
4541,lightgbm,structured,0,2
4541,lightgbm,tfidf,0,1
4544,lightgbm,structured,1,1
4544,lightgbm,tfidf,1,2
4545,lightgbm,structured,0,3
4545,lightgbm,tfidf,0,2
4547,lightgbm,structured,2,0
4547,lightgbm,tfidf,2,2
4558,lightgbm,structured,2,2
4558,lightgbm,tfidf,2,2
4562,lightgbm,structured,2,2
4562,lightgbm,tfidf,2,2
4569,lightgbm,structured,2,2
4569,lightgbm,tfidf,2,2
4571,lightgbm,structured,2,2
4571,lightgbm,tfidf,2,3
4581,lightgbm,structured,2,2
4581,lightgbm,tfidf,2,2
4584,lightgbm,structured,2,0
4584,lightgbm,tfidf,2,2
4591,lightgbm,structured,2,2
4591,lightgbm,tfidf,2,2
4602,lightgbm,structured,2,2
4602,lightgbm,tfidf,2,2
4611,lightgbm,structured,2,1
4611,lightgbm,tfidf,2,2
4617,lightgbm,structured,2,2
4617,lightgbm,tfidf,2,2
4629,lightgbm,structured,0,2
4629,lightgbm,tfidf,0,2
4631,lightgbm,structured,2,2
4631,lightgbm,tfidf,2,2
4648,lightgbm,structured,2,0
4648,lightgbm,tfidf,2,2
4660,lightgbm,structured,2,2
4660,lightgbm,tfidf,2,2
4668,lightgbm,structured,2,2
4668,lightgbm,tfidf,2,2
4670,lightgbm,structured,2,2
4670,lightgbm,tfidf,2,2
4672,lightgbm,structured,1,1
4672,lightgbm,tfidf,1,1
4676,lightgbm,structured,2,2
4676,lightgbm,tfidf,2,0
4688,lightgbm,structured,2,2
4688,lightgbm,tfidf,2,2
4693,lightgbm,structured,0,2
4693,lightgbm,tfidf,0,2
4704,lightgbm,structured,3,2
4704,lightgbm,tfidf,3,2
4705,lightgbm,structured,2,2
4705,lightgbm,tfidf,2,2
4707,lightgbm,structured,0,0
4707,lightgbm,tfidf,0,2
4713,lightgbm,structured,2,3
4713,lightgbm,tfidf,2,2
4718,lightgbm,structured,2,2
4718,lightgbm,tfidf,2,2
4725,lightgbm,structured,2,1
4725,lightgbm,tfidf,2,2
4734,lightgbm,structured,2,2
4734,lightgbm,tfidf,2,2
4736,lightgbm,structured,2,2
4736,lightgbm,tfidf,2,2
4743,lightgbm,structured,2,2
4743,lightgbm,tfidf,2,2
4756,lightgbm,structured,3,2
4756,lightgbm,tfidf,3,2
4789,lightgbm,structured,2,2
4789,lightgbm,tfidf,2,2
4791,lightgbm,structured,1,0
4791,lightgbm,tfidf,1,1
4792,lightgbm,structured,3,2
4792,lightgbm,tfidf,3,2
4794,lightgbm,structured,2,3
4794,lightgbm,tfidf,2,2
4802,lightgbm,structured,0,0
4802,lightgbm,tfidf,0,0
4804,lightgbm,structured,2,2
4804,lightgbm,tfidf,2,0
4812,lightgbm,structured,0,1
4812,lightgbm,tfidf,0,0
4813,lightgbm,structured,1,0
4813,lightgbm,tfidf,1,2
4816,lightgbm,structured,0,0
4816,lightgbm,tfidf,0,0
4820,lightgbm,structured,3,2
4820,lightgbm,tfidf,3,2
4827,lightgbm,structured,0,2
4827,lightgbm,tfidf,0,2
4833,lightgbm,structured,2,2
4833,lightgbm,tfidf,2,2
4840,lightgbm,structured,2,2
4840,lightgbm,tfidf,2,2
4841,lightgbm,structured,2,2
4841,lightgbm,tfidf,2,2
4851,lightgbm,structured,2,2
4851,lightgbm,tfidf,2,2
4852,lightgbm,structured,3,2
4852,lightgbm,tfidf,3,2
4854,lightgbm,structured,2,2
4854,lightgbm,tfidf,2,2
4860,lightgbm,structured,2,2
4860,lightgbm,tfidf,2,2
4863,lightgbm,structured,2,2
4863,lightgbm,tfidf,2,2
4864,lightgbm,structured,2,2
4864,lightgbm,tfidf,2,2
4879,lightgbm,structured,3,0
4879,lightgbm,tfidf,3,2
4894,lightgbm,structured,0,1
4894,lightgbm,tfidf,0,2
4897,lightgbm,structured,2,2
4897,lightgbm,tfidf,2,3
4904,lightgbm,structured,2,2
4904,lightgbm,tfidf,2,2
4907,lightgbm,structured,3,2
4907,lightgbm,tfidf,3,2
4911,lightgbm,structured,2,2
4911,lightgbm,tfidf,2,1
4915,lightgbm,structured,2,2
4915,lightgbm,tfidf,2,2
4920,lightgbm,structured,2,2
4920,lightgbm,tfidf,2,2
4925,lightgbm,structured,2,2
4925,lightgbm,tfidf,2,2
4927,lightgbm,structured,2,2
4927,lightgbm,tfidf,2,2
4928,lightgbm,structured,2,2
4928,lightgbm,tfidf,2,2
4930,lightgbm,structured,2,3
4930,lightgbm,tfidf,2,2
4937,lightgbm,structured,2,2
4937,lightgbm,tfidf,2,2
4949,lightgbm,structured,2,2
4949,lightgbm,tfidf,2,2
4957,lightgbm,structured,0,2
4957,lightgbm,tfidf,0,2
4964,lightgbm,structured,2,0
4964,lightgbm,tfidf,2,2
4968,lightgbm,structured,2,2
4968,lightgbm,tfidf,2,2
4976,lightgbm,structured,2,2
4976,lightgbm,tfidf,2,2
4986,lightgbm,structured,2,0
4986,lightgbm,tfidf,2,2
4995,lightgbm,structured,2,0
4995,lightgbm,tfidf,2,2
4999,lightgbm,structured,1,1
4999,lightgbm,tfidf,1,1
5005,lightgbm,structured,2,3
5005,lightgbm,tfidf,2,0
5011,lightgbm,structured,2,0
5011,lightgbm,tfidf,2,2
5012,lightgbm,structured,3,3
5012,lightgbm,tfidf,3,2
5020,lightgbm,structured,2,3
5020,lightgbm,tfidf,2,2
5026,lightgbm,structured,2,2
5026,lightgbm,tfidf,2,2
5031,lightgbm,structured,2,2
5031,lightgbm,tfidf,2,2
5037,lightgbm,structured,2,2
5037,lightgbm,tfidf,2,2
5050,lightgbm,structured,1,2
5050,lightgbm,tfidf,1,0
5051,lightgbm,structured,2,2
5051,lightgbm,tfidf,2,2
5054,lightgbm,structured,0,0
5054,lightgbm,tfidf,0,0
5065,lightgbm,structured,0,0
5065,lightgbm,tfidf,0,0
5073,lightgbm,structured,1,1
5073,lightgbm,tfidf,1,2
5075,lightgbm,structured,0,2
5075,lightgbm,tfidf,0,0
5096,lightgbm,structured,1,1
5096,lightgbm,tfidf,1,1
5107,lightgbm,structured,2,2
5107,lightgbm,tfidf,2,2
5109,lightgbm,structured,3,2
5109,lightgbm,tfidf,3,2
5110,lightgbm,structured,2,2
5110,lightgbm,tfidf,2,2
5112,lightgbm,structured,2,2
5112,lightgbm,tfidf,2,2
5125,lightgbm,structured,0,2
5125,lightgbm,tfidf,0,2
5147,lightgbm,structured,2,2
5147,lightgbm,tfidf,2,2
5148,lightgbm,structured,2,2
5148,lightgbm,tfidf,2,2
5149,lightgbm,structured,2,1
5149,lightgbm,tfidf,2,2
5165,lightgbm,structured,2,0
5165,lightgbm,tfidf,2,2
5169,lightgbm,structured,2,2
5169,lightgbm,tfidf,2,2
5171,lightgbm,structured,2,2
5171,lightgbm,tfidf,2,2
5172,lightgbm,structured,2,2
5172,lightgbm,tfidf,2,2
5177,lightgbm,structured,0,2
5177,lightgbm,tfidf,0,2
5183,lightgbm,structured,0,3
5183,lightgbm,tfidf,0,0
5193,lightgbm,structured,2,2
5193,lightgbm,tfidf,2,2
5194,lightgbm,structured,0,2
5194,lightgbm,tfidf,0,2
5197,lightgbm,structured,2,1
5197,lightgbm,tfidf,2,2
5199,lightgbm,structured,0,2
5199,lightgbm,tfidf,0,2
5204,lightgbm,structured,3,2
5204,lightgbm,tfidf,3,3
5205,lightgbm,structured,2,2
5205,lightgbm,tfidf,2,2
5210,lightgbm,structured,2,2
5210,lightgbm,tfidf,2,2
5211,lightgbm,structured,2,2
5211,lightgbm,tfidf,2,0
5214,lightgbm,structured,2,2
5214,lightgbm,tfidf,2,2
5227,lightgbm,structured,2,2
5227,lightgbm,tfidf,2,2
5241,lightgbm,structured,2,0
5241,lightgbm,tfidf,2,2
5246,lightgbm,structured,0,2
5246,lightgbm,tfidf,0,1
5247,lightgbm,structured,0,2
5247,lightgbm,tfidf,0,2
5250,lightgbm,structured,3,2
5250,lightgbm,tfidf,3,2
5252,lightgbm,structured,2,0
5252,lightgbm,tfidf,2,1
5260,lightgbm,structured,2,2
5260,lightgbm,tfidf,2,2
5261,lightgbm,structured,2,2
5261,lightgbm,tfidf,2,2
5276,lightgbm,structured,2,2
5276,lightgbm,tfidf,2,2
5277,lightgbm,structured,2,2
5277,lightgbm,tfidf,2,2
5288,lightgbm,structured,0,0
5288,lightgbm,tfidf,0,2
5290,lightgbm,structured,2,3
5290,lightgbm,tfidf,2,2
5298,lightgbm,structured,2,2
5298,lightgbm,tfidf,2,2
5302,lightgbm,structured,2,2
5302,lightgbm,tfidf,2,2
5315,lightgbm,structured,2,2
5315,lightgbm,tfidf,2,2
5317,lightgbm,structured,2,1
5317,lightgbm,tfidf,2,2
5324,lightgbm,structured,2,2
5324,lightgbm,tfidf,2,2
5329,lightgbm,structured,2,2
5329,lightgbm,tfidf,2,2
5332,lightgbm,structured,2,3
5332,lightgbm,tfidf,2,2
5335,lightgbm,structured,0,2
5335,lightgbm,tfidf,0,2
5339,lightgbm,structured,2,1
5339,lightgbm,tfidf,2,1
5340,lightgbm,structured,3,0
5340,lightgbm,tfidf,3,2
5348,lightgbm,structured,2,0
5348,lightgbm,tfidf,2,2
5352,lightgbm,structured,0,2
5352,lightgbm,tfidf,0,2
5358,lightgbm,structured,2,1
5358,lightgbm,tfidf,2,1
5359,lightgbm,structured,2,2
5359,lightgbm,tfidf,2,2
5364,lightgbm,structured,1,2
5364,lightgbm,tfidf,1,0
5367,lightgbm,structured,3,0
5367,lightgbm,tfidf,3,2
5368,lightgbm,structured,1,2
5368,lightgbm,tfidf,1,1
5374,lightgbm,structured,2,2
5374,lightgbm,tfidf,2,2
5377,lightgbm,structured,2,1
5377,lightgbm,tfidf,2,1
5384,lightgbm,structured,0,0
5384,lightgbm,tfidf,0,2
5385,lightgbm,structured,3,0
5385,lightgbm,tfidf,3,2
5391,lightgbm,structured,2,2
5391,lightgbm,tfidf,2,2
5392,lightgbm,structured,2,2
5392,lightgbm,tfidf,2,2
5393,lightgbm,structured,3,2
5393,lightgbm,tfidf,3,2
5408,lightgbm,structured,2,0
5408,lightgbm,tfidf,2,2
5413,lightgbm,structured,2,2
5413,lightgbm,tfidf,2,2
5418,lightgbm,structured,2,2
5418,lightgbm,tfidf,2,3
5421,lightgbm,structured,2,2
5421,lightgbm,tfidf,2,2
5423,lightgbm,structured,2,3
5423,lightgbm,tfidf,2,2
5425,lightgbm,structured,2,2
5425,lightgbm,tfidf,2,2
5426,lightgbm,structured,2,3
5426,lightgbm,tfidf,2,2
5429,lightgbm,structured,2,2
5429,lightgbm,tfidf,2,2
5430,lightgbm,structured,2,2
5430,lightgbm,tfidf,2,2
5432,lightgbm,structured,2,2
5432,lightgbm,tfidf,2,2
5441,lightgbm,structured,2,2
5441,lightgbm,tfidf,2,2
5446,lightgbm,structured,2,2
5446,lightgbm,tfidf,2,2
5453,lightgbm,structured,2,2
5453,lightgbm,tfidf,2,2
5470,lightgbm,structured,2,2
5470,lightgbm,tfidf,2,3
5480,lightgbm,structured,1,0
5480,lightgbm,tfidf,1,2
5482,lightgbm,structured,2,2
5482,lightgbm,tfidf,2,2
5483,lightgbm,structured,2,2
5483,lightgbm,tfidf,2,2
5485,lightgbm,structured,2,1
5485,lightgbm,tfidf,2,2
5499,lightgbm,structured,0,2
5499,lightgbm,tfidf,0,2
5503,lightgbm,structured,1,1
5503,lightgbm,tfidf,1,1
5511,lightgbm,structured,0,0
5511,lightgbm,tfidf,0,2
5515,lightgbm,structured,2,2
5515,lightgbm,tfidf,2,2
5518,lightgbm,structured,2,0
5518,lightgbm,tfidf,2,2
5526,lightgbm,structured,2,2
5526,lightgbm,tfidf,2,2
5527,lightgbm,structured,2,2
5527,lightgbm,tfidf,2,1
5537,lightgbm,structured,2,0
5537,lightgbm,tfidf,2,2
5540,lightgbm,structured,3,2
5540,lightgbm,tfidf,3,2
5544,lightgbm,structured,2,2
5544,lightgbm,tfidf,2,2
5559,lightgbm,structured,3,0
5559,lightgbm,tfidf,3,0
5565,lightgbm,structured,0,2
5565,lightgbm,tfidf,0,3
5566,lightgbm,structured,2,2
5566,lightgbm,tfidf,2,2
5570,lightgbm,structured,2,2
5570,lightgbm,tfidf,2,2
5573,lightgbm,structured,0,1
5573,lightgbm,tfidf,0,1
5587,lightgbm,structured,2,2
5587,lightgbm,tfidf,2,2
5591,lightgbm,structured,2,0
5591,lightgbm,tfidf,2,2
5593,lightgbm,structured,2,2
5593,lightgbm,tfidf,2,2
5594,lightgbm,structured,2,2
5594,lightgbm,tfidf,2,2
5596,lightgbm,structured,2,2
5596,lightgbm,tfidf,2,2
5599,lightgbm,structured,2,2
5599,lightgbm,tfidf,2,2
5602,lightgbm,structured,1,0
5602,lightgbm,tfidf,1,1
5607,lightgbm,structured,2,0
5607,lightgbm,tfidf,2,2
5613,lightgbm,structured,3,2
5613,lightgbm,tfidf,3,2
5617,lightgbm,structured,2,2
5617,lightgbm,tfidf,2,2
5625,lightgbm,structured,2,3
5625,lightgbm,tfidf,2,2
5627,lightgbm,structured,2,2
5627,lightgbm,tfidf,2,2
5628,lightgbm,structured,3,2
5628,lightgbm,tfidf,3,2
5633,lightgbm,structured,3,2
5633,lightgbm,tfidf,3,2
5638,lightgbm,structured,2,2
5638,lightgbm,tfidf,2,2
5650,lightgbm,structured,2,2
5650,lightgbm,tfidf,2,2
5651,lightgbm,structured,2,2
5651,lightgbm,tfidf,2,2
5654,lightgbm,structured,1,2
5654,lightgbm,tfidf,1,2
5659,lightgbm,structured,2,2
5659,lightgbm,tfidf,2,2
5661,lightgbm,structured,2,2
5661,lightgbm,tfidf,2,2
5662,lightgbm,structured,2,2
5662,lightgbm,tfidf,2,2
5666,lightgbm,structured,2,0
5666,lightgbm,tfidf,2,1
5669,lightgbm,structured,2,2
5669,lightgbm,tfidf,2,0
5671,lightgbm,structured,2,2
5671,lightgbm,tfidf,2,2
5673,lightgbm,structured,2,2
5673,lightgbm,tfidf,2,2
5696,lightgbm,structured,2,2
5696,lightgbm,tfidf,2,2
5698,lightgbm,structured,2,0
5698,lightgbm,tfidf,2,2
5699,lightgbm,structured,2,2
5699,lightgbm,tfidf,2,2
5700,lightgbm,structured,2,2
5700,lightgbm,tfidf,2,2
5718,lightgbm,structured,2,2
5718,lightgbm,tfidf,2,2
5723,lightgbm,structured,3,2
5723,lightgbm,tfidf,3,2
5725,lightgbm,structured,1,1
5725,lightgbm,tfidf,1,2
5728,lightgbm,structured,2,2
5728,lightgbm,tfidf,2,2
5736,lightgbm,structured,3,0
5736,lightgbm,tfidf,3,2
5740,lightgbm,structured,2,2
5740,lightgbm,tfidf,2,2
5762,lightgbm,structured,1,1
5762,lightgbm,tfidf,1,2
5763,lightgbm,structured,2,2
5763,lightgbm,tfidf,2,2
5768,lightgbm,structured,2,2
5768,lightgbm,tfidf,2,2
5789,lightgbm,structured,0,2
5789,lightgbm,tfidf,0,2
5797,lightgbm,structured,3,2
5797,lightgbm,tfidf,3,2
5801,lightgbm,structured,2,2
5801,lightgbm,tfidf,2,2
5805,lightgbm,structured,2,2
5805,lightgbm,tfidf,2,2
5806,lightgbm,structured,2,2
5806,lightgbm,tfidf,2,2
5821,lightgbm,structured,2,2
5821,lightgbm,tfidf,2,0
5828,lightgbm,structured,3,2
5828,lightgbm,tfidf,3,2
5836,lightgbm,structured,1,2
5836,lightgbm,tfidf,1,1
5837,lightgbm,structured,2,2
5837,lightgbm,tfidf,2,2
5839,lightgbm,structured,2,2
5839,lightgbm,tfidf,2,2
5840,lightgbm,structured,2,2
5840,lightgbm,tfidf,2,2
5850,lightgbm,structured,0,2
5850,lightgbm,tfidf,0,2
5854,lightgbm,structured,2,0
5854,lightgbm,tfidf,2,2
5864,lightgbm,structured,2,2
5864,lightgbm,tfidf,2,2
5865,lightgbm,structured,2,2
5865,lightgbm,tfidf,2,0
5869,lightgbm,structured,2,2
5869,lightgbm,tfidf,2,2
5872,lightgbm,structured,3,2
5872,lightgbm,tfidf,3,2
5887,lightgbm,structured,0,1
5887,lightgbm,tfidf,0,2
5890,lightgbm,structured,2,1
5890,lightgbm,tfidf,2,0
5903,lightgbm,structured,2,2
5903,lightgbm,tfidf,2,2
5906,lightgbm,structured,2,0
5906,lightgbm,tfidf,2,2
5909,lightgbm,structured,2,0
5909,lightgbm,tfidf,2,2
5912,lightgbm,structured,2,0
5912,lightgbm,tfidf,2,2
5915,lightgbm,structured,2,2
5915,lightgbm,tfidf,2,2
5919,lightgbm,structured,2,2
5919,lightgbm,tfidf,2,2
5921,lightgbm,structured,2,2
5921,lightgbm,tfidf,2,2
5924,lightgbm,structured,2,2
5924,lightgbm,tfidf,2,2
5932,lightgbm,structured,0,0
5932,lightgbm,tfidf,0,1
5937,lightgbm,structured,3,3
5937,lightgbm,tfidf,3,2
5940,lightgbm,structured,2,2
5940,lightgbm,tfidf,2,2
5951,lightgbm,structured,2,2
5951,lightgbm,tfidf,2,2
5966,lightgbm,structured,2,2
5966,lightgbm,tfidf,2,2
5995,lightgbm,structured,2,2
5995,lightgbm,tfidf,2,2
5999,lightgbm,structured,3,2
5999,lightgbm,tfidf,3,2
